date,player,bet_type,side,line,odds,win_probability,dtm,result,projection,stat_value,profit,be_prob,day,month
2026-05-08,A'ja Wilson,Assists,Under,3.5,-128,48.90%,-16.60%,WIN,3.5,2,3.91,56.10%,Friday,2026-05
2026-05-08,A'ja Wilson,Assists,Over,3.5,142,43.80%,4.30%,LOSS,3.7,2,-5,41.30%,Friday,2026-05
2026-05-08,A'ja Wilson,Assists,Under,4.5,-152,54.60%,-14.40%,WIN,4.5,4,3.29,60.30%,Friday,2026-05
2026-05-08,A'ja Wilson,Assists,Under,2.5,124,46.90%,4.00%,WIN,2.2,1,6.2,44.60%,Friday,2026-05
2026-05-08,A'ja Wilson,Assists,Over,3.5,-114,61.40%,17.40%,LOSS,7.9,2,-5,53.30%,Friday,2026-05
2026-05-08,A'ja Wilson,Assists,Under,4.5,-172,65.90%,7.30%,WIN,2.9,3,2.91,63.20%,Friday,2026-05
2026-05-08,A'ja Wilson,Assists,Under,2.5,105,49.80%,1.90%,WIN,2.3,0,5.25,48.80%,Friday,2026-05
2026-05-08,A'ja Wilson,Assists,Over,5.5,-154,61.50%,2.10%,WIN,7.4,6,3.25,60.60%,Friday,2026-05
2026-05-08,A'ja Wilson,Points,Under,10.5,100,54.40%,8.90%,LOSS,8.3,15,-5,50.00%,Friday,2026-05
2026-05-08,A'ja Wilson,Points,Under,18.5,-125,56.90%,3.00%,LOSS,17.5,31,-5,55.60%,Friday,2026-05
2026-05-08,A'ja Wilson,Points,Under,12.5,-135,60.50%,7.30%,LOSS,9.2,13,-5,57.40%,Friday,2026-05
2026-05-08,A'ja Wilson,Points,Under,14.5,-130,62.50%,13.70%,WIN,10.6,14,3.85,56.50%,Friday,2026-05
2026-05-08,A'ja Wilson,Points,Under,13.5,-104,56.50%,11.30%,LOSS,9.8,21,-5,51.00%,Friday,2026-05
2026-05-08,A'ja Wilson,Points,Over,11.5,-130,65.50%,20.60%,WIN,26.3,12,3.85,56.50%,Friday,2026-05
2026-05-08,A'ja Wilson,Points,Under,11.5,-108,52.50%,1.20%,WIN,10.6,7,4.63,51.90%,Friday,2026-05
2026-05-08,A'ja Wilson,Points,Over,9.5,-128,65.40%,21.00%,LOSS,25.8,6,-5,56.10%,Friday,2026-05
2026-05-08,A'ja Wilson,Points,Under,14.5,-114,59.00%,12.30%,WIN,11.2,10,4.39,53.30%,Friday,2026-05
2026-05-08,A'ja Wilson,Points,Under,13.5,-114,47.60%,-12.20%,WIN,13.1,13,4.39,53.30%,Friday,2026-05
2026-05-08,A'ja Wilson,Points,Under,13.5,-104,51.00%,0.00%,WIN,12.9,12,4.81,51.00%,Friday,2026-05
2026-05-08,A'ja Wilson,Points,Over,10.5,-102,50.80%,20.70%,LOSS,26.3,0,-5,50.50%,Friday,2026-05
2026-05-08,A'ja Wilson,Points,Over,14.5,-118,56.60%,5.40%,WIN,17.8,27,4.24,54.10%,Friday,2026-05
2026-05-08,A'ja Wilson,Points,Under,13.5,-132,62.60%,13.30%,WIN,10.7,6,3.79,56.90%,Friday,2026-05
2026-05-08,A'ja Wilson,Points,Under,9.5,-120,55.30%,1.70%,WIN,8.7,5,4.17,54.50%,Friday,2026-05
2026-05-08,A'ja Wilson,Points,Under,15.5,-106,53.00%,3.20%,LOSS,13.9,26,-5,51.50%,Friday,2026-05
2026-05-08,A'ja Wilson,Points,Under,11.5,100,51.10%,2.20%,LOSS,10.9,16,-5,50.00%,Friday,2026-05
2026-05-08,A'ja Wilson,Pts + Asts,Under,21.5,-106,53.80%,4.90%,LOSS,19.1,33,-5,51.50%,Friday,2026-05
2026-05-08,A'ja Wilson,Pts + Asts,Over,17.5,-106,51.90%,1.00%,LOSS,17.9,16,-5,51.50%,Friday,2026-05
2026-05-08,A'ja Wilson,Pts + Asts,Under,16.5,-130,56.80%,0.50%,WIN,14.4,11,3.85,56.50%,Friday,2026-05
2026-05-08,A'ja Wilson,Pts + Asts,Under,17.5,-112,57.40%,9.60%,WIN,12.6,11,4.46,52.80%,Friday,2026-05
2026-05-08,A'ja Wilson,Pts + Asts,Over,18.5,-112,52.80%,0.00%,WIN,20.4,29,4.46,52.80%,Friday,2026-05
2026-05-08,A'ja Wilson,Pts + Asts,Under,17.5,-122,58.00%,6.70%,WIN,13.6,9,4.1,55.00%,Friday,2026-05
2026-05-08,A'ja Wilson,Pts + Asts,Under,18.5,-132,57.60%,1.60%,LOSS,16.6,22,-5,56.90%,Friday,2026-05
2026-05-08,A'ja Wilson,Pts + Rebs,Under,24.5,-106,54.40%,6.10%,LOSS,23.3,41,-5,51.50%,Friday,2026-05
2026-05-08,A'ja Wilson,Pts + Rebs,Under,17.5,-104,54.30%,6.80%,LOSS,13,19,-5,51.00%,Friday,2026-05
2026-05-08,A'ja Wilson,Pts + Rebs,Under,17.5,-108,54.60%,5.60%,WIN,15.4,17,4.63,51.90%,Friday,2026-05
2026-05-08,A'ja Wilson,Pts + Rebs,Under,21.5,-114,61.40%,17.40%,LOSS,12.6,29,-5,53.30%,Friday,2026-05
2026-05-08,A'ja Wilson,Pts + Rebs,Under,16.5,-130,57.00%,1.10%,WIN,14.8,13,3.85,56.50%,Friday,2026-05
2026-05-08,A'ja Wilson,Pts + Rebs,Under,23.5,-122,60.00%,11.30%,WIN,18.9,15,4.1,55.00%,Friday,2026-05
2026-05-08,A'ja Wilson,Pts + Rebs,Over,20.5,-102,51.10%,1.30%,WIN,21.4,21,4.9,50.50%,Friday,2026-05
2026-05-08,A'ja Wilson,Pts + Rebs,Under,23.5,-128,58.20%,4.70%,LOSS,22.1,28,-5,56.10%,Friday,2026-05
2026-05-08,A'ja Wilson,Pts + Rebs,Over,16.5,-108,62.80%,22.50%,LOSS,40.1,5,-5,51.90%,Friday,2026-05
2026-05-08,A'ja Wilson,Pts + Rebs,Over,18.5,-122,56.00%,2.40%,WIN,21.2,34,4.1,55.00%,Friday,2026-05
2026-05-08,A'ja Wilson,Pts + Rebs,Under,19.5,-106,56.10%,9.50%,LOSS,16.6,28,-5,51.50%,Friday,2026-05
2026-05-08,A'ja Wilson,Pts + Rebs,Over,16.5,-106,52.30%,1.80%,WIN,17.1,18,4.72,51.50%,Friday,2026-05
2026-05-08,A'ja Wilson,Rebs + Asts,Under,10.5,-146,62.90%,8.70%,LOSS,8.5,12,-5,59.30%,Friday,2026-05
2026-05-08,A'ja Wilson,Rebs + Asts,Over,6.5,-122,60.20%,11.50%,LOSS,7.9,5,-5,55.00%,Friday,2026-05
2026-05-08,A'ja Wilson,Rebs + Asts,Under,8.5,-110,52.40%,0.10%,LOSS,8.2,10,-5,52.40%,Friday,2026-05
2026-05-08,A'ja Wilson,Rebs + Asts,Under,12.5,-106,56.00%,9.30%,WIN,10.5,6,4.72,51.50%,Friday,2026-05
2026-05-08,A'ja Wilson,Rebs + Asts,Over,7.5,-122,61.20%,13.90%,WIN,10.6,9,4.1,55.00%,Friday,2026-05
2026-05-08,A'ja Wilson,Rebs + Asts,Over,10.5,-104,52.60%,3.30%,LOSS,11.9,8,-5,51.00%,Friday,2026-05
2026-05-08,A'ja Wilson,Threes,Under,1.5,118,59.00%,24.30%,WIN,0.27,0,5.9,45.90%,Friday,2026-05
2026-05-08,A'ja Wilson,Threes,Over,0.5,-188,69.70%,12.70%,LOSS,1.4,0,-5,65.30%,Friday,2026-05
2026-05-08,A'ja Wilson,Threes,Under,0.5,-110,49.20%,-6.70%,WIN,0,0,4.55,52.40%,Friday,2026-05
2026-05-08,A'ja Wilson,Threes,Over,1.5,126,66.10%,39.30%,WIN,5.2,3,6.3,44.20%,Friday,2026-05
2026-05-08,A'ja Wilson,Threes,Under,1.5,-182,67.80%,9.20%,WIN,0.59,1,2.75,64.50%,Friday,2026-05
2026-05-08,A'ja Wilson,Threes,Under,1.5,-114,54.00%,1.50%,WIN,1.5,1,4.39,53.30%,Friday,2026-05
2026-05-08,A'ja Wilson,Threes,Over,1.5,-122,60.00%,11.20%,WIN,2.7,3,4.1,55.00%,Friday,2026-05
2026-05-08,A'ja Wilson,Threes,Under,0.5,-280,60.30%,-50.80%,WIN,0.08,0,1.79,73.70%,Friday,2026-05
2026-05-08,A'ja Wilson,Threes,Over,1.5,-172,75.90%,34.60%,WIN,4.1,3,2.91,63.20%,Friday,2026-05
2026-05-08,A'ja Wilson,Threes,Under,1.5,138,51.00%,15.50%,WIN,0.94,0,6.9,42.00%,Friday,2026-05
2026-05-08,A'ja Wilson,Threes,Over,1.5,-178,64.10%,0.10%,WIN,2.2,3,2.81,64.00%,Friday,2026-05
2026-05-08,A'ja Wilson,Threes,Under,1.5,-146,62.70%,8.30%,LOSS,0.78,2,-5,59.30%,Friday,2026-05
2026-05-09,A'ja Wilson,Assists,Under,3.5,-192,57.50%,-24.10%,LOSS,3.2,4,-5,65.80%,Saturday,2026-05
2026-05-09,A'ja Wilson,Assists,Over,2.5,-160,61.90%,1.00%,LOSS,3.1,2,-5,61.50%,Saturday,2026-05
2026-05-09,A'ja Wilson,Assists,Over,2.5,-162,56.70%,-13.50%,WIN,2.9,3,3.09,61.80%,Saturday,2026-05
2026-05-09,A'ja Wilson,Assists,Over,3.5,-132,56.40%,-1.10%,LOSS,4.2,3,-5,56.90%,Saturday,2026-05
2026-05-09,A'ja Wilson,Assists,Under,8.5,106,50.50%,3.70%,LOSS,7.9,9,-5,48.50%,Saturday,2026-05
2026-05-09,A'ja Wilson,Assists,Over,3.5,-106,54.20%,5.60%,WIN,4.6,5,4.72,51.50%,Saturday,2026-05
2026-05-09,A'ja Wilson,Assists,Over,8.5,-136,62.00%,10.30%,LOSS,10.8,7,-5,57.60%,Saturday,2026-05
2026-05-09,A'ja Wilson,Assists,Under,2.5,128,48.30%,8.00%,LOSS,2.5,3,-5,43.90%,Saturday,2026-05
2026-05-09,A'ja Wilson,Assists,Over,5.5,128,47.60%,6.60%,WIN,7,6,6.4,43.90%,Saturday,2026-05
2026-05-09,A'ja Wilson,Assists,Over,5.5,-136,50.50%,-16.90%,LOSS,6.3,5,-5,57.60%,Saturday,2026-05
2026-05-09,A'ja Wilson,Assists,Over,4.5,-158,60.20%,-2.70%,LOSS,5.7,3,-5,61.20%,Saturday,2026-05
2026-05-09,A'ja Wilson,Assists,Over,5.5,102,52.00%,4.90%,WIN,6.9,6,5.1,49.50%,Saturday,2026-05
2026-05-09,A'ja Wilson,Assists,Under,3.5,-172,54.90%,-22.80%,WIN,3.3,3,2.91,63.20%,Saturday,2026-05
2026-05-09,A'ja Wilson,Assists,Over,5.5,118,54.30%,15.50%,WIN,8.9,8,5.9,45.90%,Saturday,2026-05
2026-05-09,A'ja Wilson,Assists,Under,5.5,-114,54.90%,3.50%,WIN,4.9,4,4.39,53.30%,Saturday,2026-05
2026-05-09,A'ja Wilson,Assists,Over,3.5,-172,58.30%,-13.50%,WIN,4.3,5,2.91,63.20%,Saturday,2026-05
2026-05-09,A'ja Wilson,Assists,Over,5.5,-158,56.70%,-11.80%,WIN,6.6,7,3.16,61.20%,Saturday,2026-05
2026-05-09,A'ja Wilson,Points,Over,23.5,-125,56.40%,2.00%,LOSS,25.4,19,-5,55.60%,Saturday,2026-05
2026-05-09,A'ja Wilson,Points,Under,10.5,100,54.50%,8.90%,WIN,8.3,6,5,50.00%,Saturday,2026-05
2026-05-09,A'ja Wilson,Points,Over,16.5,-128,57.10%,2.20%,WIN,18.6,24,3.91,56.10%,Saturday,2026-05
2026-05-09,A'ja Wilson,Points,Over,15.5,100,51.10%,2.10%,WIN,16.1,23,5,50.00%,Saturday,2026-05
2026-05-09,A'ja Wilson,Points,Over,14.5,-130,49.50%,-16.10%,WIN,14.9,20,3.85,56.50%,Saturday,2026-05
2026-05-09,A'ja Wilson,Points,Over,13.5,-122,52.80%,-4.70%,LOSS,13.9,11,-5,55.00%,Saturday,2026-05
2026-05-09,A'ja Wilson,Points,Over,15.5,100,51.30%,2.60%,WIN,15.8,22,5,50.00%,Saturday,2026-05
2026-05-09,A'ja Wilson,Points,Over,9.5,100,60.70%,21.30%,LOSS,26.3,3,-5,50.00%,Saturday,2026-05
2026-05-09,A'ja Wilson,Points,Under,13.5,-122,59.60%,10.40%,WIN,9.9,13,4.1,55.00%,Saturday,2026-05
2026-05-09,A'ja Wilson,Points,Under,19.5,-115,58.70%,11.20%,LOSS,14.9,20,-5,53.50%,Saturday,2026-05
2026-05-09,A'ja Wilson,Points,Under,14.5,-110,59.10%,14.20%,LOSS,9.5,18,-5,52.40%,Saturday,2026-05
2026-05-09,A'ja Wilson,Points,Over,10.5,-125,58.40%,6.30%,LOSS,13.1,4,-5,55.60%,Saturday,2026-05
2026-05-09,A'ja Wilson,Points,Under,14.5,-130,55.00%,-3.50%,WIN,13.2,14,3.85,56.50%,Saturday,2026-05
2026-05-09,A'ja Wilson,Points,Under,12.5,-110,55.60%,6.70%,LOSS,9.8,13,-5,52.40%,Saturday,2026-05
2026-05-09,A'ja Wilson,Points,Over,15.5,-118,57.50%,7.40%,LOSS,19.6,12,-5,54.10%,Saturday,2026-05
2026-05-09,A'ja Wilson,Points,Under,10.5,-130,54.80%,5.20%,LOSS,8.8,12,-5,56.50%,Saturday,2026-05
2026-05-09,A'ja Wilson,Points,Under,17.5,100,54.80%,9.50%,WIN,14.7,13,5,50.00%,Saturday,2026-05
2026-05-09,A'ja Wilson,Points,Over,13.5,-108,52.20%,0.50%,WIN,13.8,22,4.63,51.90%,Saturday,2026-05
2026-05-09,A'ja Wilson,Points,Under,15.5,-118,55.10%,2.10%,LOSS,13.9,18,-5,54.10%,Saturday,2026-05
2026-05-09,A'ja Wilson,Points,Over,18.5,-125,50.90%,-10.50%,WIN,21.6,30,4,55.60%,Saturday,2026-05
2026-05-09,A'ja Wilson,Points,Under,11.5,-110,56.00%,7.60%,WIN,8.8,8,4.55,52.40%,Saturday,2026-05
2026-05-09,A'ja Wilson,Points,Under,12.5,-104,54.10%,6.30%,WIN,10.2,6,4.81,51.00%,Saturday,2026-05
2026-05-09,A'ja Wilson,Points,Over,11.5,-130,65.40%,20.50%,WIN,26.1,21,3.85,56.50%,Saturday,2026-05
2026-05-09,A'ja Wilson,Points,Over,18.5,-118,53.60%,-1.20%,WIN,19.2,20,4.24,54.10%,Saturday,2026-05
2026-05-09,A'ja Wilson,Points,Over,16.5,-113,54.10%,2.30%,LOSS,18.4,15,-5,53.10%,Saturday,2026-05
2026-05-09,A'ja Wilson,Points,Under,16.5,-128,57.70%,3.60%,LOSS,13.9,19,-5,56.10%,Saturday,2026-05
2026-05-09,A'ja Wilson,Points,Under,15.5,-122,56.30%,3.00%,LOSS,14.3,21,-5,55.00%,Saturday,2026-05
2026-05-09,A'ja Wilson,Pts + Asts,Over,27.5,-106,54.40%,6.10%,LOSS,30.7,23,-5,51.50%,Saturday,2026-05
2026-05-09,A'ja Wilson,Pts + Asts,Under,19.5,-104,51.90%,1.90%,LOSS,18.7,27,-5,51.00%,Saturday,2026-05
2026-05-09,A'ja Wilson,Pts + Asts,Over,18.5,-130,49.80%,-15.60%,WIN,19.6,26,3.85,56.50%,Saturday,2026-05
2026-05-09,A'ja Wilson,Pts + Asts,Under,24.5,-125,56.90%,3.10%,LOSS,22.9,29,-5,55.60%,Saturday,2026-05
2026-05-09,A'ja Wilson,Pts + Asts,Under,28.5,-114,58.60%,11.40%,WIN,24.7,27,4.39,53.30%,Saturday,2026-05
2026-05-09,A'ja Wilson,Pts + Asts,Under,18.5,-106,56.80%,11.20%,WIN,12,21,4.72,51.50%,Saturday,2026-05
2026-05-09,A'ja Wilson,Pts + Asts,Over,16.5,-114,55.20%,4.10%,LOSS,20.4,10,-5,53.30%,Saturday,2026-05
2026-05-09,A'ja Wilson,Pts + Asts,Over,19.5,-132,49.10%,-18.10%,LOSS,19.7,20,-5,56.90%,Saturday,2026-05
2026-05-09,A'ja Wilson,Pts + Asts,Over,20.5,-125,58.80%,7.20%,LOSS,25.7,15,-5,55.60%,Saturday,2026-05
2026-05-09,A'ja Wilson,Pts + Asts,Under,16.5,-130,52.80%,-8.50%,LOSS,15.8,18,-5,56.50%,Saturday,2026-05
2026-05-09,A'ja Wilson,Pts + Asts,Under,18.5,-112,53.90%,2.30%,LOSS,17,22,-5,52.80%,Saturday,2026-05
2026-05-09,A'ja Wilson,Pts + Asts,Over,17.5,-108,61.30%,19.50%,WIN,31.8,29,4.63,51.90%,Saturday,2026-05
2026-05-09,A'ja Wilson,Pts + Asts,Over,24.5,-118,46.50%,-16.60%,LOSS,25.3,24,-5,54.10%,Saturday,2026-05
2026-05-09,A'ja Wilson,Pts + Asts,Over,20.5,-118,55.50%,3.10%,LOSS,23,20,-5,54.10%,Saturday,2026-05
2026-05-09,A'ja Wilson,Pts + Asts,Under,21.5,-114,55.20%,4.20%,LOSS,19.2,28,-5,53.30%,Saturday,2026-05
2026-05-09,A'ja Wilson,Pts + Rebs,Over,34.5,-114,52.80%,-0.90%,LOSS,35.1,35.1,-5,53.30%,Saturday,2026-05
2026-05-09,A'ja Wilson,Pts + Rebs,Under,17.5,-114,56.30%,6.60%,WIN,12.5,9,4.39,53.30%,Saturday,2026-05
2026-05-09,A'ja Wilson,Pts + Rebs,Over,23.5,-112,53.30%,0.90%,WIN,25,27,4.46,52.80%,Saturday,2026-05
2026-05-09,A'ja Wilson,Pts + Rebs,Over,21.5,-120,53.70%,-1.80%,WIN,23.4,32,4.17,54.50%,Saturday,2026-05
2026-05-09,A'ja Wilson,Pts + Rebs,Over,24.5,-102,51.60%,2.30%,WIN,25.8,26,4.9,50.50%,Saturday,2026-05
2026-05-09,A'ja Wilson,Pts + Rebs,Over,25.5,-128,56.30%,0.40%,LOSS,28.2,25,-5,56.10%,Saturday,2026-05
2026-05-09,A'ja Wilson,Pts + Rebs,Under,17.5,-112,55.50%,5.60%,WIN,14.4,14,4.46,52.80%,Saturday,2026-05
2026-05-09,A'ja Wilson,Pts + Rebs,Under,24.5,-110,59.20%,14.30%,LOSS,18.8,25,-5,52.40%,Saturday,2026-05
2026-05-09,A'ja Wilson,Pts + Rebs,Over,15.5,-105,50.50%,-2.10%,LOSS,16.1,5,-5,51.20%,Saturday,2026-05
2026-05-09,A'ja Wilson,Pts + Rebs,Under,18.5,-104,51.00%,0.00%,LOSS,18.2,20,-5,51.00%,Saturday,2026-05
2026-05-09,A'ja Wilson,Pts + Rebs,Over,20.5,-102,55.70%,10.50%,LOSS,25.2,18,-5,50.50%,Saturday,2026-05
2026-05-09,A'ja Wilson,Pts + Rebs,Under,21.5,-118,60.30%,13.40%,WIN,16.7,13,4.24,54.10%,Saturday,2026-05
2026-05-09,A'ja Wilson,Pts + Rebs,Over,22.5,-114,46.60%,-14.40%,WIN,22.9,36,4.39,53.30%,Saturday,2026-05
2026-05-09,A'ja Wilson,Pts + Rebs,Under,20.5,-130,62.70%,14.20%,WIN,13.7,15,3.85,56.50%,Saturday,2026-05
2026-05-09,A'ja Wilson,Pts + Rebs,Over,17.5,100,61.30%,22.50%,WIN,39.6,24,5,50.00%,Saturday,2026-05
2026-05-09,A'ja Wilson,Pts + Rebs,Over,22.5,-128,49.20%,-15.80%,WIN,23.7,23,3.91,56.10%,Saturday,2026-05
2026-05-09,A'ja Wilson,Pts + Rebs,Over,20.5,-125,55.80%,0.50%,WIN,22.1,21,4,55.60%,Saturday,2026-05
2026-05-09,A'ja Wilson,Pts + Rebs,Under,19.5,-118,58.40%,9.30%,LOSS,16.4,26,-5,54.10%,Saturday,2026-05
2026-05-09,A'ja Wilson,Rebs + Asts,Under,13.5,-118,57.50%,7.40%,WIN,12.2,8,4.24,54.10%,Saturday,2026-05
2026-05-09,A'ja Wilson,Rebs + Asts,Over,12.5,108,51.40%,6.30%,LOSS,14.6,7,-5,48.10%,Saturday,2026-05
2026-05-09,A'ja Wilson,Rebs + Asts,Over,7.5,-122,57.60%,6.00%,WIN,8.5,11,4.1,55.00%,Saturday,2026-05
2026-05-09,A'ja Wilson,Rebs + Asts,Under,17.5,-108,51.10%,-1.80%,WIN,17.4,15,4.63,51.90%,Saturday,2026-05
2026-05-09,A'ja Wilson,Rebs + Asts,Under,14.5,-130,57.40%,2.00%,WIN,14.1,12,3.85,56.50%,Saturday,2026-05
2026-05-09,A'ja Wilson,Rebs + Asts,Over,8.5,-152,62.70%,6.00%,LOSS,10.9,7,-5,60.30%,Saturday,2026-05
2026-05-09,A'ja Wilson,Rebs + Asts,Over,10.5,-118,47.00%,-15.60%,WIN,11.2,12,4.24,54.10%,Saturday,2026-05
2026-05-09,A'ja Wilson,Rebs + Asts,Over,9.5,-102,53.80%,6.60%,LOSS,11.4,9,-5,50.50%,Saturday,2026-05
2026-05-09,A'ja Wilson,Rebs + Asts,Over,10.5,100,60.90%,21.80%,WIN,16.5,11,5,50.00%,Saturday,2026-05
2026-05-09,A'ja Wilson,Rebs + Asts,Under,9.5,-114,53.30%,0.10%,WIN,9.1,7,4.39,53.30%,Saturday,2026-05
2026-05-09,A'ja Wilson,Rebs + Asts,Under,8.5,-136,52.90%,-11.20%,LOSS,8.2,11,-5,57.60%,Saturday,2026-05
2026-05-09,A'ja Wilson,Threes,Under,1.5,-188,67.30%,5.70%,WIN,0.68,0,2.66,65.30%,Saturday,2026-05
2026-05-09,A'ja Wilson,Threes,Over,1.5,-166,62.50%,0.20%,LOSS,2.1,1,-5,62.40%,Saturday,2026-05
2026-05-09,A'ja Wilson,Threes,Under,1.5,132,51.50%,14.80%,LOSS,0.96,3,-5,43.10%,Saturday,2026-05
2026-05-09,Aaliyah Edwards,Threes,Over,2.5,140,63.70%,37.80%,LOSS,5.5,1,-5,41.70%,Saturday,2026-05
2026-05-09,Aaliyah Edwards,Threes,Over,1.5,-200,77.70%,33.00%,WIN,4,3,2.5,66.70%,Saturday,2026-05
2026-05-09,Aaliyah Edwards,Threes,Under,2.5,108,54.20%,11.70%,WIN,2.2,2,5.4,48.10%,Saturday,2026-05
2026-05-09,Aaliyah Edwards,Threes,Over,1.5,-108,49.40%,-5.20%,LOSS,1.7,0,-5,51.90%,Saturday,2026-05
2026-05-09,Aaliyah Edwards,Threes,Under,1.5,-186,57.30%,-22.00%,WIN,1.4,0,2.69,65.00%,Saturday,2026-05
2026-05-09,Aaliyah Edwards,Threes,Over,1.5,-166,52.00%,-1.20%,WIN,2.4,2,3.01,62.40%,Saturday,2026-05
2026-05-09,Aaliyah Edwards,Threes,Under,1.5,124,52.90%,15.00%,WIN,0.9,0,6.2,44.60%,Saturday,2026-05
2026-05-09,Aaliyah Edwards,Threes,Over,2.5,116,46.00%,-0.60%,LOSS,2.8,2,-5,46.30%,Saturday,2026-05
2026-05-09,Aaliyah Edwards,Threes,Over,2.5,-104,52.10%,2.30%,LOSS,3.2,2,-5,51.00%,Saturday,2026-05
2026-05-09,Aaliyah Edwards,Threes,Over,1.5,114,67.60%,39.20%,LOSS,6,1,-5,46.70%,Saturday,2026-05
2026-05-09,Aaliyah Edwards,Threes,Under,1.5,-186,59.30%,-16.40%,WIN,1.2,1,2.69,65.00%,Saturday,2026-05
2026-05-09,Aaliyah Edwards,Threes,Over,2.5,-132,54.10%,-6.50%,WIN,3.3,3,3.79,56.90%,Saturday,2026-05
2026-05-09,Aaliyah Edwards,Threes,Over,1.5,100,54.40%,8.90%,LOSS,2,1,-5,50.00%,Saturday,2026-05
2026-05-09,Aaliyah Edwards,Threes,Over,1.5,108,47.20%,-1.60%,WIN,1.6,2,5.4,48.10%,Saturday,2026-05
2026-05-10,Aaliyah Edwards,Assists,Under,3.5,-120,56.70%,4.70%,WIN,2.6,3,4.17,54.50%,Sunday,2026-05
2026-05-10,Aaliyah Edwards,Assists,Under,8.5,102,54.60%,10.10%,LOSS,7.8,11,-5,49.50%,Sunday,2026-05
2026-05-10,Aaliyah Edwards,Assists,Over,3.5,-102,51.00%,1.10%,LOSS,3.6,3,-5,50.50%,Sunday,2026-05
2026-05-10,Aaliyah Edwards,Assists,Over,3.5,102,53.60%,8.10%,LOSS,4.8,0,-5,49.50%,Sunday,2026-05
2026-05-10,Aaliyah Edwards,Assists,Under,3.5,102,51.30%,3.60%,LOSS,3,4,-5,49.50%,Sunday,2026-05
2026-05-10,Aaliyah Edwards,Assists,Over,4.5,-162,67.50%,15.00%,WIN,8.2,5,3.09,61.80%,Sunday,2026-05
2026-05-10,Aaliyah Edwards,Assists,Under,3.5,-162,63.10%,3.20%,WIN,2.3,1,3.09,61.80%,Sunday,2026-05
2026-05-10,Alanna Smith,Assists,Over,3.5,-146,62.50%,7.70%,LOSS,5.3,3,-5,59.30%,Sunday,2026-05
2026-05-10,Alanna Smith,Assists,Under,4.5,-158,61.60%,1.00%,LOSS,3.6,7,-5,61.20%,Sunday,2026-05
2026-05-10,Alanna Smith,Assists,Under,5.5,-130,56.90%,1.00%,LOSS,5.7,9,-5,56.50%,Sunday,2026-05
2026-05-10,Alanna Smith,Assists,Under,2.5,106,49.30%,1.50%,WIN,2.4,2,5.3,48.50%,Sunday,2026-05
2026-05-10,Alanna Smith,Assists,Over,5.5,100,52.20%,4.30%,LOSS,6.8,2,-5,50.00%,Sunday,2026-05
2026-05-10,Alanna Smith,Assists,Under,4.5,106,54.40%,11.30%,WIN,2.9,3,5.3,48.50%,Sunday,2026-05
2026-05-10,Alanna Smith,Assists,Under,5.5,-172,68.50%,14.20%,WIN,3,3,2.91,63.20%,Sunday,2026-05
2026-05-10,Alanna Smith,Assists,Under,2.5,110,50.80%,6.00%,WIN,1.3,2,5.5,47.60%,Sunday,2026-05
2026-05-10,Alanna Smith,Assists,Over,5.5,-158,61.80%,1.50%,WIN,7.3,12,3.16,61.20%,Sunday,2026-05
2026-05-10,Alanna Smith,Points,Over,23.5,-114,57.00%,8.00%,LOSS,27.6,19,-5,53.30%,Sunday,2026-05
2026-05-10,Alanna Smith,Points,Over,14.5,-122,56.10%,2.50%,WIN,16.1,19,4.1,55.00%,Sunday,2026-05
2026-05-10,Aliyah Boston,Points,Under,12.5,-113,58.50%,11.70%,LOSS,8,17,-5,53.10%,Sunday,2026-05
2026-05-10,Aliyah Boston,Points,Over,12.5,-108,52.10%,0.30%,LOSS,12.6,8,-5,51.90%,Sunday,2026-05
2026-05-10,Aliyah Boston,Points,Over,11.5,-104,53.90%,5.90%,LOSS,13,3,-5,51.00%,Sunday,2026-05
2026-05-10,Aliyah Boston,Points,Under,20.5,100,52.30%,4.60%,LOSS,18.9,23,-5,50.00%,Sunday,2026-05
2026-05-10,Aliyah Boston,Points,Under,13.5,-128,61.80%,13.00%,LOSS,8,16,-5,56.10%,Sunday,2026-05
2026-05-10,Aliyah Boston,Points,Under,12.5,-130,55.30%,-2.70%,LOSS,11.9,16,-5,56.50%,Sunday,2026-05
2026-05-10,Aliyah Boston,Points,Under,12.5,100,53.40%,6.80%,WIN,10,5,5,50.00%,Sunday,2026-05
2026-05-10,Aliyah Boston,Points,Over,15.5,-125,56.40%,1.80%,LOSS,17.8,12,-5,55.60%,Sunday,2026-05
2026-05-10,Aliyah Boston,Points,Under,8.5,-110,56.60%,8.80%,LOSS,4.9,13,-5,52.40%,Sunday,2026-05
2026-05-10,Aliyah Boston,Points,Under,16.5,100,59.00%,18.10%,WIN,9.4,6,5,50.00%,Sunday,2026-05
2026-05-10,Aliyah Boston,Points,Under,12.5,100,53.40%,6.90%,LOSS,10.5,16,-5,50.00%,Sunday,2026-05
2026-05-10,Aliyah Boston,Points,Under,11.5,-104,53.70%,5.60%,LOSS,9.4,19,-5,51.00%,Sunday,2026-05
2026-05-10,Aliyah Boston,Points,Under,8.5,100,54.70%,9.40%,WIN,4.4,7,5,50.00%,Sunday,2026-05
2026-05-10,Aliyah Boston,Points,Over,17.5,-110,54.60%,4.70%,WIN,19.6,20,4.55,52.40%,Sunday,2026-05
2026-05-10,Aliyah Boston,Points,Over,11.5,-128,56.50%,0.80%,WIN,12.2,21,3.91,56.10%,Sunday,2026-05
2026-05-10,Aliyah Boston,Points,Under,15.5,-135,63.80%,15.00%,WIN,10.9,13,3.7,57.40%,Sunday,2026-05
2026-05-10,Aliyah Boston,Points,Over,8.5,100,60.20%,20.30%,WIN,20.1,16,5,50.00%,Sunday,2026-05
2026-05-10,Aliyah Boston,Points,Under,17.5,-102,55.10%,9.30%,WIN,14.8,11,4.9,50.50%,Sunday,2026-05
2026-05-10,Aliyah Boston,Points,Over,12.5,-102,52.50%,4.00%,WIN,14.3,19,4.9,50.50%,Sunday,2026-05
2026-05-10,Aliyah Boston,Points,Over,15.5,-125,57.20%,3.60%,WIN,18.2,27,4,55.60%,Sunday,2026-05
2026-05-10,Aliyah Boston,Points,Under,7.5,-130,56.30%,-0.60%,LOSS,6.6,12,-5,56.50%,Sunday,2026-05
2026-05-10,Aliyah Boston,Points,Under,13.5,-104,47.00%,-8.10%,LOSS,13.4,20,-5,51.00%,Sunday,2026-05
2026-05-10,Aliyah Boston,Points,Under,10.5,-130,59.80%,7.50%,LOSS,7.8,25,-5,56.50%,Sunday,2026-05
2026-05-10,Aliyah Boston,Points,Under,7.5,-125,57.60%,4.50%,LOSS,5.7,12,-5,55.60%,Sunday,2026-05
2026-05-10,Aliyah Boston,Points,Under,7.5,-118,56.40%,5.10%,LOSS,5.1,11,-5,54.10%,Sunday,2026-05
2026-05-10,Aliyah Boston,Points,Under,13.5,-108,58.20%,13.00%,WIN,8.4,11,4.63,51.90%,Sunday,2026-05
2026-05-10,Aliyah Boston,Points,Over,16.5,-128,56.80%,1.40%,WIN,18.4,19,3.91,56.10%,Sunday,2026-05
2026-05-10,Aliyah Boston,Points,Under,10.5,-122,58.80%,8.50%,WIN,7.3,2,4.1,55.00%,Sunday,2026-05
2026-05-10,Aliyah Boston,Points,Over,12.5,-104,52.90%,3.90%,WIN,14.3,16,4.81,51.00%,Sunday,2026-05
2026-05-10,Aliyah Boston,Points,Under,15.5,-108,53.50%,3.30%,LOSS,14,17,-5,51.90%,Sunday,2026-05
2026-05-10,Aliyah Boston,Points,Under,8.5,-125,59.00%,7.80%,WIN,3.6,6,4,55.60%,Sunday,2026-05
2026-05-10,Aliyah Boston,Points,Under,12.5,-108,55.00%,6.40%,LOSS,10.6,13,-5,51.90%,Sunday,2026-05
2026-05-10,Aliyah Boston,Pts + Asts,Over,27.5,-108,54.20%,4.80%,LOSS,30.1,22,-5,51.90%,Sunday,2026-05
2026-05-10,Aliyah Boston,Pts + Asts,Over,23.5,-130,48.60%,-18.20%,WIN,23.7,30,3.85,56.50%,Sunday,2026-05
2026-05-10,Aliyah Boston,Pts + Asts,Over,15.5,-132,56.50%,-1.00%,LOSS,17,11,-5,56.90%,Sunday,2026-05
2026-05-10,Aliyah Boston,Pts + Asts,Over,14.5,-128,58.50%,5.40%,LOSS,17.5,3,-5,56.10%,Sunday,2026-05
2026-05-10,Aliyah Boston,Pts + Asts,Under,24.5,-102,54.10%,7.30%,LOSS,21.6,27,-5,50.50%,Sunday,2026-05
2026-05-10,Aliyah Boston,Pts + Asts,Over,17.5,-108,52.80%,1.90%,WIN,19.1,21,4.63,51.90%,Sunday,2026-05
2026-05-10,Aliyah Boston,Pts + Asts,Over,19.5,-108,54.40%,5.10%,LOSS,22.2,13,-5,51.90%,Sunday,2026-05
2026-05-10,Aliyah Boston,Pts + Asts,Under,15.5,-102,51.40%,1.80%,LOSS,13.4,22,-5,50.50%,Sunday,2026-05
2026-05-10,Aliyah Boston,Pts + Asts,Under,13.5,-120,52.80%,-3.70%,LOSS,8.3,14,-5,54.50%,Sunday,2026-05
2026-05-10,Aliyah Boston,Pts + Asts,Over,22.5,-130,55.80%,-1.60%,WIN,25.3,29,3.85,56.50%,Sunday,2026-05
2026-05-10,Aliyah Boston,Pts + Asts,Under,17.5,-104,55.90%,10.10%,WIN,11.2,15,4.81,51.00%,Sunday,2026-05
2026-05-10,Aliyah Boston,Pts + Asts,Over,21.5,-114,55.40%,4.50%,WIN,25,29,4.39,53.30%,Sunday,2026-05
2026-05-10,Aliyah Boston,Pts + Asts,Under,18.5,-108,57.30%,11.10%,WIN,11.4,14,4.63,51.90%,Sunday,2026-05
2026-05-10,Aliyah Boston,Pts + Asts,Under,15.5,-118,56.50%,5.20%,WIN,9.7,5,4.24,54.10%,Sunday,2026-05
2026-05-10,Aliyah Boston,Pts + Asts,Under,18.5,-108,54.60%,5.50%,LOSS,15.6,19,-5,51.90%,Sunday,2026-05
2026-05-10,Aliyah Boston,Pts + Asts,Under,18.5,100,52.70%,5.40%,LOSS,16.1,25,-5,50.00%,Sunday,2026-05
2026-05-10,Aliyah Boston,Pts + Rebs,Under,35.5,-118,50.60%,-7.80%,WIN,35.4,23,4.24,54.10%,Sunday,2026-05
2026-05-10,Aliyah Boston,Pts + Rebs,Over,23.5,-128,55.40%,-1.70%,WIN,25.1,28,3.91,56.10%,Sunday,2026-05
2026-05-10,Aliyah Boston,Pts + Rebs,Under,21.5,-112,60.20%,15.60%,LOSS,14.4,33,-5,52.80%,Sunday,2026-05
2026-05-10,Aliyah Boston,Pts + Rebs,Under,15.5,-108,52.50%,1.10%,WIN,15.4,12,4.63,51.90%,Sunday,2026-05
2026-05-10,Aliyah Boston,Pts + Rebs,Over,14.5,-118,52.70%,-3.20%,LOSS,14.7,5,-5,54.10%,Sunday,2026-05
2026-05-10,Aliyah Boston,Pts + Rebs,Under,28.5,-114,56.80%,7.50%,LOSS,25.4,32,-5,53.30%,Sunday,2026-05
2026-05-10,Aliyah Boston,Pts + Rebs,Under,19.5,-114,60.30%,14.90%,LOSS,11.6,22,-5,53.30%,Sunday,2026-05
2026-05-10,Aliyah Boston,Pts + Rebs,Under,16.5,-132,56.90%,0.00%,LOSS,15.8,19,-5,56.90%,Sunday,2026-05
2026-05-10,Aliyah Boston,Pts + Rebs,Under,18.5,-102,54.70%,8.60%,WIN,14.9,13,4.9,50.50%,Sunday,2026-05
2026-05-10,Aliyah Boston,Pts + Rebs,Under,26.5,-112,62.90%,21.40%,WIN,12.4,13,4.46,52.80%,Sunday,2026-05
2026-05-10,Aliyah Boston,Pts + Rebs,Under,16.5,-102,55.00%,9.00%,LOSS,11.3,22,-5,50.50%,Sunday,2026-05
2026-05-10,Aliyah Boston,Pts + Rebs,Under,16.5,-108,53.60%,3.50%,LOSS,12.9,24,-5,51.90%,Sunday,2026-05
2026-05-10,Aliyah Boston,Pts + Rebs,Over,22.5,-114,53.50%,0.50%,WIN,24.2,25,4.39,53.30%,Sunday,2026-05
2026-05-10,Aliyah Boston,Pts + Rebs,Under,23.5,-108,60.70%,18.20%,WIN,17,21,4.63,51.90%,Sunday,2026-05
2026-05-10,Aliyah Boston,Pts + Rebs,Under,20.5,-106,57.50%,12.40%,WIN,16.2,12,4.72,51.50%,Sunday,2026-05
2026-05-10,Aliyah Boston,Pts + Rebs,Over,18.5,-125,56.90%,2.90%,WIN,21.5,22,4,55.60%,Sunday,2026-05
2026-05-10,Aliyah Boston,Pts + Rebs,Over,19.5,-106,51.00%,-0.10%,WIN,20,31,4.72,51.50%,Sunday,2026-05
2026-05-10,Aliyah Boston,Pts + Rebs,Under,13.5,-125,55.80%,0.60%,LOSS,9.3,26,-5,55.60%,Sunday,2026-05
2026-05-10,Aliyah Boston,Pts + Rebs,Under,12.5,-114,53.40%,0.30%,LOSS,9.5,18,-5,53.30%,Sunday,2026-05
2026-05-10,Aliyah Boston,Pts + Rebs,Under,16.5,-114,57.10%,8.20%,WIN,8.7,13,4.39,53.30%,Sunday,2026-05
2026-05-10,Aliyah Boston,Pts + Rebs,Under,17.5,-110,57.30%,10.30%,WIN,11.1,13,4.55,52.40%,Sunday,2026-05
2026-05-10,Aliyah Boston,Pts + Rebs,Under,25.5,-128,55.50%,-1.50%,LOSS,25,29,-5,56.10%,Sunday,2026-05
2026-05-10,Aliyah Boston,Pts + Rebs,Under,13.5,-114,54.10%,1.70%,WIN,9.6,3,4.39,53.30%,Sunday,2026-05
2026-05-10,Aliyah Boston,Pts + Rebs,Under,19.5,-112,52.00%,-1.80%,LOSS,19.4,26,-5,52.80%,Sunday,2026-05
2026-05-10,Aliyah Boston,Pts + Rebs,Under,19.5,-118,57.80%,8.00%,LOSS,16.9,22,-5,54.10%,Sunday,2026-05
2026-05-10,Aliyah Boston,Pts + Rebs,Under,17.5,-125,57.00%,3.20%,WIN,15.7,16,4,55.60%,Sunday,2026-05
2026-05-10,Aliyah Boston,Rebs + Asts,Under,15.5,-130,64.20%,17.60%,WIN,12.2,7,3.85,56.50%,Sunday,2026-05
2026-05-10,Aliyah Boston,Rebs + Asts,Under,17.5,-106,53.30%,3.90%,LOSS,16.5,20,-5,51.50%,Sunday,2026-05
2026-05-10,Aliyah Boston,Rebs + Asts,Over,6.5,-136,60.30%,6.30%,WIN,6.7,7,3.68,57.60%,Sunday,2026-05
2026-05-10,Aliyah Boston,Rebs + Asts,Over,6.5,-130,59.30%,6.40%,LOSS,6.6,2,-5,56.50%,Sunday,2026-05
2026-05-10,Aliyah Boston,Rebs + Asts,Under,11.5,-140,63.30%,12.00%,LOSS,9.5,13,-5,58.30%,Sunday,2026-05
2026-05-10,Aliyah Boston,Rebs + Asts,Over,8.5,-146,61.50%,5.30%,LOSS,10.3,8,-5,59.30%,Sunday,2026-05
2026-05-10,Aliyah Boston,Rebs + Asts,Under,11.5,-130,57.60%,2.40%,WIN,11.1,6,3.85,56.50%,Sunday,2026-05
2026-05-10,Aliyah Boston,Rebs + Asts,Over,8.5,-130,56.90%,0.90%,LOSS,9.1,8,-5,56.50%,Sunday,2026-05
2026-05-10,Aliyah Boston,Rebs + Asts,Over,10.5,-112,48.40%,-9.40%,WIN,11.3,14,4.46,52.80%,Sunday,2026-05
2026-05-10,Aliyah Boston,Rebs + Asts,Under,11.5,-118,59.70%,12.10%,WIN,9.8,10,4.24,54.10%,Sunday,2026-05
2026-05-10,Aliyah Boston,Rebs + Asts,Under,8.5,-102,51.20%,1.50%,WIN,8.2,6,4.9,50.50%,Sunday,2026-05
2026-05-10,Aliyah Boston,Rebs + Asts,Under,8.5,-104,56.90%,12.10%,WIN,4.6,5,4.81,51.00%,Sunday,2026-05
2026-05-10,Aliyah Boston,Rebs + Asts,Under,8.5,-140,62.30%,9.40%,WIN,6.1,4,3.57,58.30%,Sunday,2026-05
2026-05-10,Aliyah Boston,Rebs + Asts,Under,6.5,-118,45.50%,-18.90%,LOSS,4.2,7,-5,54.10%,Sunday,2026-05
2026-05-10,Aliyah Boston,Rebs + Asts,Over,10.5,-110,49.90%,-5.10%,WIN,11.4,15,4.55,52.40%,Sunday,2026-05
2026-05-10,Aliyah Boston,Threes,Under,1.5,-200,71.50%,14.50%,WIN,0,0,2.5,66.70%,Sunday,2026-05
2026-05-10,Aliyah Boston,Threes,Under,1.5,-210,72.20%,13.70%,WIN,0,1,2.38,67.70%,Sunday,2026-05
2026-05-10,Aliyah Boston,Threes,Under,1.5,104,51.90%,5.60%,LOSS,1.4,4,-5,49.00%,Sunday,2026-05
2026-05-10,Aliyah Boston,Threes,Under,1.5,-106,57.50%,12.40%,WIN,0.84,0,4.72,51.50%,Sunday,2026-05
2026-05-10,Aliyah Boston,Threes,Over,1.5,-106,68.70%,35.60%,LOSS,4.1,1,-5,51.50%,Sunday,2026-05
2026-05-10,Aliyah Boston,Threes,Under,1.5,-270,75.30%,8.60%,LOSS,0.43,4,-5,73.00%,Sunday,2026-05
2026-05-10,Aliyah Boston,Threes,Over,1.5,-114,54.10%,1.90%,LOSS,1.8,1,-5,53.30%,Sunday,2026-05
2026-05-10,Aliyah Boston,Threes,Under,2.5,-130,62.20%,13.10%,WIN,2,2,3.85,56.50%,Sunday,2026-05
2026-05-10,Aliyah Boston,Threes,Over,1.5,-130,58.60%,4.70%,WIN,2.4,4,3.85,56.50%,Sunday,2026-05
2026-05-10,Aliyah Boston,Threes,Under,1.5,104,55.60%,12.90%,WIN,0.9,1,5.2,49.00%,Sunday,2026-05
2026-05-10,Aliyah Boston,Threes,Over,1.5,-144,73.90%,36.40%,WIN,4.4,4,3.47,59.00%,Sunday,2026-05
2026-05-10,Aliyah Boston,Threes,Under,1.5,140,56.50%,25.40%,WIN,0.47,1,7,41.70%,Sunday,2026-05
2026-05-10,Aliyah Boston,Threes,Over,1.5,106,59.50%,21.30%,WIN,3,3,5.3,48.50%,Sunday,2026-05
2026-05-10,Aliyah Boston,Threes,Over,1.5,-132,59.70%,6.60%,WIN,2.2,4,3.79,56.90%,Sunday,2026-05
2026-05-10,Aliyah Boston,Threes,Under,2.5,-198,72.30%,17.40%,LOSS,1.2,6,-5,66.40%,Sunday,2026-05
2026-05-10,Aliyah Boston,Threes,Under,1.5,130,48.60%,9.00%,WIN,1.4,0,6.5,43.50%,Sunday,2026-05
2026-05-10,Aliyah Boston,Threes,Over,1.5,102,50.80%,2.60%,WIN,1.7,3,5.1,49.50%,Sunday,2026-05
2026-05-10,Aliyah Boston,Threes,Under,1.5,-154,66.60%,15.20%,WIN,0.49,0,3.25,60.60%,Sunday,2026-05
2026-05-10,Aliyah Boston,Threes,Under,1.5,132,48.60%,9.60%,WIN,1.3,0,6.6,43.10%,Sunday,2026-05
2026-05-10,Aliyah Boston,Threes,Under,1.5,-154,67.90%,18.40%,WIN,0.25,0,3.25,60.60%,Sunday,2026-05
2026-05-10,Aliyah Boston,Threes,Under,1.5,-154,62.80%,5.40%,WIN,0.87,1,3.25,60.60%,Sunday,2026-05
2026-05-12,Aliyah Boston,Assists,Under,3.5,-175,60.60%,-8.30%,WIN,3,0,2.86,63.60%,Tuesday,2026-05
2026-05-12,Aliyah Boston,Assists,Under,9.5,-108,52.90%,2.00%,WIN,9,8,4.63,51.90%,Tuesday,2026-05
2026-05-12,Aliyah Boston,Assists,Over,2.5,-152,64.30%,10.10%,LOSS,4.4,2,-5,60.30%,Tuesday,2026-05
2026-05-12,Aliyah Boston,Assists,Over,3.5,-112,54.20%,2.90%,LOSS,4.4,1,-5,52.80%,Tuesday,2026-05
2026-05-12,Aliyah Boston,Assists,Under,3.5,118,46.90%,1.90%,LOSS,3.4,4,-5,45.90%,Tuesday,2026-05
2026-05-12,Aliyah Boston,Assists,Under,3.5,114,51.00%,8.10%,LOSS,2.2,6,-5,46.70%,Tuesday,2026-05
2026-05-12,Aliyah Boston,Assists,Over,5.5,-104,52.30%,2.70%,LOSS,6.8,5,-5,51.00%,Tuesday,2026-05
2026-05-12,Aliyah Boston,Assists,Under,4.5,-130,58.70%,4.90%,WIN,3.3,3,3.85,56.50%,Tuesday,2026-05
2026-05-12,Aliyah Boston,Assists,Over,5.5,-114,47.60%,-12.10%,LOSS,5.9,5,-5,53.30%,Tuesday,2026-05
2026-05-12,Aliyah Boston,Assists,Over,2.5,-130,61.90%,12.40%,WIN,4.4,4,3.85,56.50%,Tuesday,2026-05
2026-05-12,Aliyah Boston,Assists,Over,5.5,-146,65.60%,15.40%,WIN,9.2,7,3.42,59.30%,Tuesday,2026-05
2026-05-12,Aliyah Boston,Assists,Under,5.5,-104,56.20%,10.70%,WIN,4,4,4.81,51.00%,Tuesday,2026-05
2026-05-12,Aliyah Boston,Assists,Over,3.5,-172,61.80%,-3.90%,WIN,4.3,4,2.91,63.20%,Tuesday,2026-05
2026-05-12,Aliyah Boston,Points,Under,8.5,-108,53.10%,2.40%,WIN,7.4,2,4.63,51.90%,Tuesday,2026-05
2026-05-12,Aliyah Boston,Points,Over,17.5,-102,53.10%,5.30%,WIN,20.1,26,4.9,50.50%,Tuesday,2026-05
2026-05-12,Aliyah Boston,Points,Under,16.5,-102,50.00%,-1.10%,WIN,15.9,10,4.9,50.50%,Tuesday,2026-05
2026-05-12,Aliyah Boston,Points,Under,14.5,-120,54.70%,0.30%,WIN,14.3,12,4.17,54.50%,Tuesday,2026-05
2026-05-12,Aliyah Boston,Points,Over,15.5,-110,53.00%,1.20%,WIN,17.1,20,4.55,52.40%,Tuesday,2026-05
2026-05-12,Allisha Gray,Points,Under,22.5,-128,59.30%,7.30%,WIN,20.6,16,3.91,56.10%,Tuesday,2026-05
2026-05-12,Allisha Gray,Points,Under,12.5,-114,57.90%,9.90%,LOSS,9.4,26,-5,53.30%,Tuesday,2026-05
2026-05-12,Allisha Gray,Points,Under,14.5,-120,61.00%,14.20%,LOSS,9,21,-5,54.50%,Tuesday,2026-05
2026-05-12,Allisha Gray,Points,Under,14.5,-104,52.70%,3.40%,WIN,13.2,11,4.81,51.00%,Tuesday,2026-05
2026-05-12,Allisha Gray,Points,Under,11.5,100,54.10%,8.10%,LOSS,9.2,16,-5,50.00%,Tuesday,2026-05
2026-05-12,Allisha Gray,Points,Under,8.5,100,51.10%,2.20%,LOSS,7.8,12,-5,50.00%,Tuesday,2026-05
2026-05-12,Allisha Gray,Points,Under,16.5,-120,62.20%,16.90%,LOSS,10.4,17,-5,54.50%,Tuesday,2026-05
2026-05-12,Allisha Gray,Points,Over,10.5,-128,58.20%,4.70%,LOSS,9.5,19,-5,56.10%,Tuesday,2026-05
2026-05-12,Allisha Gray,Points,Over,11.5,-115,61.10%,16.40%,LOSS,18.9,2,-5,53.50%,Tuesday,2026-05
2026-05-12,Allisha Gray,Points,Under,18.5,-113,58.60%,11.90%,LOSS,14.2,30,-5,53.10%,Tuesday,2026-05
2026-05-12,Allisha Gray,Points,Under,17.5,-130,58.80%,5.20%,WIN,15.1,14,3.85,56.50%,Tuesday,2026-05
2026-05-12,Allisha Gray,Points,Under,10.5,-114,55.70%,5.20%,LOSS,8.5,13,-5,53.30%,Tuesday,2026-05
2026-05-12,Allisha Gray,Points,Under,15.5,-125,62.70%,16.00%,LOSS,10.1,18,-5,55.60%,Tuesday,2026-05
2026-05-12,Allisha Gray,Points,Under,13.5,-115,58.70%,11.30%,LOSS,8.2,14,-5,53.50%,Tuesday,2026-05
2026-05-12,Allisha Gray,Points,Under,7.5,100,52.90%,5.90%,LOSS,4.1,9,-5,50.00%,Tuesday,2026-05
2026-05-12,Allisha Gray,Points,Over,10.5,-114,54.60%,2.90%,LOSS,11.8,7,-5,53.30%,Tuesday,2026-05
2026-05-12,Allisha Gray,Points,Over,14.5,102,57.20%,15.20%,LOSS,23.5,13,-5,49.50%,Tuesday,2026-05
2026-05-12,Allisha Gray,Points,Under,20.5,-125,55.60%,0.20%,LOSS,20.8,15,-5,55.60%,Tuesday,2026-05
2026-05-12,Allisha Gray,Points,Over,16.5,-135,57.70%,0.60%,LOSS,18.2,14,-5,57.40%,Tuesday,2026-05
2026-05-12,Allisha Gray,Pts + Asts,Under,26.5,-108,55.00%,6.40%,WIN,25.1,18,4.63,51.90%,Tuesday,2026-05
2026-05-12,Allisha Gray,Pts + Asts,Over,17.5,-112,53.20%,0.80%,LOSS,18.2,14,-5,52.80%,Tuesday,2026-05
2026-05-12,Allisha Gray,Pts + Asts,Over,18.5,-118,51.40%,-6.00%,WIN,20.1,21,4.24,54.10%,Tuesday,2026-05
2026-05-12,Allisha Gray,Pts + Asts,Under,26.5,-130,59.80%,7.50%,WIN,23.5,20,3.85,56.50%,Tuesday,2026-05
2026-05-12,Allisha Gray,Pts + Asts,Under,18.5,-122,60.10%,11.50%,LOSS,12.1,27,-5,55.00%,Tuesday,2026-05
2026-05-12,Allisha Gray,Pts + Asts,Under,20.5,-118,54.70%,1.10%,WIN,19.7,16,4.24,54.10%,Tuesday,2026-05
2026-05-12,Allisha Gray,Pts + Asts,Under,13.5,-114,51.80%,-3.50%,LOSS,10.4,15,-5,53.30%,Tuesday,2026-05
2026-05-12,Allisha Gray,Pts + Asts,Under,16.5,-130,56.00%,-1.30%,LOSS,15.9,24,-5,56.50%,Tuesday,2026-05
2026-05-12,Allisha Gray,Pts + Asts,Over,20.5,-106,59.50%,16.60%,LOSS,30.6,20,-5,51.50%,Tuesday,2026-05
2026-05-12,Allisha Gray,Pts + Asts,Under,26.5,-118,57.00%,6.30%,WIN,25.3,18,4.24,54.10%,Tuesday,2026-05
2026-05-12,Allisha Gray,Pts + Asts,Over,21.5,-106,53.20%,3.50%,LOSS,23.6,18,-5,51.50%,Tuesday,2026-05
2026-05-12,Allisha Gray,Pts + Rebs,Under,14.5,-132,55.10%,-4.10%,WIN,12.7,8,3.79,56.90%,Tuesday,2026-05
2026-05-12,Allisha Gray,Pts + Rebs,Under,13.5,-110,53.40%,2.10%,WIN,11.7,8,4.55,52.40%,Tuesday,2026-05
2026-05-12,Allisha Gray,Pts + Rebs,Over,22.5,-106,55.70%,8.80%,WIN,26.1,30,4.72,51.50%,Tuesday,2026-05
2026-05-12,Allisha Gray,Pts + Rebs,Under,26.5,-128,57.70%,3.60%,WIN,24.6,14,3.91,56.10%,Tuesday,2026-05
2026-05-12,Allisha Gray,Pts + Rebs,Over,26.5,-122,52.00%,-6.50%,WIN,28.1,28,4.1,55.00%,Tuesday,2026-05
2026-05-12,Allisha Gray,Pts + Rebs,Under,17.5,-128,52.80%,-7.50%,LOSS,17,24,-5,56.10%,Tuesday,2026-05
2026-05-12,Allisha Gray,Pts + Rebs,Under,30.5,-130,60.20%,8.50%,WIN,26.4,26,3.85,56.50%,Tuesday,2026-05
2026-05-12,Allisha Gray,Pts + Rebs,Under,16.5,100,53.00%,6.00%,LOSS,12.8,27,-5,50.00%,Tuesday,2026-05
2026-05-12,Allisha Gray,Pts + Rebs,Under,19.5,-106,54.50%,6.20%,WIN,17.5,14,4.72,51.50%,Tuesday,2026-05
2026-05-12,Allisha Gray,Pts + Rebs,Under,18.5,-125,59.10%,7.90%,LOSS,14.3,23,-5,55.60%,Tuesday,2026-05
2026-05-12,Allisha Gray,Pts + Rebs,Under,17.5,-114,56.40%,6.70%,LOSS,13.3,20,-5,53.30%,Tuesday,2026-05
2026-05-12,Allisha Gray,Pts + Rebs,Under,25.5,-114,61.60%,17.90%,WIN,17.9,24,4.39,53.30%,Tuesday,2026-05
2026-05-12,Allisha Gray,Pts + Rebs,Under,17.5,-106,55.10%,7.50%,LOSS,13.2,18,-5,51.50%,Tuesday,2026-05
2026-05-12,Allisha Gray,Pts + Rebs,Under,20.5,-130,62.40%,13.40%,LOSS,12.7,25,-5,56.50%,Tuesday,2026-05
2026-05-12,Allisha Gray,Pts + Rebs,Over,18.5,-125,62.70%,16.20%,WIN,27.2,19,4,55.60%,Tuesday,2026-05
2026-05-12,Allisha Gray,Pts + Rebs,Over,24.5,-125,48.40%,-16.00%,LOSS,24.9,17,-5,55.60%,Tuesday,2026-05
2026-05-12,Allisha Gray,Rebs + Asts,Under,18.5,-120,58.10%,7.70%,WIN,16.4,12,4.17,54.50%,Tuesday,2026-05
2026-05-12,Allisha Gray,Rebs + Asts,Under,15.5,-136,53.50%,-9.80%,LOSS,15.1,18,-5,57.60%,Tuesday,2026-05
2026-05-12,Allisha Gray,Rebs + Asts,Over,5.5,-144,63.90%,11.90%,LOSS,6.8,5,-5,59.00%,Tuesday,2026-05
2026-05-12,Allisha Gray,Rebs + Asts,Under,12.5,-144,66.60%,18.60%,LOSS,9.5,14,-5,59.00%,Tuesday,2026-05
2026-05-12,Allisha Gray,Rebs + Asts,Over,10.5,-106,52.80%,2.80%,LOSS,12,8,-5,51.50%,Tuesday,2026-05
2026-05-12,Allisha Gray,Rebs + Asts,Under,13.5,-138,67.80%,23.30%,WIN,9.7,11,3.62,58.00%,Tuesday,2026-05
2026-05-12,Allisha Gray,Rebs + Asts,Over,10.5,-120,47.70%,-20.20%,WIN,11,13,4.17,54.50%,Tuesday,2026-05
2026-05-12,Allisha Gray,Rebs + Asts,Under,9.5,114,48.50%,3.20%,WIN,9.1,5,5.7,46.70%,Tuesday,2026-05
2026-05-12,Allisha Gray,Rebs + Asts,Over,8.5,102,52.50%,5.90%,LOSS,10.2,7,-5,49.50%,Tuesday,2026-05
2026-05-12,Allisha Gray,Threes,Over,1.5,-188,53.80%,-32.90%,WIN,1.6,4,2.66,65.30%,Tuesday,2026-05
2026-05-12,Allisha Gray,Threes,Under,1.5,122,53.80%,16.00%,WIN,0.82,0,6.1,45.00%,Tuesday,2026-05
2026-05-12,Allisha Gray,Threes,Under,1.5,-168,69.80%,19.10%,WIN,0.21,0,2.98,62.70%,Tuesday,2026-05
2026-05-12,Allisha Gray,Threes,Over,1.5,-178,75.60%,32.30%,WIN,3.9,5,2.81,64.00%,Tuesday,2026-05
2026-05-12,Allisha Gray,Threes,Under,1.5,-168,59.00%,-9.90%,WIN,1,1,2.98,62.70%,Tuesday,2026-05
2026-05-12,Allisha Gray,Threes,Under,1.5,-136,58.30%,1.50%,LOSS,1,2,-5,57.60%,Tuesday,2026-05
2026-05-12,Allisha Gray,Threes,Under,1.5,132,48.50%,9.60%,LOSS,1.1,3,-5,43.10%,Tuesday,2026-05
2026-05-12,Allisha Gray,Threes,Over,1.5,-178,78.00%,38.80%,LOSS,5.3,0,-5,64.00%,Tuesday,2026-05
2026-05-12,Allisha Gray,Threes,Under,1.5,148,54.50%,23.70%,LOSS,0.67,2,-5,40.30%,Tuesday,2026-05
2026-05-12,Allisha Gray,Threes,Under,2.5,-146,59.40%,0.10%,WIN,2.5,2,3.42,59.30%,Tuesday,2026-05
2026-05-12,Allisha Gray,Threes,Over,1.5,126,49.20%,8.90%,WIN,1.8,3,6.3,44.20%,Tuesday,2026-05
2026-05-12,Allisha Gray,Threes,Under,1.5,-180,56.20%,-22.80%,WIN,1.3,0,2.78,64.30%,Tuesday,2026-05
2026-05-12,Allisha Gray,Threes,Under,1.5,-154,65.20%,11.50%,LOSS,0.62,2,-5,60.60%,Tuesday,2026-05
2026-05-12,Allisha Gray,Threes,Over,2.5,-136,50.10%,-17.70%,LOSS,3.1,1,-5,57.60%,Tuesday,2026-05
2026-05-13,Allisha Gray,Assists,Under,3.5,-154,55.70%,-12.60%,WIN,3.2,1,3.25,60.60%,Wednesday,2026-05
2026-05-13,Allisha Gray,Assists,Under,4.5,-162,54.20%,-12.30%,WIN,4,2,3.09,61.80%,Wednesday,2026-05
2026-05-13,Allisha Gray,Assists,Over,9.5,115,51.40%,8.80%,LOSS,11,9,-5,46.50%,Wednesday,2026-05
2026-05-13,Allisha Gray,Assists,Over,5.5,-132,57.90%,2.40%,WIN,7.4,6,3.79,56.90%,Wednesday,2026-05
2026-05-13,Allisha Gray,Assists,Over,3.5,-152,64.20%,9.90%,LOSS,5.8,1,-5,60.30%,Wednesday,2026-05
2026-05-13,Allisha Gray,Assists,Under,6.5,-154,63.00%,6.10%,WIN,5.7,6,3.25,60.60%,Wednesday,2026-05
2026-05-13,Allisha Gray,Assists,Under,6.5,-166,64.80%,6.50%,WIN,5.4,4,3.01,62.40%,Wednesday,2026-05
2026-05-13,Allisha Gray,Assists,Over,3.5,-166,62.00%,-1.10%,LOSS,4.3,3,-5,62.40%,Wednesday,2026-05
2026-05-13,Allisha Gray,Assists,Under,4.5,-138,61.90%,9.20%,LOSS,2.9,5,-5,58.00%,Wednesday,2026-05
2026-05-13,Allisha Gray,Assists,Under,3.5,134,46.80%,7.10%,LOSS,2.8,4,-5,42.70%,Wednesday,2026-05
2026-05-13,Allisha Gray,Assists,Under,6.5,-140,59.40%,2.50%,LOSS,6.4,7,-5,58.30%,Wednesday,2026-05
2026-05-13,Allisha Gray,Assists,Under,7.5,-138,59.60%,3.80%,WIN,7.6,4,3.62,58.00%,Wednesday,2026-05
2026-05-13,Allisha Gray,Points,Over,23.5,-128,58.20%,4.80%,LOSS,26.7,22,-5,56.10%,Wednesday,2026-05
2026-05-13,Allisha Gray,Points,Under,13.5,-105,57.60%,13.10%,LOSS,9.7,16,-5,51.20%,Wednesday,2026-05
2026-05-13,Allisha Gray,Points,Under,16.5,-128,60.20%,9.30%,LOSS,11.8,18,-5,56.10%,Wednesday,2026-05
2026-05-13,Allisha Gray,Points,Under,19.5,-106,54.70%,6.80%,LOSS,17.7,24,-5,51.50%,Wednesday,2026-05
2026-05-13,Allisha Gray,Points,Under,12.5,-110,53.40%,2.10%,WIN,11.8,7,4.55,52.40%,Wednesday,2026-05
2026-05-13,Allisha Gray,Points,Under,14.5,-108,59.00%,14.80%,LOSS,10.3,21,-5,51.90%,Wednesday,2026-05
2026-05-13,Allisha Gray,Points,Under,14.5,-125,55.60%,0.00%,WIN,14,7,4,55.60%,Wednesday,2026-05
2026-05-13,Allisha Gray,Points,Under,12.5,-114,55.60%,5.00%,LOSS,11.5,18,-5,53.30%,Wednesday,2026-05
2026-05-13,Allisha Gray,Points,Over,17.5,-114,55.10%,3.80%,LOSS,19.7,11,-5,53.30%,Wednesday,2026-05
2026-05-13,Allisha Gray,Points,Over,9.5,-113,53.70%,1.40%,WIN,11.1,11,4.42,53.10%,Wednesday,2026-05
2026-05-13,Allisha Gray,Points,Under,15.5,-118,54.40%,0.50%,WIN,15,8,4.24,54.10%,Wednesday,2026-05
2026-05-13,Allisha Gray,Points,Over,14.5,100,52.00%,4.00%,LOSS,15.6,0,-5,50.00%,Wednesday,2026-05
2026-05-13,Allisha Gray,Points,Under,18.5,-108,57.00%,10.50%,LOSS,15.1,26,-5,51.90%,Wednesday,2026-05
2026-05-13,Allisha Gray,Points,Under,12.5,-135,61.30%,9.00%,WIN,9.6,5,3.7,57.40%,Wednesday,2026-05
2026-05-13,Allisha Gray,Points,Under,8.5,-108,51.80%,-0.20%,WIN,8.4,8,4.63,51.90%,Wednesday,2026-05
2026-05-13,Allisha Gray,Points,Under,16.5,-122,56.80%,4.00%,LOSS,14.6,18,-5,55.00%,Wednesday,2026-05
2026-05-13,Allisha Gray,Points,Under,8.5,100,50.70%,1.40%,WIN,8.1,8,5,50.00%,Wednesday,2026-05
2026-05-13,Allisha Gray,Points,Over,15.5,-122,55.40%,0.90%,LOSS,15.9,15,-5,55.00%,Wednesday,2026-05
2026-05-13,Allisha Gray,Points,Under,13.5,-114,53.80%,1.20%,LOSS,12.2,16,-5,53.30%,Wednesday,2026-05
2026-05-13,Allisha Gray,Pts + Asts,Over,27.5,-112,54.80%,4.20%,LOSS,30,30,-5,52.80%,Wednesday,2026-05
2026-05-13,Allisha Gray,Pts + Asts,Under,20.5,-120,55.20%,1.40%,WIN,19.6,6,4.17,54.50%,Wednesday,2026-05
2026-05-13,Allisha Gray,Pts + Asts,Under,28.5,-108,56.10%,8.80%,LOSS,25.6,33,-5,51.90%,Wednesday,2026-05
2026-05-13,Allisha Gray,Pts + Asts,Over,18.5,-120,47.50%,-15.40%,LOSS,18.6,13,-5,54.50%,Wednesday,2026-05
2026-05-13,Allisha Gray,Pts + Asts,Under,16.5,-108,52.30%,0.70%,LOSS,16.3,19,-5,51.90%,Wednesday,2026-05
2026-05-13,Allisha Gray,Pts + Asts,Over,23.5,-130,50.50%,-13.80%,LOSS,25.9,17,-5,56.50%,Wednesday,2026-05
2026-05-13,Allisha Gray,Pts + Asts,Under,24.5,-118,55.10%,2.00%,LOSS,24.6,29,-5,54.10%,Wednesday,2026-05
2026-05-13,Allisha Gray,Pts + Asts,Under,21.5,-118,57.30%,6.80%,LOSS,18.5,29,-5,54.10%,Wednesday,2026-05
2026-05-13,Allisha Gray,Pts + Asts,Under,16.5,-118,56.60%,5.30%,WIN,13,10,4.24,54.10%,Wednesday,2026-05
2026-05-13,Allisha Gray,Pts + Asts,Under,13.5,-130,51.80%,-10.80%,WIN,10.8,12,3.85,56.50%,Wednesday,2026-05
2026-05-13,Allisha Gray,Pts + Asts,Under,22.5,-120,54.80%,0.60%,WIN,21.6,22,4.17,54.50%,Wednesday,2026-05
2026-05-13,Allisha Gray,Pts + Asts,Under,21.5,-130,53.50%,-7.00%,WIN,20.7,20,3.85,56.50%,Wednesday,2026-05
2026-05-13,Allisha Gray,Pts + Rebs,Under,34.5,-114,52.50%,-1.70%,WIN,34,33,4.39,53.30%,Wednesday,2026-05
2026-05-13,Allisha Gray,Pts + Rebs,Over,24.5,-112,53.20%,0.80%,LOSS,25.4,11,-5,52.80%,Wednesday,2026-05
2026-05-13,Aliyah Boston,Pts + Rebs,Under,22.5,-112,59.10%,13.30%,LOSS,18.1,27,-5,52.80%,Wednesday,2026-05
2026-05-13,Aliyah Boston,Pts + Rebs,Under,25.5,-120,58.60%,8.90%,LOSS,21.3,28,-5,54.50%,Wednesday,2026-05
2026-05-13,Aliyah Boston,Pts + Rebs,Under,16.5,-132,49.80%,-16.50%,WIN,16.3,13,3.79,56.90%,Wednesday,2026-05
2026-05-13,Alyssa Thomas,Pts + Rebs,Over,22.5,-114,57.00%,8.00%,WIN,27.1,24,4.39,53.30%,Wednesday,2026-05
2026-05-13,Alyssa Thomas,Pts + Rebs,Under,23.5,-104,59.80%,18.00%,LOSS,12.9,28,-5,51.00%,Wednesday,2026-05
2026-05-13,Alyssa Thomas,Pts + Rebs,Under,18.5,-114,55.60%,4.90%,WIN,16.8,13,4.39,53.30%,Wednesday,2026-05
2026-05-13,Alyssa Thomas,Pts + Rebs,Under,17.5,-128,56.10%,-0.20%,LOSS,16.1,23,-5,56.10%,Wednesday,2026-05
2026-05-13,Alyssa Thomas,Pts + Rebs,Over,22.5,-122,53.40%,-3.40%,LOSS,23.6,12,-5,55.00%,Wednesday,2026-05
2026-05-13,Alyssa Thomas,Pts + Rebs,Under,25.5,-106,53.50%,4.20%,WIN,23.8,15,4.72,51.50%,Wednesday,2026-05
2026-05-13,Alyssa Thomas,Pts + Rebs,Over,20.5,-102,52.70%,4.50%,LOSS,22.8,6,-5,50.50%,Wednesday,2026-05
2026-05-13,Alyssa Thomas,Pts + Rebs,Under,21.5,-108,56.10%,8.80%,LOSS,18.6,30,-5,51.90%,Wednesday,2026-05
2026-05-13,Alyssa Thomas,Pts + Rebs,Over,25.5,-112,51.90%,-1.90%,LOSS,26.2,16,-5,52.80%,Wednesday,2026-05
2026-05-13,Alyssa Thomas,Pts + Rebs,Under,20.5,-118,59.70%,12.10%,LOSS,16.5,23,-5,54.10%,Wednesday,2026-05
2026-05-13,Alyssa Thomas,Pts + Rebs,Over,17.5,-118,53.10%,-2.20%,WIN,19.1,19,4.24,54.10%,Wednesday,2026-05
2026-05-13,Alyssa Thomas,Rebs + Asts,Under,13.5,102,60.80%,22.40%,WIN,10.2,12,5.1,49.50%,Wednesday,2026-05
2026-05-13,Alyssa Thomas,Rebs + Asts,Over,12.5,-114,54.10%,1.80%,LOSS,13.8,9,-5,53.30%,Wednesday,2026-05
2026-05-13,Alyssa Thomas,Rebs + Asts,Under,14.5,-106,55.50%,8.40%,WIN,13.6,13,4.72,51.50%,Wednesday,2026-05
2026-05-13,Alyssa Thomas,Rebs + Asts,Over,8.5,114,44.60%,-4.00%,WIN,9.5,12,5.7,46.70%,Wednesday,2026-05
2026-05-13,Alyssa Thomas,Rebs + Asts,Over,8.5,-118,55.90%,3.90%,LOSS,10.3,6,-5,54.10%,Wednesday,2026-05
2026-05-13,Alyssa Thomas,Rebs + Asts,Under,11.5,-136,59.50%,4.40%,WIN,11,7,3.68,57.60%,Wednesday,2026-05
2026-05-13,Alyssa Thomas,Rebs + Asts,Over,8.5,-114,54.40%,2.30%,LOSS,8.9,7,-5,53.30%,Wednesday,2026-05
2026-05-13,Alyssa Thomas,Rebs + Asts,Over,11.5,-104,53.00%,4.20%,LOSS,12.7,7,-5,51.00%,Wednesday,2026-05
2026-05-13,Alyssa Thomas,Threes,Under,1.5,-144,66.70%,18.70%,WIN,0.53,0,3.47,59.00%,Wednesday,2026-05
2026-05-13,Alyssa Thomas,Threes,Over,2.5,-162,51.00%,-28.30%,LOSS,2.8,1,-5,61.80%,Wednesday,2026-05
2026-05-13,Alyssa Thomas,Threes,Over,1.5,-158,61.70%,1.10%,LOSS,2.3,0,-5,61.20%,Wednesday,2026-05
2026-05-13,Alyssa Thomas,Threes,Over,1.5,102,57.00%,14.90%,LOSS,2.9,0,-5,49.50%,Wednesday,2026-05
2026-05-13,Alyssa Thomas,Threes,Over,1.5,-136,47.60%,-23.80%,WIN,1.6,3,3.68,57.60%,Wednesday,2026-05
2026-05-13,Alyssa Thomas,Threes,Under,2.5,-174,67.20%,10.10%,WIN,1.9,0,2.87,63.50%,Wednesday,2026-05
2026-05-13,Alyssa Thomas,Threes,Over,1.5,-200,69.30%,7.90%,LOSS,3.4,1,-5,66.70%,Wednesday,2026-05
2026-05-13,Alyssa Thomas,Threes,Over,1.5,-174,75.10%,31.70%,LOSS,3.8,0,-5,63.50%,Wednesday,2026-05
2026-05-13,Alyssa Thomas,Threes,Under,2.5,-118,59.00%,10.70%,LOSS,2.2,3,-5,54.10%,Wednesday,2026-05
2026-05-13,Alyssa Thomas,Threes,Under,2.5,-186,66.80%,5.10%,WIN,2,1,2.69,65.00%,Wednesday,2026-05
2026-05-13,Alyssa Thomas,Threes,Under,2.5,-180,71.10%,19.20%,LOSS,1.5,6,-5,64.30%,Wednesday,2026-05
2026-05-13,Alyssa Thomas,Threes,Under,1.5,-154,66.40%,14.70%,WIN,0.7,1,3.25,60.60%,Wednesday,2026-05
2026-05-13,Alyssa Thomas,Threes,Over,1.5,140,49.20%,13.00%,LOSS,2.1,1,-5,41.70%,Wednesday,2026-05
2026-05-13,Alyssa Thomas,Threes,Over,1.5,118,54.70%,16.30%,LOSS,2.5,1,-5,45.90%,Wednesday,2026-05
2026-05-13,Alyssa Thomas,Threes,Under,1.5,-215,72.20%,12.40%,WIN,0.54,0,2.33,68.30%,Wednesday,2026-05
2026-05-13,Alyssa Thomas,Threes,Over,1.5,138,49.30%,12.60%,LOSS,2.1,1,-5,42.00%,Wednesday,2026-05
2026-05-13,Alyssa Thomas,Threes,Over,1.5,-114,48.00%,-11.20%,WIN,1.7,2,4.39,53.30%,Wednesday,2026-05
2026-05-14,Alyssa Thomas,Rebs + Asts,Under,13.5,-132,67.10%,23.60%,WIN,9.8,8,3.79,56.90%,Thursday,2026-05
2026-05-14,Alyssa Thomas,Rebs + Asts,Over,10.5,-146,61.90%,6.30%,LOSS,11.8,8,-5,59.30%,Thursday,2026-05
2026-05-14,Alyssa Thomas,Rebs + Asts,Over,11.5,-132,60.20%,7.70%,LOSS,14.2,8,-5,56.90%,Thursday,2026-05
2026-05-14,Alyssa Thomas,Rebs + Asts,Under,9.5,-132,59.50%,6.10%,LOSS,8.1,11,-5,56.90%,Thursday,2026-05
2026-05-14,Alyssa Thomas,Rebs + Asts,Over,8.5,-102,51.20%,1.30%,LOSS,8.5,5,-5,50.50%,Thursday,2026-05
2026-05-15,Alyssa Thomas,Assists,Under,3.5,-186,57.70%,-21.00%,WIN,3.1,3,2.69,65.00%,Friday,2026-05
2026-05-15,Alyssa Thomas,Assists,Over,3.5,-102,52.40%,3.80%,LOSS,4.2,1,-5,50.50%,Friday,2026-05
2026-05-15,Alyssa Thomas,Assists,Under,9.5,-106,50.40%,-2.10%,WIN,9.5,6,4.72,51.50%,Friday,2026-05
2026-05-15,Alyssa Thomas,Assists,Over,2.5,-180,64.80%,1.40%,WIN,3.4,7,2.78,64.30%,Friday,2026-05
2026-05-15,Alyssa Thomas,Assists,Over,8.5,-114,58.30%,10.70%,LOSS,10.7,8,-5,53.30%,Friday,2026-05
2026-05-15,Alyssa Thomas,Assists,Over,6.5,114,47.20%,0.80%,WIN,7.7,10,5.7,46.70%,Friday,2026-05
2026-05-15,Alyssa Thomas,Assists,Over,3.5,-118,51.40%,-6.00%,WIN,3.7,7,4.24,54.10%,Friday,2026-05
2026-05-15,Alyssa Thomas,Assists,Over,4.5,-115,54.50%,2.50%,LOSS,5.1,4,-5,53.50%,Friday,2026-05
2026-05-15,Alyssa Thomas,Assists,Over,5.5,-154,52.00%,-21.00%,WIN,6,6,3.25,60.60%,Friday,2026-05
2026-05-15,Alyssa Thomas,Assists,Under,5.5,-128,53.90%,-5.00%,LOSS,5.5,9,-5,56.10%,Friday,2026-05
2026-05-15,Alyssa Thomas,Assists,Under,2.5,-130,53.10%,-78.00%,WIN,2.3,2,3.85,56.50%,Friday,2026-05
2026-05-15,Alyssa Thomas,Assists,Over,3.5,-114,51.80%,-3.20%,LOSS,3.7,0,-5,53.30%,Friday,2026-05
2026-05-15,Alyssa Thomas,Assists,Under,3.5,-110,52.70%,0.60%,LOSS,3.1,7,-5,52.40%,Friday,2026-05
2026-05-15,Alyssa Thomas,Assists,Under,6.5,-136,58.70%,2.40%,WIN,6.4,3,3.68,57.60%,Friday,2026-05
2026-05-15,Alyssa Thomas,Assists,Under,2.5,110,50.40%,5.30%,LOSS,2,4,-5,47.60%,Friday,2026-05
2026-05-15,Alyssa Thomas,Points,Over,23.5,-102,54.80%,8.60%,WIN,27.6,45,4.9,50.50%,Friday,2026-05
2026-05-15,Alyssa Thomas,Points,Under,15.5,-110,53.90%,3.10%,WIN,14.5,9,4.55,52.40%,Friday,2026-05
2026-05-15,Alyssa Thomas,Points,Under,16.5,-102,49.70%,-1.60%,LOSS,15.9,17,-5,50.50%,Friday,2026-05
2026-05-15,Alyssa Thomas,Points,Under,16.5,-128,60.00%,8.80%,LOSS,12.8,27,-5,56.10%,Friday,2026-05
2026-05-15,Alyssa Thomas,Points,Over,19.5,-120,46.90%,-16.90%,WIN,19.8,32,4.17,54.50%,Friday,2026-05
2026-05-15,Alyssa Thomas,Points,Over,11.5,-102,51.80%,2.70%,WIN,12,12,4.9,50.50%,Friday,2026-05
2026-05-15,Alyssa Thomas,Points,Over,12.5,-120,61.80%,16.10%,WIN,21.3,18,4.17,54.50%,Friday,2026-05
2026-05-15,Alyssa Thomas,Points,Under,11.5,-108,54.00%,4.40%,WIN,10.1,8,4.63,51.90%,Friday,2026-05
2026-05-15,Alyssa Thomas,Points,Over,16.5,-108,55.00%,6.30%,WIN,18.7,19,4.63,51.90%,Friday,2026-05
2026-05-15,Alyssa Thomas,Points,Under,10.5,-132,62.30%,12.60%,WIN,5.9,10,3.79,56.90%,Friday,2026-05
2026-05-15,Alyssa Thomas,Points,Over,8.5,-132,50.70%,-14.40%,WIN,9.3,10,3.79,56.90%,Friday,2026-05
2026-05-15,Alyssa Thomas,Points,Under,9.5,-132,61.00%,9.50%,WIN,5.7,7,3.79,56.90%,Friday,2026-05
2026-05-15,Alyssa Thomas,Points,Over,16.5,-110,54.60%,4.60%,LOSS,18.5,13,-5,52.40%,Friday,2026-05
2026-05-15,Alyssa Thomas,Points,Over,9.5,100,52.50%,5.70%,LOSS,11.7,6,-5,50.00%,Friday,2026-05
2026-05-15,Alyssa Thomas,Points,Under,18.5,-102,52.70%,4.50%,WIN,16.7,17,4.9,50.50%,Friday,2026-05
2026-05-15,Alyssa Thomas,Points,Over,13.5,-125,50.50%,-11.50%,LOSS,14.4,7,-5,55.60%,Friday,2026-05
2026-05-15,Alyssa Thomas,Points,Over,21.5,-115,45.60%,-17.00%,WIN,22.8,24,4.35,53.50%,Friday,2026-05
2026-05-15,Alyssa Thomas,Points,Over,20.5,-118,47.00%,-15.60%,WIN,21.3,27,4.24,54.10%,Friday,2026-05
2026-05-15,Alyssa Thomas,Points,Under,14.5,-110,53.10%,1.50%,LOSS,14,25,-5,52.40%,Friday,2026-05
2026-05-15,Alyssa Thomas,Points,Under,19.5,-108,56.50%,9.60%,WIN,15.7,7,4.63,51.90%,Friday,2026-05
2026-05-15,Alyssa Thomas,Points,Over,7.5,-130,53.80%,-6.20%,WIN,8.3,10,3.85,56.50%,Friday,2026-05
2026-05-15,Alyssa Thomas,Points,Under,8.5,-110,53.90%,3.20%,WIN,7,4,4.55,52.40%,Friday,2026-05
2026-05-15,Alyssa Thomas,Points,Over,17.5,-113,53.70%,1.40%,WIN,18.6,20,4.42,53.10%,Friday,2026-05
2026-05-15,Alyssa Thomas,Points,Under,8.5,-114,55.10%,4.00%,LOSS,6.4,14,-5,53.30%,Friday,2026-05
2026-05-15,Alyssa Thomas,Points,Under,16.5,-114,55.40%,4.60%,LOSS,14.7,29,-5,53.30%,Friday,2026-05
2026-05-15,Alyssa Thomas,Points,Under,8.5,-128,55.10%,-2.40%,LOSS,7.8,14,-5,56.10%,Friday,2026-05
2026-05-15,Alyssa Thomas,Points,Under,14.5,-125,55.30%,-0.70%,LOSS,14.2,19,-5,55.60%,Friday,2026-05
2026-05-15,Alyssa Thomas,Points,Under,16.5,-122,56.00%,2.30%,WIN,15.1,0,4.1,55.00%,Friday,2026-05
2026-05-15,Alyssa Thomas,Points,Under,16.5,-102,50.90%,0.90%,LOSS,15.7,30,-5,50.50%,Friday,2026-05
2026-05-15,Alyssa Thomas,Points,Over,7.5,-130,57.40%,2.00%,LOSS,9.5,7,-5,56.50%,Friday,2026-05
2026-05-15,Alyssa Thomas,Pts + Asts,Over,26.5,-106,54.80%,7.00%,WIN,29.9,48,4.72,51.50%,Friday,2026-05
2026-05-15,Alyssa Thomas,Pts + Asts,Over,19.5,-106,47.00%,-9.10%,LOSS,19.7,10,-5,51.50%,Friday,2026-05
2026-05-15,Alyssa Thomas,Pts + Asts,Under,26.5,-110,55.40%,6.50%,WIN,25,23,4.55,52.40%,Friday,2026-05
2026-05-15,Alyssa Thomas,Pts + Asts,Over,28.5,-118,51.10%,-6.50%,WIN,28.7,40,4.24,54.10%,Friday,2026-05
2026-05-15,Alyssa Thomas,Pts + Asts,Over,17.5,-120,53.80%,-1.60%,WIN,18.4,22,4.17,54.50%,Friday,2026-05
2026-05-15,Alyssa Thomas,Pts + Asts,Over,12.5,-125,55.80%,0.60%,WIN,12.9,17,4,55.60%,Friday,2026-05
2026-05-15,Alyssa Thomas,Pts + Asts,Under,13.5,-106,51.50%,0.20%,WIN,11.2,11,4.72,51.50%,Friday,2026-05
2026-05-15,Alyssa Thomas,Pts + Asts,Over,22.5,-112,53.20%,0.70%,LOSS,24.5,19,-5,52.80%,Friday,2026-05
2026-05-15,Alyssa Thomas,Pts + Asts,Under,26.5,-125,58.50%,6.50%,LOSS,24.8,36,-5,55.60%,Friday,2026-05
2026-05-15,Alyssa Thomas,Pts + Asts,Under,23.5,-102,54.60%,8.30%,WIN,19.6,7,4.9,50.50%,Friday,2026-05
2026-05-15,Alyssa Thomas,Pts + Asts,Under,12.5,-136,48.90%,-20.50%,LOSS,11.2,21,-5,57.60%,Friday,2026-05
2026-05-15,Alyssa Thomas,Pts + Asts,Under,22.5,-102,51.50%,2.10%,WIN,21.8,3,4.9,50.50%,Friday,2026-05
2026-05-15,Alyssa Thomas,Pts + Rebs,Over,32.5,-118,54.60%,1.10%,WIN,33.9,48,4.24,54.10%,Friday,2026-05
2026-05-15,Alyssa Thomas,Pts + Rebs,Under,24.5,-130,57.40%,2.10%,WIN,23.1,13,3.85,56.50%,Friday,2026-05
2026-05-15,Alyssa Thomas,Pts + Rebs,Under,25.5,-114,54.30%,2.30%,LOSS,24.2,28,-5,53.30%,Friday,2026-05
2026-05-15,Alyssa Thomas,Pts + Rebs,Under,24.5,-104,51.20%,0.40%,LOSS,24.4,36,-5,51.00%,Friday,2026-05
2026-05-15,Alyssa Thomas,Pts + Rebs,Over,14.5,-125,56.30%,1.80%,WIN,16.7,19,4,55.60%,Friday,2026-05
2026-05-15,Alyssa Thomas,Pts + Rebs,Under,18.5,-128,57.80%,3.70%,WIN,16.8,15,3.91,56.10%,Friday,2026-05
2026-05-15,Alyssa Thomas,Pts + Rebs,Over,23.5,-125,56.40%,1.80%,WIN,25.2,26,4,55.60%,Friday,2026-05
2026-05-15,Alyssa Thomas,Pts + Rebs,Under,13.5,-130,56.50%,0.00%,WIN,9,13,3.85,56.50%,Friday,2026-05
2026-05-15,Alyssa Thomas,Pts + Rebs,Over,21.5,-106,52.00%,1.10%,LOSS,22,19,-5,51.50%,Friday,2026-05
2026-05-15,Aneesah Morrow,Pts + Rebs,Under,24.5,-125,55.30%,-0.50%,WIN,23.8,15,4,55.60%,Friday,2026-05
2026-05-15,Aneesah Morrow,Pts + Rebs,Over,23.5,-125,52.50%,-6.90%,WIN,24.5,27,4,55.60%,Friday,2026-05
2026-05-15,Aneesah Morrow,Pts + Rebs,Under,24.5,-122,52.10%,-6.40%,LOSS,24.4,38,-5,55.00%,Friday,2026-05
2026-05-15,Aneesah Morrow,Pts + Rebs,Under,24.5,-108,58.50%,13.70%,WIN,19.7,9,4.63,51.90%,Friday,2026-05
2026-05-15,Aneesah Morrow,Pts + Rebs,Under,13.5,-132,51.10%,-13.30%,LOSS,13,19,-5,56.90%,Friday,2026-05
2026-05-15,Aneesah Morrow,Pts + Rebs,Under,25.5,-122,52.20%,-6.10%,WIN,25.5,25,4.1,55.00%,Friday,2026-05
2026-05-15,Aneesah Morrow,Pts + Rebs,Under,21.5,-118,60.20%,13.20%,LOSS,17.2,35,-5,54.10%,Friday,2026-05
2026-05-15,Aneesah Morrow,Pts + Rebs,Under,22.5,-106,52.90%,3.00%,LOSS,21,28,-5,51.50%,Friday,2026-05
2026-05-15,Aneesah Morrow,Pts + Rebs,Under,20.5,-106,54.80%,7.00%,LOSS,18.6,36,-5,51.50%,Friday,2026-05
2026-05-15,Aneesah Morrow,Rebs + Asts,Under,12.5,-106,61.20%,20.10%,WIN,10.1,6,4.72,51.50%,Friday,2026-05
2026-05-15,Aneesah Morrow,Rebs + Asts,Over,15.5,-128,58.90%,6.30%,LOSS,13.3,5,-5,56.10%,Friday,2026-05
2026-05-15,Aneesah Morrow,Rebs + Asts,Under,17.5,-138,59.00%,2.40%,WIN,17.2,17,3.62,58.00%,Friday,2026-05
2026-05-15,Aneesah Morrow,Rebs + Asts,Under,13.5,-102,52.40%,3.90%,WIN,13.3,14,4.9,50.50%,Friday,2026-05
2026-05-15,Aneesah Morrow,Rebs + Asts,Over,9.5,-130,48.60%,-18.10%,WIN,10,17,3.85,56.50%,Friday,2026-05
2026-05-15,Aneesah Morrow,Rebs + Asts,Over,10.5,-130,48.00%,-19.70%,WIN,10.9,12,3.85,56.50%,Friday,2026-05
2026-05-15,Aneesah Morrow,Rebs + Asts,Under,8.5,-112,48.10%,-10.00%,LOSS,8.5,9,-5,52.80%,Friday,2026-05
2026-05-15,Aneesah Morrow,Rebs + Asts,Over,8.5,-154,62.10%,3.80%,LOSS,8.4,2,-5,60.60%,Friday,2026-05
2026-05-15,Aneesah Morrow,Threes,Under,2.5,100,54.90%,9.80%,LOSS,2.3,7,-5,50.00%,Friday,2026-05
2026-05-15,Aneesah Morrow,Threes,Over,1.5,-130,60.60%,9.40%,WIN,2.4,3,3.85,56.50%,Friday,2026-05
2026-05-15,Aneesah Morrow,Threes,Under,1.5,-154,59.20%,-3.70%,WIN,1,0,3.25,60.60%,Friday,2026-05
2026-05-15,Aneesah Morrow,Threes,Under,1.5,-270,64.20%,-34.20%,LOSS,0.96,2,-5,73.00%,Friday,2026-05
2026-05-15,Aneesah Morrow,Threes,Under,1.5,-114,57.80%,9.80%,LOSS,0.91,2,-5,53.30%,Friday,2026-05
2026-05-15,Aneesah Morrow,Threes,Over,1.5,109,51.90%,7.30%,LOSS,1.8,1,-5,47.80%,Friday,2026-05
2026-05-15,Aneesah Morrow,Threes,Under,2.5,-205,68.70%,4.50%,WIN,2,0,2.44,67.20%,Friday,2026-05
2026-05-15,Aneesah Morrow,Threes,Over,1.5,-130,61.80%,12.10%,LOSS,3,1,-5,56.50%,Friday,2026-05
2026-05-15,Aneesah Morrow,Threes,Under,2.5,-210,78.50%,33.50%,WIN,0.44,1,2.38,67.70%,Friday,2026-05
2026-05-15,Aneesah Morrow,Threes,Under,2.5,-110,58.90%,13.70%,LOSS,2.1,4,-5,52.40%,Friday,2026-05
2026-05-15,Aneesah Morrow,Threes,Under,2.5,-162,68.40%,17.30%,LOSS,1.8,4,-5,61.80%,Friday,2026-05
2026-05-15,Aneesah Morrow,Threes,Under,2.5,114,56.10%,17.60%,WIN,2,1,5.7,46.70%,Friday,2026-05
2026-05-15,Aneesah Morrow,Threes,Over,1.5,126,49.50%,9.50%,LOSS,1.8,1,-5,44.20%,Friday,2026-05
2026-05-15,Aneesah Morrow,Threes,Under,1.5,-125,56.10%,1.20%,LOSS,1.6,4,-5,55.60%,Friday,2026-05
2026-05-15,Aneesah Morrow,Threes,Over,1.5,148,43.40%,5.20%,LOSS,1.7,0,-5,40.30%,Friday,2026-05
2026-05-15,Aneesah Morrow,Threes,Over,1.5,-162,60.30%,-4.00%,LOSS,2.1,1,-5,61.80%,Friday,2026-05
2026-05-15,Aneesah Morrow,Threes,Over,1.5,-106,55.40%,8.10%,LOSS,2.2,1,-5,51.50%,Friday,2026-05
2026-05-17,Angel Reese,Assists,Over,2.5,-180,64.60%,0.90%,LOSS,3.4,1,-5,64.30%,Sunday,2026-05
2026-05-17,Angel Reese,Assists,Under,4.5,-160,62.30%,1.90%,WIN,3.6,3,3.13,61.50%,Sunday,2026-05
2026-05-17,Angel Reese,Assists,Over,8.5,104,55.60%,12.80%,WIN,11.1,10,5.2,49.00%,Sunday,2026-05
2026-05-17,Angel Reese,Assists,Over,5.5,-120,55.40%,1.90%,WIN,7,6,4.17,54.50%,Sunday,2026-05
2026-05-17,Angel Reese,Assists,Over,4.5,-114,56.80%,7.60%,LOSS,7,3,-5,53.30%,Sunday,2026-05
2026-05-17,Angel Reese,Assists,Under,3.5,-180,64.70%,1.00%,WIN,2.4,3,2.78,64.30%,Sunday,2026-05
2026-05-17,Angel Reese,Assists,Under,4.5,-152,61.20%,2.10%,LOSS,4,7,-5,60.30%,Sunday,2026-05
2026-05-17,Angel Reese,Assists,Over,5.5,-148,51.70%,-19.70%,WIN,6,7,3.38,59.70%,Sunday,2026-05
2026-05-17,Angel Reese,Assists,Under,4.5,-136,59.10%,3.50%,WIN,3.7,3,3.68,57.60%,Sunday,2026-05
2026-05-17,Angel Reese,Assists,Under,6.5,-158,62.00%,2.00%,WIN,6.2,5,3.16,61.20%,Sunday,2026-05
2026-05-17,Angel Reese,Assists,Over,5.5,-118,55.60%,3.20%,WIN,7.2,7,4.24,54.10%,Sunday,2026-05
2026-05-17,Angel Reese,Assists,Under,3.5,-158,61.20%,0.00%,LOSS,2.9,4,-5,61.20%,Sunday,2026-05
2026-05-17,Angel Reese,Assists,Under,3.5,108,48.90%,1.60%,WIN,3.3,2,5.4,48.10%,Sunday,2026-05
2026-05-17,Angel Reese,Assists,Over,6.5,-140,50.90%,-17.70%,LOSS,7.7,2,-5,58.30%,Sunday,2026-05
2026-05-17,Angel Reese,Points,Over,23.5,-115,56.20%,5.90%,LOSS,26.7,20,-5,53.50%,Sunday,2026-05
2026-05-17,Angel Reese,Points,Under,19.5,-125,55.90%,0.80%,LOSS,19.8,25,-5,55.60%,Sunday,2026-05
2026-05-17,Angel Reese,Points,Over,13.5,-104,50.20%,-1.50%,LOSS,14,9,-5,51.00%,Sunday,2026-05
2026-05-17,Angel Reese,Points,Under,17.5,-114,57.70%,9.50%,LOSS,14,38,-5,53.30%,Sunday,2026-05
2026-05-17,Angel Reese,Points,Over,20.5,-128,49.40%,-15.30%,WIN,22.4,21,3.91,56.10%,Sunday,2026-05
2026-05-17,Angel Reese,Points,Under,7.5,-125,57.30%,3.90%,WIN,5.5,7,4,55.60%,Sunday,2026-05
2026-05-17,Angel Reese,Points,Over,10.5,-125,57.70%,4.70%,WIN,12.7,21,4,55.60%,Sunday,2026-05
2026-05-17,Angel Reese,Points,Over,13.5,-118,50.40%,13.60%,WIN,20.7,20,4.24,54.10%,Sunday,2026-05
2026-05-17,Angel Reese,Points,Under,15.5,-122,55.90%,2.10%,LOSS,14.3,17,-5,55.00%,Sunday,2026-05
2026-05-17,Angel Reese,Points,Over,16.5,-118,55.70%,3.40%,WIN,18.6,21,4.24,54.10%,Sunday,2026-05
2026-05-17,Angel Reese,Points,Under,9.5,-110,53.40%,2.10%,WIN,8.7,4,4.55,52.40%,Sunday,2026-05
2026-05-17,Angel Reese,Points,Under,15.5,-115,60.10%,14.30%,WIN,10.8,14,4.35,53.50%,Sunday,2026-05
2026-05-17,Angel Reese,Points,Over,15.5,-128,56.50%,0.70%,LOSS,17.8,0,-5,56.10%,Sunday,2026-05
2026-05-17,Angel Reese,Points,Under,9.5,-108,53.20%,2.70%,LOSS,8.5,12,-5,51.90%,Sunday,2026-05
2026-05-17,Angel Reese,Points,Over,7.5,-122,58.60%,8.00%,LOSS,11.1,7,-5,55.00%,Sunday,2026-05
2026-05-17,Angel Reese,Points,Under,12.5,-130,52.80%,-8.60%,WIN,12,11,3.85,56.50%,Sunday,2026-05
2026-05-17,Angel Reese,Points,Over,13.5,-106,50.50%,-2.00%,LOSS,14.3,11,-5,51.50%,Sunday,2026-05
2026-05-17,Angel Reese,Points,Over,15.5,-110,51.90%,-1.00%,WIN,15.4,20,4.55,52.40%,Sunday,2026-05
2026-05-17,Angel Reese,Points,Over,21.5,-120,56.30%,3.90%,LOSS,24,17,-5,54.50%,Sunday,2026-05
2026-05-17,Angel Reese,Points,Over,21.5,-118,46.10%,-17.50%,WIN,22.6,28,4.24,54.10%,Sunday,2026-05
2026-05-17,Angel Reese,Points,Under,19.5,-122,58.40%,7.70%,WIN,15.9,14,4.1,55.00%,Sunday,2026-05
2026-05-17,Angel Reese,Points,Under,9.5,-128,56.90%,1.60%,WIN,8,4,3.91,56.10%,Sunday,2026-05
2026-05-17,Angel Reese,Points,Under,7.5,-132,58.30%,3.30%,LOSS,5.8,13,-5,56.90%,Sunday,2026-05
2026-05-17,Angel Reese,Points,Under,14.5,-132,63.30%,14.90%,LOSS,10,17,-5,56.90%,Sunday,2026-05
2026-05-17,Angel Reese,Points,Over,10.5,-114,50.60%,-5.60%,WIN,10.6,19,4.39,53.30%,Sunday,2026-05
2026-05-17,Angel Reese,Points,Under,8.5,-104,55.20%,8.50%,WIN,5.2,2,4.81,51.00%,Sunday,2026-05
2026-05-17,Angel Reese,Points,Over,17.5,-113,54.10%,2.20%,LOSS,18.6,17,-5,53.10%,Sunday,2026-05
2026-05-17,Angel Reese,Points,Under,8.5,-120,54.80%,0.50%,WIN,7.7,7,4.17,54.50%,Sunday,2026-05
2026-05-17,Angel Reese,Points,Over,15.5,-120,54.90%,0.90%,LOSS,17.7,13,-5,54.50%,Sunday,2026-05
2026-05-17,Angel Reese,Points,Under,18.5,100,51.60%,3.30%,WIN,16.1,6,5,50.00%,Sunday,2026-05
2026-05-17,Angel Reese,Points,Under,8.5,-130,51.60%,-11.30%,LOSS,8.4,17,-5,56.50%,Sunday,2026-05
2026-05-17,Angel Reese,Points,Under,8.5,-102,54.80%,8.70%,WIN,5.2,6,4.9,50.50%,Sunday,2026-05
2026-05-17,Angel Reese,Pts + Asts,Over,26.5,-122,57.10%,4.80%,LOSS,29.6,21,-5,55.00%,Sunday,2026-05
2026-05-17,Angel Reese,Pts + Asts,Over,22.5,-106,51.00%,-0.90%,WIN,23.3,26,4.72,51.50%,Sunday,2026-05
2026-05-17,Angel Reese,Pts + Asts,Over,16.5,-110,54.70%,4.80%,LOSS,19.6,12,-5,52.40%,Sunday,2026-05
2026-05-17,Angel Reese,Pts + Asts,Under,22.5,-130,60.30%,8.80%,LOSS,18.4,41,-5,56.50%,Sunday,2026-05
2026-05-17,Angel Reese,Pts + Asts,Over,29.5,-114,52.60%,-1.40%,WIN,30,31,4.39,53.30%,Sunday,2026-05
2026-05-17,Angel Reese,Pts + Asts,Over,16.5,-120,56.10%,3.50%,WIN,19.3,27,4.17,54.50%,Sunday,2026-05
2026-05-17,Angel Reese,Pts + Asts,Over,19.5,-130,56.70%,0.40%,WIN,20.8,20,3.85,56.50%,Sunday,2026-05
2026-05-17,Angel Reese,Pts + Asts,Over,19.5,-130,57.40%,2.00%,WIN,21.6,24,3.85,56.50%,Sunday,2026-05
2026-05-17,Angel Reese,Pts + Asts,Under,14.5,-130,49.70%,-15.70%,WIN,13.8,11,3.85,56.50%,Sunday,2026-05
2026-05-17,Angel Reese,Pts + Asts,Over,22.5,-105,51.20%,1.50%,LOSS,24.5,7,-5,51.20%,Sunday,2026-05
2026-05-17,Angel Reese,Pts + Asts,Under,14.5,-122,51.00%,-8.80%,LOSS,13.3,15,-5,55.00%,Sunday,2026-05
2026-05-17,Angel Reese,Pts + Asts,Under,18.5,-118,53.30%,-1.80%,WIN,18.3,16,4.24,54.10%,Sunday,2026-05
2026-05-17,Angel Reese,Pts + Asts,Under,27.5,-114,55.60%,5.00%,LOSS,26.9,35,-5,53.30%,Sunday,2026-05
2026-05-17,Angel Reese,Pts + Asts,Under,25.5,-112,57.60%,10.10%,WIN,17.5,18,4.46,52.80%,Sunday,2026-05
2026-05-17,Angel Reese,Pts + Asts,Under,14.5,-114,51.90%,-3.00%,LOSS,13,21,-5,53.30%,Sunday,2026-05
2026-05-17,Angel Reese,Pts + Asts,Over,22.5,-128,53.40%,-6.30%,LOSS,24.2,15,-5,56.10%,Sunday,2026-05
2026-05-17,Angel Reese,Pts + Rebs,Over,32.5,-128,59.30%,7.20%,LOSS,37,26,-5,56.10%,Sunday,2026-05
2026-05-17,Angel Reese,Pts + Rebs,Over,26.5,-130,59.30%,6.30%,LOSS,30.6,17,-5,56.50%,Sunday,2026-05
2026-05-17,Angel Reese,Pts + Rebs,Under,21.5,-102,57.80%,14.80%,LOSS,16.5,39,-5,50.50%,Sunday,2026-05
2026-05-17,Angel Reese,Pts + Rebs,Under,26.5,-122,55.30%,0.80%,LOSS,25.9,28,-5,55.00%,Sunday,2026-05
2026-05-17,Angel Reese,Pts + Rebs,Under,11.5,-114,47.60%,-12.20%,WIN,9.9,9,4.39,53.30%,Sunday,2026-05
2026-05-17,Angel Reese,Pts + Rebs,Over,14.5,-112,55.30%,5.30%,WIN,16.9,26,4.46,52.80%,Sunday,2026-05
2026-05-17,Angel Reese,Pts + Rebs,Under,20.5,-120,56.70%,4.90%,LOSS,18.9,22,-5,54.50%,Sunday,2026-05
2026-05-17,Angel Reese,Pts + Rebs,Over,24.5,-105,49.60%,-2.80%,WIN,24.7,30,4.76,51.20%,Sunday,2026-05
2026-05-17,Angel Reese,Pts + Rebs,Under,20.5,-125,60.70%,11.70%,WIN,15.2,20,4,55.60%,Sunday,2026-05
2026-05-17,Angel Reese,Pts + Rebs,Over,21.5,100,51.00%,2.10%,LOSS,22.8,7,-5,50.00%,Sunday,2026-05
2026-05-17,Angel Reese,Pts + Rebs,Over,15.5,-114,50.80%,-5.30%,LOSS,15.6,14,-5,53.30%,Sunday,2026-05
2026-05-17,Angel Reese,Pts + Rebs,Under,23.5,-128,54.50%,-3.70%,WIN,23.3,23,3.91,56.10%,Sunday,2026-05
2026-05-17,Angel Reese,Pts + Rebs,Over,24.5,-120,52.10%,-5.50%,WIN,25.2,29,4.17,54.50%,Sunday,2026-05
2026-05-17,Angel Reese,Pts + Rebs,Under,23.5,-122,61.80%,15.20%,WIN,18.1,17,4.1,55.00%,Sunday,2026-05
2026-05-17,Angel Reese,Pts + Rebs,Under,12.5,-122,53.00%,-4.30%,LOSS,10.4,19,-5,55.00%,Sunday,2026-05
2026-05-17,Angel Reese,Pts + Rebs,Under,21.5,-122,61.10%,13.70%,LOSS,14.7,26,-5,55.00%,Sunday,2026-05
2026-05-17,Angel Reese,Pts + Rebs,Under,12.5,-103,51.40%,1.00%,LOSS,11.1,21,-5,50.70%,Sunday,2026-05
2026-05-17,Angel Reese,Pts + Rebs,Over,24.5,-125,52.20%,-7.40%,LOSS,25.2,24,-5,55.60%,Sunday,2026-05
2026-05-17,Angel Reese,Pts + Rebs,Under,20.5,-112,53.70%,1.80%,LOSS,21.5,19,-5,52.80%,Sunday,2026-05
2026-05-17,Angel Reese,Pts + Rebs,Under,23.5,-125,58.50%,6.70%,WIN,20.4,7,4,55.60%,Sunday,2026-05
2026-05-17,Angel Reese,Pts + Rebs,Under,11.5,100,47.60%,-4.90%,LOSS,11.2,20,-5,50.00%,Sunday,2026-05
2026-05-17,Angel Reese,Pts + Rebs,Under,13.5,100,51.50%,3.00%,WIN,9,11,5,50.00%,Sunday,2026-05
2026-05-17,Angel Reese,Rebs + Asts,Under,12.5,-128,60.80%,10.60%,WIN,11.1,7,3.91,56.10%,Sunday,2026-05
2026-05-17,Angel Reese,Rebs + Asts,Over,8.5,-102,52.80%,4.60%,WIN,9.6,10,4.9,50.50%,Sunday,2026-05
2026-05-17,Angel Reese,Rebs + Asts,Under,16.5,-112,53.30%,0.90%,WIN,16,11,4.46,52.80%,Sunday,2026-05
2026-05-17,Angel Reese,Rebs + Asts,Under,8.5,-130,57.70%,2.60%,WIN,7.1,4,3.85,56.50%,Sunday,2026-05
2026-05-17,Angel Reese,Rebs + Asts,Over,13.5,-118,46.30%,-17.00%,WIN,13.7,17,4.24,54.10%,Sunday,2026-05
2026-05-17,Angel Reese,Rebs + Asts,Over,9.5,102,52.20%,5.40%,WIN,11.2,11,5.1,49.50%,Sunday,2026-05
2026-05-17,Angel Reese,Rebs + Asts,Over,9.5,-125,57.50%,4.30%,LOSS,11.4,8,-5,55.60%,Sunday,2026-05
2026-05-17,Angel Reese,Rebs + Asts,Under,10.5,-122,58.40%,7.60%,LOSS,9.9,12,-5,55.00%,Sunday,2026-05
2026-05-17,Angel Reese,Rebs + Asts,Over,10.5,-140,49.10%,-22.20%,WIN,10.9,14,3.57,58.30%,Sunday,2026-05
2026-05-17,Angel Reese,Rebs + Asts,Over,9.5,-112,45.60%,-15.30%,LOSS,9.7,8,-5,52.80%,Sunday,2026-05
2026-05-17,Angel Reese,Rebs + Asts,Under,8.5,-118,52.60%,-3.30%,WIN,8.2,8,4.24,54.10%,Sunday,2026-05
2026-05-17,Angel Reese,Rebs + Asts,Under,7.5,-132,54.50%,-5.60%,WIN,6.3,7,3.79,56.90%,Sunday,2026-05
2026-05-17,Angel Reese,Rebs + Asts,Under,6.5,-122,45.70%,-20.60%,WIN,5.5,4,4.1,55.00%,Sunday,2026-05
2026-05-17,Angel Reese,Rebs + Asts,Under,11.5,-112,57.10%,9.00%,WIN,10.7,8,4.46,52.80%,Sunday,2026-05
2026-05-17,Angel Reese,Threes,Under,2.5,-166,65.30%,7.70%,WIN,2,1,3.01,62.40%,Sunday,2026-05
2026-05-17,Angel Reese,Threes,Under,1.5,-200,70.40%,11.20%,LOSS,0.7,3,-5,66.70%,Sunday,2026-05
2026-05-17,Angel Reese,Threes,Over,2.5,-146,73.00%,33.70%,LOSS,5,2,-5,59.30%,Sunday,2026-05
2026-05-17,Angel Reese,Threes,Over,1.5,-108,55.60%,7.60%,WIN,2.2,5,4.63,51.90%,Sunday,2026-05
2026-05-17,Angel Reese,Threes,Under,1.5,-168,55.40%,-19.60%,LOSS,1.2,3,-5,62.70%,Sunday,2026-05
2026-05-17,Angel Reese,Threes,Under,1.5,-144,56.80%,-5.60%,WIN,1.6,0,3.47,59.00%,Sunday,2026-05
2026-05-17,Angel Reese,Threes,Under,1.5,-122,55.40%,1.10%,WIN,1.5,0,4.1,55.00%,Sunday,2026-05
2026-05-17,Angel Reese,Threes,Under,3.5,132,47.80%,8.30%,WIN,1.4,0,6.6,43.10%,Sunday,2026-05
2026-05-17,Angel Reese,Threes,Over,1.5,110,53.20%,10.70%,WIN,2.2,2,5.5,47.60%,Sunday,2026-05
2026-05-17,Angel Reese,Threes,Under,2.5,-200,61.10%,-16.60%,WIN,2.4,2,2.5,66.70%,Sunday,2026-05
2026-05-17,Angel Reese,Threes,Over,2.5,-118,51.20%,-6.30%,LOSS,3.5,1,-5,54.10%,Sunday,2026-05
2026-05-17,Angel Reese,Threes,Under,2.5,-144,60.90%,4.50%,WIN,2.2,1,3.47,59.00%,Sunday,2026-05
2026-05-17,Ariel Akins,Threes,Under,2.5,116,60.10%,25.70%,WIN,1.6,2,5.8,46.30%,Sunday,2026-05
2026-05-17,Ariel Akins,Threes,Under,0.5,154,43.70%,7.20%,LOSS,0.37,3,-5,39.40%,Sunday,2026-05
2026-05-17,Ariel Akins,Threes,Over,1.5,140,49.40%,13.30%,WIN,1.9,2,7,41.70%,Sunday,2026-05
2026-05-17,Ariel Akins,Threes,Over,1.5,-166,64.50%,5.50%,LOSS,2.6,0,-5,62.40%,Sunday,2026-05
2026-05-17,Ariel Akins,Threes,Over,1.5,140,49.60%,13.60%,LOSS,1.9,1,-5,41.70%,Sunday,2026-05
2026-05-17,Ariel Atkins,Threes,Under,1.5,-205,70.60%,10.30%,WIN,0.67,0,2.44,67.20%,Sunday,2026-05
2026-05-18,Ariel Atkins,Assists,Over,3.5,-174,65.00%,4.10%,LOSS,5.1,3,-5,63.50%,Monday,2026-05
2026-05-18,Ariel Atkins,Assists,Under,4.5,-138,62.90%,11.60%,WIN,2.6,3,3.62,58.00%,Monday,2026-05
2026-05-18,Ariel Atkins,Assists,Under,4.5,-140,60.90%,6.10%,LOSS,3.4,6,-5,58.30%,Monday,2026-05
2026-05-18,Ariel Atkins,Assists,Under,5.5,-118,56.60%,5.40%,LOSS,4.8,7,-5,54.10%,Monday,2026-05
2026-05-18,Ariel Atkins,Assists,Under,4.5,-136,61.60%,9.40%,LOSS,2.8,6,-5,57.60%,Monday,2026-05
2026-05-18,Ariel Atkins,Assists,Over,2.5,114,47.90%,2.20%,LOSS,2.5,1,-5,46.70%,Monday,2026-05
2026-05-18,Ariel Atkins,Assists,Over,2.5,-128,53.60%,-5.80%,LOSS,2.7,1,-5,56.10%,Monday,2026-05
2026-05-18,Ariel Atkins,Points,Under,13.5,100,56.80%,13.60%,WIN,9.5,12,5,50.00%,Monday,2026-05
2026-05-18,Ariel Atkins,Points,Under,16.5,-104,52.20%,2.50%,WIN,15.7,16,4.81,51.00%,Monday,2026-05
2026-05-18,Ariel Atkins,Points,Under,15.5,-120,62.50%,17.50%,LOSS,9.3,18,-5,54.50%,Monday,2026-05
2026-05-18,Ariel Atkins,Points,Under,13.5,-120,60.70%,13.40%,LOSS,9.2,16,-5,54.50%,Monday,2026-05
2026-05-18,Ariel Atkins,Points,Under,9.5,-102,53.20%,5.50%,LOSS,7.4,12,-5,50.50%,Monday,2026-05
2026-05-18,Ariel Atkins,Points,Under,10.5,-118,57.30%,7.00%,LOSS,8.1,12,-5,54.10%,Monday,2026-05
2026-05-18,Ariel Atkins,Points,Over,15.5,-104,51.50%,1.00%,LOSS,16.1,9,-5,51.00%,Monday,2026-05
2026-05-18,Ariel Atkins,Points,Under,11.5,-132,60.50%,8.30%,WIN,8.9,2,3.79,56.90%,Monday,2026-05
2026-05-18,Ariel Atkins,Points,Over,10.5,-102,52.70%,4.40%,LOSS,11.9,0,-5,50.50%,Monday,2026-05
2026-05-18,Ariel Atkins,Points,Over,20.5,-102,46.80%,-7.50%,LOSS,21.4,18,-5,50.50%,Monday,2026-05
2026-05-18,Ariel Atkins,Points,Under,9.5,-132,57.00%,0.20%,WIN,9.1,9,3.79,56.90%,Monday,2026-05
2026-05-18,Ariel Atkins,Points,Over,14.5,-120,53.80%,-1.60%,LOSS,15.4,12,-5,54.50%,Monday,2026-05
2026-05-18,Ariel Atkins,Points,Under,17.5,100,49.90%,-0.10%,WIN,17,7,5,50.00%,Monday,2026-05
2026-05-18,Ariel Atkins,Pts + Asts,Under,14.5,-118,54.90%,1.70%,LOSS,10.3,15,-5,54.10%,Monday,2026-05
2026-05-18,Ariel Atkins,Pts + Asts,Under,14.5,-122,55.60%,1.30%,LOSS,11.6,18,-5,55.00%,Monday,2026-05
2026-05-18,Ariel Atkins,Pts + Asts,Over,25.5,-130,57.90%,3.20%,LOSS,28.2,25,-5,56.50%,Monday,2026-05
2026-05-18,Ariel Atkins,Pts + Asts,Under,13.5,-110,52.60%,0.50%,LOSS,12.3,15,-5,52.40%,Monday,2026-05
2026-05-18,Ariel Atkins,Pts + Asts,Under,20.5,-104,51.40%,0.80%,WIN,19.9,8,4.81,51.00%,Monday,2026-05
2026-05-18,Ariel Atkins,Pts + Rebs,Under,24.5,-122,63.20%,18.40%,WIN,17.4,24,4.1,55.00%,Monday,2026-05
2026-05-18,Ariel Atkins,Pts + Rebs,Under,18.5,-104,56.20%,10.60%,LOSS,13.5,23,-5,51.00%,Monday,2026-05
2026-05-18,Ariel Atkins,Pts + Rebs,Under,19.5,-118,59.50%,11.70%,LOSS,12.8,21,-5,54.10%,Monday,2026-05
2026-05-18,Ariel Atkins,Pts + Rebs,Under,19.5,-132,61.50%,10.60%,LOSS,13.4,28,-5,56.90%,Monday,2026-05
2026-05-18,Ariel Atkins,Pts + Rebs,Over,25.5,-114,50.50%,-5.90%,LOSS,26.5,19,-5,53.30%,Monday,2026-05
2026-05-18,Ariel Atkins,Pts + Rebs,Over,23.5,-114,55.40%,4.60%,LOSS,26.5,21,-5,53.30%,Monday,2026-05
2026-05-18,Ariel Atkins,Pts + Rebs,Under,23.5,-102,52.80%,4.70%,WIN,21.8,16,4.9,50.50%,Monday,2026-05
2026-05-18,Ariel Atkins,Pts + Rebs,Under,22.5,-130,54.20%,-5.40%,WIN,21.6,8,3.85,56.50%,Monday,2026-05
2026-05-18,Ariel Atkins,Rebs + Asts,Under,13.5,-120,62.50%,17.40%,LOSS,10.4,22,-5,54.50%,Monday,2026-05
2026-05-18,Ariel Atkins,Rebs + Asts,Over,8.5,-138,55.00%,-7.20%,WIN,9.3,10,3.62,58.00%,Monday,2026-05
2026-05-18,Ariel Atkins,Rebs + Asts,Under,6.5,-114,45.30%,-17.00%,WIN,6.3,2,4.39,53.30%,Monday,2026-05
2026-05-18,Ariel Atkins,Threes,Under,1.5,132,55.20%,21.30%,LOSS,0.72,2,-5,43.10%,Monday,2026-05
2026-05-18,Ariel Atkins,Threes,Under,2.5,-146,62.20%,7.10%,WIN,2.2,2,3.42,59.30%,Monday,2026-05
2026-05-18,Ariel Atkins,Threes,Under,1.5,-186,63.30%,-4.80%,WIN,1.1,1,2.69,65.00%,Monday,2026-05
2026-05-18,Ariel Atkins,Threes,Under,1.5,-114,54.50%,2.70%,WIN,1.4,0,4.39,53.30%,Monday,2026-05
2026-05-18,Ariel Atkins,Threes,Over,1.5,100,54.40%,8.90%,WIN,1.9,4,5,50.00%,Monday,2026-05
2026-05-18,Ariel Atkins,Threes,Under,1.5,-200,69.80%,9.50%,WIN,0.62,0,2.5,66.70%,Monday,2026-05
2026-05-18,Ariel Atkins,Threes,Under,1.5,116,50.40%,7.60%,WIN,1.4,1,5.8,46.30%,Monday,2026-05
2026-05-19,Ariel Atkins,Assists,Over,8.5,-146,61.00%,4.10%,LOSS,9.8,8,-5,59.30%,Tuesday,2026-05
2026-05-19,Ariel Atkins,Assists,Under,4.5,-132,58.40%,3.40%,LOSS,4,6,-5,56.90%,Tuesday,2026-05
2026-05-19,Ariel Atkins,Assists,Under,3.5,-195,59.60%,-19.10%,WIN,3,3,2.56,66.10%,Tuesday,2026-05
2026-05-19,Ariel Atkins,Points,Under,16.5,-135,53.50%,-9.30%,LOSS,16,17,-5,57.40%,Tuesday,2026-05
2026-05-19,Ariel Atkins,Points,Under,19.5,-120,60.00%,12.10%,LOSS,14.6,31,-5,54.50%,Tuesday,2026-05
2026-05-19,Ariel Atkins,Points,Under,11.5,-130,55.70%,-1.90%,LOSS,11.2,13,-5,56.50%,Tuesday,2026-05
2026-05-19,Ariel Atkins,Points,Over,11.5,-132,62.40%,12.70%,WIN,17.2,13,3.79,56.90%,Tuesday,2026-05
2026-05-19,Ariel Atkins,Points,Under,18.5,-110,56.00%,7.60%,WIN,15.5,18,4.55,52.40%,Tuesday,2026-05
2026-05-19,Ariel Atkins,Points,Over,11.5,100,52.70%,5.40%,WIN,12.7,15,5,50.00%,Tuesday,2026-05
2026-05-19,Ariel Atkins,Points,Under,18.5,-118,59.90%,12.50%,LOSS,14.3,30,-5,54.10%,Tuesday,2026-05
2026-05-19,Ariel Atkins,Points,Under,8.5,100,54.80%,9.60%,LOSS,6.1,12,-5,50.00%,Tuesday,2026-05
2026-05-19,Ariel Atkins,Pts + Asts,Under,25.5,-125,57.30%,3.90%,LOSS,25.7,25,-5,55.60%,Tuesday,2026-05
2026-05-19,Ariel Atkins,Pts + Asts,Under,23.5,-106,56.30%,10.00%,LOSS,18.7,37,-5,51.50%,Tuesday,2026-05
2026-05-19,Ariel Atkins,Pts + Rebs,Over,24.5,-128,48.30%,-18.00%,LOSS,24.6,23,-5,56.10%,Tuesday,2026-05
2026-05-19,Ariel Atkins,Pts + Rebs,Under,23.5,-125,61.90%,14.20%,LOSS,18,38,-5,55.60%,Tuesday,2026-05
2026-05-19,Ariel Atkins,Pts + Rebs,Over,14.5,-125,57.50%,4.60%,LOSS,17.4,22,-5,55.60%,Tuesday,2026-05
2026-05-19,Ariel Atkins,Pts + Rebs,Under,22.5,-125,62.20%,14.90%,LOSS,17.2,35,-5,55.60%,Tuesday,2026-05
2026-05-19,Ariel Atkins,Pts + Rebs,Under,17.5,-130,60.10%,8.10%,LOSS,9.4,22,-5,56.50%,Tuesday,2026-05
2026-05-19,Ariel Atkins,Rebs + Asts,Under,17.5,-114,57.20%,8.50%,WIN,15.4,14,4.39,53.30%,Tuesday,2026-05
2026-05-19,Ariel Atkins,Rebs + Asts,Under,8.5,-130,53.10%,-8.00%,LOSS,7.8,13,-5,56.50%,Tuesday,2026-05
2026-05-19,Ariel Atkins,Threes,Under,1.5,-172,68.80%,15.10%,LOSS,0.38,4,-5,63.20%,Tuesday,2026-05
2026-05-19,Ariel Atkins,Threes,Under,1.5,-220,62.80%,-19.00%,WIN,1.1,0,2.27,68.80%,Tuesday,2026-05
2026-05-19,Ariel Atkins,Threes,Over,1.5,-200,78.90%,36.60%,WIN,4.8,2,2.5,66.70%,Tuesday,2026-05
2026-05-19,Ariel Atkins,Threes,Under,2.5,-180,74.90%,29.60%,WIN,0.49,0,2.78,64.30%,Tuesday,2026-05
2026-05-19,Ariel Atkins,Threes,Under,1.5,148,54.50%,23.90%,WIN,0.52,0,7.4,40.30%,Tuesday,2026-05
2026-05-19,Ariel Atkins,Threes,Over,1.5,142,47.80%,15.50%,WIN,2.2,2,7.1,41.30%,Tuesday,2026-05
2026-05-19,Ariel Atkins,Threes,Under,2.5,112,54.90%,14.70%,LOSS,2.1,6,-5,47.20%,Tuesday,2026-05
2026-05-20,Ariel Atkins,Assists,Under,3.5,-122,56.80%,4.00%,WIN,2.7,1,4.1,55.00%,Wednesday,2026-05
2026-05-20,Ariel Atkins,Assists,Under,4.5,-132,59.50%,6.20%,WIN,3.4,3,3.79,56.90%,Wednesday,2026-05
2026-05-20,Ariel Atkins,Assists,Under,4.5,-186,66.60%,4.40%,LOSS,3.7,12,-5,65.00%,Wednesday,2026-05
2026-05-20,Ariel Atkins,Assists,Over,2.5,-110,52.90%,1.00%,WIN,2.9,5,4.55,52.40%,Wednesday,2026-05
2026-05-20,Ariel Atkins,Assists,Under,4.5,-136,55.40%,-5.30%,LOSS,4.2,5,-5,57.60%,Wednesday,2026-05
2026-05-20,Ariel Atkins,Assists,Over,3.5,122,45.10%,0.10%,WIN,3.6,5,6.1,45.00%,Wednesday,2026-05
2026-05-20,Ariel Atkins,Assists,Under,5.5,108,52.00%,7.60%,WIN,4.8,4,5.4,48.10%,Wednesday,2026-05
2026-05-20,Ariel Atkins,Assists,Under,4.5,-166,64.00%,4.20%,WIN,3.4,3,3.01,62.40%,Wednesday,2026-05
2026-05-20,Ariel Atkins,Assists,Over,5.5,-146,59.80%,1.00%,LOSS,6.9,4,-5,59.30%,Wednesday,2026-05
2026-05-20,Ariel Atkins,Points,Under,7.5,-132,55.30%,-3.80%,WIN,6.2,7,3.79,56.90%,Wednesday,2026-05
2026-05-20,Ariel Atkins,Points,Over,13.5,-104,53.30%,4.70%,WIN,15,24,4.81,51.00%,Wednesday,2026-05
2026-05-20,Ariel Atkins,Points,Under,13.5,-132,62.50%,13.00%,WIN,9.2,2,3.79,56.90%,Wednesday,2026-05
2026-05-20,Ariel Atkins,Points,Under,16.5,-108,48.70%,-6.70%,LOSS,16.4,23,-5,51.90%,Wednesday,2026-05
2026-05-20,Ariel Atkins,Points,Under,15.5,-114,61.60%,17.90%,LOSS,9.2,16,-5,53.30%,Wednesday,2026-05
2026-05-20,Ariel Atkins,Points,Under,14.5,-114,58.80%,11.90%,WIN,11.2,5,4.39,53.30%,Wednesday,2026-05
2026-05-20,Ariel Atkins,Points,Under,12.5,-135,50.70%,-15.80%,WIN,12.3,12,3.7,57.40%,Wednesday,2026-05
2026-05-20,Ariel Atkins,Points,Under,9.5,100,52.60%,5.20%,WIN,8.3,0,5,50.00%,Wednesday,2026-05
2026-05-20,Ariel Atkins,Points,Under,9.5,-113,53.60%,1.20%,LOSS,9.2,18,-5,53.10%,Wednesday,2026-05
2026-05-20,Ariel Atkins,Points,Under,14.5,-118,54.40%,0.60%,LOSS,14.3,24,-5,54.10%,Wednesday,2026-05
2026-05-20,Ariel Atkins,Points,Under,22.5,-125,57.00%,3.30%,WIN,22.9,21,4,55.60%,Wednesday,2026-05
2026-05-20,Ariel Atkins,Points,Under,7.5,-110,53.00%,1.30%,LOSS,6.3,9,-5,52.40%,Wednesday,2026-05
2026-05-20,Ariel Atkins,Points,Under,10.5,-130,59.00%,5.80%,LOSS,8.8,21,-5,56.50%,Wednesday,2026-05
2026-05-20,Ariel Atkins,Points,Under,11.5,-132,54.30%,-6.00%,LOSS,10.1,20,-5,56.90%,Wednesday,2026-05
2026-05-20,Ariel Atkins,Points,Over,19.5,-120,53.50%,-2.40%,WIN,21.3,24,4.17,54.50%,Wednesday,2026-05
2026-05-20,Ariel Atkins,Points,Under,9.5,-120,55.90%,2.70%,WIN,8.6,2,4.17,54.50%,Wednesday,2026-05
2026-05-20,Ariel Atkins,Points,Under,15.5,-106,53.00%,3.20%,WIN,13.4,16,4.72,51.50%,Wednesday,2026-05
2026-05-20,Ariel Atkins,Points,Under,9.5,-128,60.50%,10.00%,WIN,5.5,3,3.91,56.10%,Wednesday,2026-05
2026-05-20,Ariel Atkins,Pts + Asts,Under,20.5,-118,59.60%,11.80%,WIN,13.7,7,4.24,54.10%,Wednesday,2026-05
2026-05-20,Ariel Atkins,Pts + Asts,Under,13.5,-125,53.50%,-4.50%,WIN,11.2,1,4,55.60%,Wednesday,2026-05
2026-05-20,Ariel Atkins,Pts + Asts,Under,15.5,-102,53.50%,6.10%,WIN,12.6,14,4.9,50.50%,Wednesday,2026-05
2026-05-20,Ariel Atkins,Pts + Asts,Under,13.5,-102,51.10%,1.30%,LOSS,12.3,30,-5,50.50%,Wednesday,2026-05
2026-05-20,Ariel Atkins,Pts + Asts,Over,14.5,-125,56.00%,0.90%,WIN,14.4,26,4,55.60%,Wednesday,2026-05
2026-05-20,Ariel Atkins,Pts + Asts,Under,14.5,-122,47.50%,-16.50%,LOSS,13.8,25,-5,55.00%,Wednesday,2026-05
2026-05-20,Ariel Atkins,Pts + Asts,Over,20.5,-125,57.00%,3.20%,WIN,28,28,4,55.60%,Wednesday,2026-05
2026-05-20,Ariel Atkins,Pts + Asts,Under,13.5,-106,51.90%,0.90%,WIN,12.8,5,4.72,51.50%,Wednesday,2026-05
2026-05-20,Arike Ogunbowale,Pts + Asts,Under,21.5,-104,52.70%,3.50%,WIN,20,19,4.81,51.00%,Wednesday,2026-05
2026-05-20,Arike Ogunbowale,Pts + Rebs,Under,12.5,-132,49.80%,-16.60%,LOSS,12,13,-5,56.90%,Wednesday,2026-05
2026-05-20,Arike Ogunbowale,Pts + Rebs,Over,20.5,-112,54.00%,2.40%,WIN,22.8,32,4.46,52.80%,Wednesday,2026-05
2026-05-20,Arike Ogunbowale,Pts + Rebs,Under,22.5,-102,57.70%,14.60%,WIN,17.7,5,4.9,50.50%,Wednesday,2026-05
2026-05-20,Arike Ogunbowale,Pts + Rebs,Under,18.5,-106,56.70%,10.80%,LOSS,13.1,19,-5,51.50%,Wednesday,2026-05
2026-05-20,Arike Ogunbowale,Pts + Rebs,Under,19.5,-130,61.50%,11.40%,WIN,12.1,7,3.85,56.50%,Wednesday,2026-05
2026-05-20,Arike Ogunbowale,Pts + Rebs,Under,19.5,-110,55.10%,5.60%,WIN,17.1,8,4.55,52.40%,Wednesday,2026-05
2026-05-20,Arike Ogunbowale,Pts + Rebs,Over,16.5,-110,53.60%,2.60%,WIN,17.7,17,4.55,52.40%,Wednesday,2026-05
2026-05-20,Arike Ogunbowale,Pts + Rebs,Under,24.5,-112,54.70%,4.00%,LOSS,23.3,35,-5,52.80%,Wednesday,2026-05
2026-05-20,Arike Ogunbowale,Pts + Rebs,Under,14.5,-122,55.00%,0.10%,WIN,13.1,13,4.1,55.00%,Wednesday,2026-05
2026-05-20,Arike Ogunbowale,Pts + Rebs,Under,13.5,-125,52.40%,-7.20%,LOSS,13,21,-5,55.60%,Wednesday,2026-05
2026-05-20,Arike Ogunbowale,Pts + Rebs,Over,23.5,-106,51.70%,0.50%,WIN,24.8,27,4.72,51.50%,Wednesday,2026-05
2026-05-20,Arike Ogunbowale,Pts + Rebs,Under,18.5,-108,52.40%,1.00%,WIN,18,16,4.63,51.90%,Wednesday,2026-05
2026-05-20,Arike Ogunbowale,Pts + Rebs,Under,14.5,-130,57.50%,2.20%,WIN,7.2,6,3.85,56.50%,Wednesday,2026-05
2026-05-20,Arike Ogunbowale,Rebs + Asts,Under,12.5,102,52.20%,5.40%,LOSS,12.4,22,-5,49.50%,Wednesday,2026-05
2026-05-20,Arike Ogunbowale,Rebs + Asts,Over,5.5,-102,55.40%,9.90%,WIN,6,6,4.9,50.50%,Wednesday,2026-05
2026-05-20,Arike Ogunbowale,Rebs + Asts,Over,9.5,102,51.10%,3.20%,LOSS,10.2,7,-5,49.50%,Wednesday,2026-05
2026-05-20,Arike Ogunbowale,Rebs + Asts,Over,8.5,-132,59.30%,5.70%,LOSS,10.2,5,-5,56.90%,Wednesday,2026-05
2026-05-20,Arike Ogunbowale,Threes,Under,1.5,138,54.20%,20.90%,LOSS,0.81,4,-5,42.00%,Wednesday,2026-05
2026-05-20,Arike Ogunbowale,Threes,Under,2.5,-104,57.20%,12.70%,WIN,2.2,2,4.81,51.00%,Wednesday,2026-05
2026-05-20,Arike Ogunbowale,Threes,Under,1.5,-220,71.40%,8.30%,WIN,0.55,0,2.27,68.80%,Wednesday,2026-05
2026-05-20,Arike Ogunbowale,Threes,Under,2.5,100,55.10%,10.30%,WIN,2.4,2,5,50.00%,Wednesday,2026-05
2026-05-20,Arike Ogunbowale,Threes,Over,1.5,128,55.40%,20.50%,LOSS,2.8,1,-5,43.90%,Wednesday,2026-05
2026-05-20,Arike Ogunbowale,Threes,Over,1.5,178,39.10%,4.90%,WIN,1.5,2,8.9,36.00%,Wednesday,2026-05
2026-05-21,Arike Ogunbowale,Assists,Over,8.5,-140,60.10%,4.40%,LOSS,9.8,7,-5,58.30%,Thursday,2026-05
2026-05-21,Arike Ogunbowale,Assists,Over,2.5,-160,54.50%,-18.30%,LOSS,2.8,2,-5,61.50%,Thursday,2026-05
2026-05-21,Arike Ogunbowale,Assists,Under,4.5,-162,61.80%,-0.10%,WIN,4.1,4,3.09,61.80%,Thursday,2026-05
2026-05-21,Arike Ogunbowale,Assists,Over,3.5,-162,65.80%,10.30%,LOSS,5.8,3,-5,61.80%,Thursday,2026-05
2026-05-21,Arike Ogunbowale,Assists,Under,2.5,-130,49.20%,-16.80%,LOSS,2.5,3,-5,56.50%,Thursday,2026-05
2026-05-21,Arike Ogunbowale,Assists,Over,5.5,106,51.50%,5.70%,WIN,7.1,7,5.3,48.50%,Thursday,2026-05
2026-05-21,Arike Ogunbowale,Assists,Under,6.5,-140,60.00%,4.90%,WIN,6,5,3.57,58.30%,Thursday,2026-05
2026-05-21,Arike Ogunbowale,Assists,Over,6.5,-130,49.50%,-16.20%,WIN,7.5,7,3.85,56.50%,Thursday,2026-05
2026-05-21,Arike Ogunbowale,Points,Over,16.5,-110,52.70%,0.60%,WIN,16.7,23,4.55,52.40%,Thursday,2026-05
2026-05-21,Arike Ogunbowale,Points,Over,9.5,-128,55.70%,-1.10%,WIN,11.1,11,3.91,56.10%,Thursday,2026-05
2026-05-21,Arike Ogunbowale,Points,Under,20.5,-110,57.00%,9.80%,WIN,16.5,6,4.55,52.40%,Thursday,2026-05
2026-05-21,Arike Ogunbowale,Points,Over,15.5,-125,55.90%,0.70%,LOSS,16.4,15,-5,55.60%,Thursday,2026-05
2026-05-21,Arike Ogunbowale,Points,Under,10.5,106,50.10%,3.00%,WIN,10.5,9,5.3,48.50%,Thursday,2026-05
2026-05-21,Arike Ogunbowale,Points,Over,16.5,-120,57.50%,6.60%,WIN,20,27,4.17,54.50%,Thursday,2026-05
2026-05-21,Arike Ogunbowale,Points,Under,14.5,-104,54.10%,6.40%,LOSS,11.9,16,-5,51.00%,Thursday,2026-05
2026-05-21,Arike Ogunbowale,Points,Over,12.5,-120,49.80%,-10.30%,LOSS,12.7,12,-5,54.50%,Thursday,2026-05
2026-05-21,Arike Ogunbowale,Points,Under,20.5,-110,53.00%,1.40%,LOSS,20.4,16,-5,52.40%,Thursday,2026-05
2026-05-21,Arike Ogunbowale,Points,Over,13.5,-132,60.50%,8.50%,WIN,17.2,15,3.79,56.90%,Thursday,2026-05
2026-05-21,Arike Ogunbowale,Points,Under,18.5,-110,53.60%,2.60%,LOSS,17.5,22,-5,52.40%,Thursday,2026-05
2026-05-21,Arike Ogunbowale,Points,Under,16.5,-130,56.80%,0.70%,WIN,15.3,13,3.85,56.50%,Thursday,2026-05
2026-05-21,Arike Ogunbowale,Points,Under,13.5,-128,60.20%,9.40%,WIN,10.9,11,3.91,56.10%,Thursday,2026-05
2026-05-21,Arike Ogunbowale,Points,Over,20.5,-114,56.30%,6.40%,LOSS,23.9,16,-5,53.30%,Thursday,2026-05
2026-05-21,Arike Ogunbowale,Points,Over,12.5,-102,51.90%,2.80%,LOSS,13.7,11,-5,50.50%,Thursday,2026-05
2026-05-21,Arike Ogunbowale,Points,Under,18.5,102,52.60%,6.20%,WIN,16.4,3,5.1,49.50%,Thursday,2026-05
2026-05-21,Arike Ogunbowale,Points,Under,15.5,-118,60.60%,14.00%,WIN,10.9,13,4.24,54.10%,Thursday,2026-05
2026-05-21,Arike Ogunbowale,Points,Under,9.5,-114,55.40%,4.60%,LOSS,7.5,10,-5,53.30%,Thursday,2026-05
2026-05-21,Arike Ogunbowale,Points,Over,16.5,-128,57.90%,4.10%,LOSS,19.4,12,-5,56.10%,Thursday,2026-05
2026-05-21,Arike Ogunbowale,Points,Over,15.5,102,48.50%,-1.90%,LOSS,15.8,14,-5,49.50%,Thursday,2026-05
2026-05-21,Arike Ogunbowale,Points,Under,8.5,-130,57.00%,1.00%,LOSS,6.9,12,-5,56.50%,Thursday,2026-05
2026-05-21,Arike Ogunbowale,Points,Over,13.5,-122,57.10%,4.70%,LOSS,15.9,5,-5,55.00%,Thursday,2026-05
2026-05-21,Arike Ogunbowale,Points,Under,13.5,-118,55.30%,2.50%,WIN,11.7,13,4.24,54.10%,Thursday,2026-05
2026-05-21,Arike Ogunbowale,Pts + Asts,Under,25.5,-118,55.70%,3.40%,LOSS,26,30,-5,54.10%,Thursday,2026-05
2026-05-21,Arike Ogunbowale,Pts + Asts,Over,23.5,-122,47.40%,-16.80%,LOSS,24.7,20,-5,55.00%,Thursday,2026-05
2026-05-21,Arike Ogunbowale,Pts + Asts,Under,24.5,-104,56.00%,10.20%,WIN,20,10,4.81,51.00%,Thursday,2026-05
2026-05-21,Arike Ogunbowale,Pts + Asts,Over,20.5,-102,51.20%,1.40%,LOSS,21,18,-5,50.50%,Thursday,2026-05
2026-05-21,Arike Ogunbowale,Pts + Asts,Over,19.5,-114,54.70%,3.10%,WIN,22.1,30,4.39,53.30%,Thursday,2026-05
2026-05-21,Arike Ogunbowale,Pts + Asts,Over,25.5,-130,58.40%,4.40%,LOSS,28.7,23,-5,56.50%,Thursday,2026-05
2026-05-21,Arike Ogunbowale,Pts + Asts,Over,21.5,-114,53.70%,1.00%,LOSS,22.5,19,-5,53.30%,Thursday,2026-05
2026-05-21,Arike Ogunbowale,Pts + Asts,Under,20.5,-118,56.70%,5.70%,WIN,17.8,20,4.24,54.10%,Thursday,2026-05
2026-05-21,Arike Ogunbowale,Pts + Rebs,Over,24.5,-128,48.70%,-17.00%,WIN,25,30,3.91,56.10%,Thursday,2026-05
2026-05-21,Arike Ogunbowale,Pts + Rebs,Under,29.5,-110,56.90%,9.40%,WIN,26.4,27,4.55,52.40%,Thursday,2026-05
2026-05-21,Arike Ogunbowale,Pts + Rebs,Under,24.5,-104,54.30%,6.70%,WIN,21.7,9,4.81,51.00%,Thursday,2026-05
2026-05-21,Arike Ogunbowale,Pts + Rebs,Under,20.5,-102,53.00%,5.00%,LOSS,19.8,23,-5,50.50%,Thursday,2026-05
2026-05-21,Arike Ogunbowale,Pts + Rebs,Under,17.5,-108,53.20%,2.60%,WIN,15.7,14,4.63,51.90%,Thursday,2026-05
2026-05-21,Arike Ogunbowale,Pts + Rebs,Over,24.5,-118,54.70%,1.10%,WIN,26.6,42,4.24,54.10%,Thursday,2026-05
2026-05-21,Arike Ogunbowale,Pts + Rebs,Under,19.5,-110,57.00%,9.80%,WIN,15.6,18,4.55,52.40%,Thursday,2026-05
2026-05-21,Arike Ogunbowale,Pts + Rebs,Under,22.5,-106,56.10%,9.60%,LOSS,19.6,24,-5,51.50%,Thursday,2026-05
2026-05-21,Arike Ogunbowale,Pts + Rebs,Under,19.5,-120,58.40%,8.40%,WIN,16,16,4.17,54.50%,Thursday,2026-05
2026-05-21,Arike Ogunbowale,Pts + Rebs,Over,16.5,100,51.60%,3.20%,WIN,17.6,17,5,50.00%,Thursday,2026-05
2026-05-21,Arike Ogunbowale,Pts + Rebs,Under,23.5,-114,54.80%,3.20%,WIN,21.4,5,4.39,53.30%,Thursday,2026-05
2026-05-21,Arike Ogunbowale,Pts + Rebs,Under,18.5,-120,60.30%,12.60%,LOSS,10.2,19,-5,54.50%,Thursday,2026-05
2026-05-21,Arike Ogunbowale,Pts + Rebs,Under,24.5,-114,54.00%,1.60%,WIN,24.2,18,4.39,53.30%,Thursday,2026-05
2026-05-21,Arike Ogunbowale,Pts + Rebs,Over,19.5,-128,56.60%,1.10%,LOSS,21.1,18,-5,56.10%,Thursday,2026-05
2026-05-21,Arike Ogunbowale,Rebs + Asts,Under,17.5,-125,57.60%,4.70%,WIN,16,14,4,55.60%,Thursday,2026-05
2026-05-21,Arike Ogunbowale,Rebs + Asts,Under,11.5,-136,62.70%,12.00%,WIN,10.4,11,3.68,57.60%,Thursday,2026-05
2026-05-21,Arike Ogunbowale,Rebs + Asts,Under,8.5,-132,52.30%,-10.70%,WIN,7.9,7,3.79,56.90%,Thursday,2026-05
2026-05-21,Arike Ogunbowale,Rebs + Asts,Over,9.5,114,49.80%,5.80%,WIN,10.6,11,5.7,46.70%,Thursday,2026-05
2026-05-21,Arike Ogunbowale,Rebs + Asts,Under,10.5,-138,58.90%,2.20%,LOSS,9.9,18,-5,58.00%,Thursday,2026-05
2026-05-21,Arike Ogunbowale,Rebs + Asts,Under,11.5,-138,60.70%,6.50%,WIN,10.2,9,3.62,58.00%,Thursday,2026-05
2026-05-21,Arike Ogunbowale,Threes,Under,1.5,-132,57.00%,0.20%,WIN,1.2,1,3.79,56.90%,Thursday,2026-05
2026-05-21,Arike Ogunbowale,Threes,Under,1.5,-136,56.50%,-2.60%,LOSS,1.5,3,-5,57.60%,Thursday,2026-05
2026-05-21,Arike Ogunbowale,Threes,Over,1.5,-188,58.60%,-16.30%,WIN,1.9,4,2.66,65.30%,Thursday,2026-05
2026-05-21,Arike Ogunbowale,Threes,Over,1.5,116,46.20%,-0.20%,LOSS,1.6,1,-5,46.30%,Thursday,2026-05
2026-05-21,Arike Ogunbowale,Threes,Over,2.5,-110,67.20%,31.10%,WIN,4.6,3,4.55,52.40%,Thursday,2026-05
2026-05-21,Arike Ogunbowale,Threes,Under,1.5,140,55.90%,24.30%,WIN,0.33,1,7,41.70%,Thursday,2026-05
2026-05-21,Arike Ogunbowale,Threes,Under,2.5,-166,64.10%,4.40%,WIN,2.2,1,3.01,62.40%,Thursday,2026-05
2026-05-21,Arike Ogunbowale,Threes,Over,1.5,-154,61.30%,1.70%,LOSS,2.1,0,-5,60.60%,Thursday,2026-05
2026-05-21,Arike Ogunbowale,Threes,Under,2.5,-158,66.80%,14.30%,LOSS,1.8,4,-5,61.20%,Thursday,2026-05
2026-05-21,Arike Ogunbowale,Threes,Over,1.5,136,55.60%,23.00%,WIN,3.2,2,6.8,42.40%,Thursday,2026-05
2026-05-21,Arike Ogunbowale,Threes,Over,2.5,-158,48.60%,-32.70%,LOSS,2.6,0,-5,61.20%,Thursday,2026-05
2026-05-21,Arike Ogunbowale,Threes,Over,1.5,182,49.00%,21.00%,WIN,2.6,2,9.1,35.50%,Thursday,2026-05
2026-05-21,Arike Ogunbowale,Threes,Under,1.5,-144,59.30%,0.70%,LOSS,1.1,3,-5,59.00%,Thursday,2026-05
2026-05-22,Arike Ogunbowale,Assists,Over,3.5,116,45.40%,-1.70%,LOSS,3.6,3,-5,46.30%,Friday,2026-05
2026-05-22,Arike Ogunbowale,Assists,Over,2.5,-126,56.80%,2.30%,LOSS,3.4,1,-5,55.80%,Friday,2026-05
2026-05-22,Arike Ogunbowale,Assists,Over,2.5,-154,60.10%,-1.40%,LOSS,3.3,2,-5,60.60%,Friday,2026-05
2026-05-22,Arike Ogunbowale,Assists,Over,3.5,120,49.00%,6.50%,LOSS,4.3,1,-5,45.50%,Friday,2026-05
2026-05-22,Arike Ogunbowale,Assists,Over,8.5,104,54.10%,10.00%,WIN,10.3,9,5.2,49.00%,Friday,2026-05
2026-05-22,Arike Ogunbowale,Assists,Under,3.5,-174,60.50%,-8.10%,WIN,2.9,3,2.87,63.50%,Friday,2026-05
2026-05-22,Arike Ogunbowale,Assists,Over,4.5,-130,56.10%,-0.90%,LOSS,5.2,2,-5,56.50%,Friday,2026-05
2026-05-22,Arike Ogunbowale,Assists,Over,5.5,-106,47.90%,-7.30%,WIN,6,6,4.72,51.50%,Friday,2026-05
2026-05-22,Arike Ogunbowale,Assists,Over,2.5,-129,57.70%,3.40%,WIN,3.5,3,3.88,56.30%,Friday,2026-05
2026-05-22,Arike Ogunbowale,Assists,Under,5.5,-148,62.00%,5.80%,LOSS,4.6,7,-5,59.70%,Friday,2026-05
2026-05-22,Arike Ogunbowale,Assists,Over,4.5,118,46.20%,0.50%,WIN,4.8,8,5.9,45.90%,Friday,2026-05
2026-05-22,Arike Ogunbowale,Assists,Over,6.5,-154,53.00%,-19.40%,LOSS,7.5,3,-5,60.60%,Friday,2026-05
2026-05-22,Arike Ogunbowale,Points,Under,8.5,-132,57.20%,0.80%,WIN,6.9,2,3.79,56.90%,Friday,2026-05
2026-05-22,Arike Ogunbowale,Points,Under,15.5,-135,54.20%,-7.70%,LOSS,15.1,20,-5,57.40%,Friday,2026-05
2026-05-22,Arike Ogunbowale,Points,Over,19.5,-108,49.30%,-5.50%,LOSS,20.2,16,-5,51.90%,Friday,2026-05
2026-05-22,Arike Ogunbowale,Points,Under,12.5,-122,59.30%,9.70%,WIN,9.1,7,4.1,55.00%,Friday,2026-05
2026-05-22,Arike Ogunbowale,Points,Under,13.5,-125,53.70%,-4.10%,LOSS,12.9,15,-5,55.60%,Friday,2026-05
2026-05-22,Arike Ogunbowale,Points,Over,16.5,-114,53.40%,0.30%,LOSS,17.4,2,-5,53.30%,Friday,2026-05
2026-05-22,Arike Ogunbowale,Points,Over,8.5,-120,55.20%,1.40%,LOSS,10.5,7,-5,54.50%,Friday,2026-05
2026-05-22,Arike Ogunbowale,Points,Over,19.5,-106,53.00%,3.20%,WIN,23.4,22,4.72,51.50%,Friday,2026-05
2026-05-22,Arike Ogunbowale,Points,Under,13.5,-108,57.20%,11.00%,LOSS,10.8,17,-5,51.90%,Friday,2026-05
2026-05-22,Arike Ogunbowale,Points,Under,15.5,-110,57.00%,9.70%,WIN,11.8,6,4.55,52.40%,Friday,2026-05
2026-05-22,Arike Ogunbowale,Points,Under,11.5,-132,54.10%,-6.50%,WIN,10.1,4,3.79,56.90%,Friday,2026-05
2026-05-22,Arike Ogunbowale,Points,Over,12.5,-113,51.80%,-2.80%,LOSS,12.9,4,-5,53.10%,Friday,2026-05
2026-05-22,Arike Ogunbowale,Points,Under,10.5,-106,53.70%,4.60%,WIN,9.4,10,4.72,51.50%,Friday,2026-05
2026-05-22,Arike Ogunbowale,Points,Over,10.5,-120,58.00%,7.70%,LOSS,14.4,9,-5,54.50%,Friday,2026-05
2026-05-22,Arike Ogunbowale,Points,Under,12.5,-106,55.20%,7.70%,WIN,10.8,10,4.72,51.50%,Friday,2026-05
2026-05-22,Arike Ogunbowale,Points,Over,21.5,-125,47.10%,-19.10%,LOSS,23.1,19,-5,55.60%,Friday,2026-05
2026-05-22,Arike Ogunbowale,Points,Under,7.5,100,50.70%,1.50%,WIN,6.7,7,5,50.00%,Friday,2026-05
2026-05-22,Arike Ogunbowale,Points,Under,7.5,-104,53.90%,6.00%,WIN,6.1,2,4.81,51.00%,Friday,2026-05
2026-05-22,Arike Ogunbowale,Points,Under,15.5,-102,59.20%,17.50%,WIN,9.4,11,4.9,50.50%,Friday,2026-05
2026-05-22,Arike Ogunbowale,Points,Over,18.5,-125,56.50%,2.20%,LOSS,22.3,7,-5,55.60%,Friday,2026-05
2026-05-22,Arike Ogunbowale,Points,Over,16.5,102,50.70%,2.40%,WIN,17.1,25,5.1,49.50%,Friday,2026-05
2026-05-22,Arike Ogunbowale,Points,Over,7.5,-118,54.40%,0.50%,WIN,8.8,11,4.24,54.10%,Friday,2026-05
2026-05-22,Arike Ogunbowale,Points,Under,14.5,-113,56.90%,8.20%,LOSS,11.6,17,-5,53.10%,Friday,2026-05
2026-05-22,Arike Ogunbowale,Pts + Asts,Over,18.5,-108,52.60%,1.50%,WIN,19.3,23,4.63,51.90%,Friday,2026-05
2026-05-22,Arike Ogunbowale,Pts + Asts,Over,22.5,-107,49.60%,-4.40%,LOSS,22.8,17,-5,51.70%,Friday,2026-05
2026-05-22,Arike Ogunbowale,Pts + Asts,Over,16.5,-111,49.30%,-7.10%,WIN,17.4,17,4.5,52.60%,Friday,2026-05
2026-05-22,Arike Ogunbowale,Pts + Asts,Over,20.5,-118,54.00%,-0.20%,LOSS,21.1,3,-5,54.10%,Friday,2026-05
2026-05-22,Arike Ogunbowale,Pts + Asts,Over,27.5,-122,57.00%,4.60%,WIN,30.6,31,4.1,55.00%,Friday,2026-05
2026-05-22,Arike Ogunbowale,Pts + Asts,Under,18.5,-109,54.70%,5.30%,WIN,15.3,9,4.59,52.20%,Friday,2026-05
2026-05-22,Arike Ogunbowale,Pts + Asts,Under,15.5,-110,52.40%,0.10%,WIN,14.1,12,4.55,52.40%,Friday,2026-05
2026-05-22,Arike Ogunbowale,Pts + Asts,Over,16.5,-110,54.20%,3.90%,LOSS,18.7,15,-5,52.40%,Friday,2026-05
2026-05-22,Arike Ogunbowale,Pts + Asts,Under,24.5,-125,55.60%,0.20%,WIN,26.4,22,4,55.60%,Friday,2026-05
2026-05-22,Arike Ogunbowale,Pts + Asts,Under,20.5,-128,61.00%,11.20%,WIN,13.9,17,3.91,56.10%,Friday,2026-05
2026-05-22,Arike Ogunbowale,Pts + Asts,Over,24.5,-112,56.30%,7.30%,LOSS,28.5,14,-5,52.80%,Friday,2026-05
2026-05-22,Arike Ogunbowale,Pts + Asts,Over,20.5,-108,53.90%,4.10%,WIN,22.9,33,4.63,51.90%,Friday,2026-05
2026-05-22,Awa Fam,Pts + Asts,Under,21.5,-102,53.70%,6.50%,WIN,18.5,20,4.9,50.50%,Friday,2026-05
2026-05-22,Awa Fam,Pts + Rebs,Under,13.5,-133,52.90%,-9.80%,WIN,12.5,4,3.76,57.10%,Friday,2026-05
2026-05-22,Awa Fam,Pts + Rebs,Over,22.5,-118,54.40%,0.50%,WIN,24.1,36,4.24,54.10%,Friday,2026-05
2026-05-22,Awa Fam,Pts + Rebs,Over,24.5,-114,55.10%,3.80%,LOSS,27.5,20,-5,53.30%,Friday,2026-05
2026-05-22,Awa Fam,Pts + Rebs,Under,21.5,-112,59.20%,13.50%,WIN,16.2,13,4.46,52.80%,Friday,2026-05
2026-05-22,Awa Fam,Pts + Rebs,Over,26.5,-122,47.40%,-16.80%,LOSS,27.2,24,-5,55.00%,Friday,2026-05
2026-05-22,Awa Fam,Pts + Rebs,Over,24.5,-118,56.10%,4.20%,LOSS,27.9,24,-5,54.10%,Friday,2026-05
2026-05-22,Awa Fam,Pts + Rebs,Under,20.5,-108,57.80%,12.20%,WIN,16,6,4.63,51.90%,Friday,2026-05
2026-05-22,Awa Fam,Pts + Rebs,Over,15.5,-120,57.90%,7.50%,LOSS,18.7,6,-5,54.50%,Friday,2026-05
2026-05-22,Awa Fam,Pts + Rebs,Under,20.5,-125,60.30%,10.60%,LOSS,17.1,21,-5,55.60%,Friday,2026-05
2026-05-22,Awa Fam,Pts + Rebs,Over,14.5,-102,52.40%,3.80%,LOSS,16.2,14,-5,50.50%,Friday,2026-05
2026-05-22,Awa Fam,Pts + Rebs,Under,18.5,-102,52.70%,4.50%,WIN,16.8,12,4.9,50.50%,Friday,2026-05
2026-05-22,Awa Fam,Pts + Rebs,Over,23.5,-122,49.80%,-11.40%,LOSS,24.3,19,-5,55.00%,Friday,2026-05
2026-05-22,Awa Fam,Pts + Rebs,Over,12.5,-104,51.20%,0.40%,LOSS,12.5,11,-5,51.00%,Friday,2026-05
2026-05-22,Awa Fam,Pts + Rebs,Under,14.5,-130,55.60%,-2.00%,WIN,12.7,5,3.85,56.50%,Friday,2026-05
2026-05-22,Awa Fam,Pts + Rebs,Under,19.5,-132,61.60%,10.90%,WIN,12.9,13,3.79,56.90%,Friday,2026-05
2026-05-22,Awa Fam,Pts + Rebs,Over,22.5,-112,56.40%,7.60%,LOSS,26.7,8,-5,52.80%,Friday,2026-05
2026-05-22,Awa Fam,Pts + Rebs,Over,19.5,-128,57.50%,3.20%,WIN,22.6,29,3.91,56.10%,Friday,2026-05
2026-05-22,Awa Fam,Rebs + Asts,Over,10.5,-110,55.10%,5.80%,WIN,12.8,19,4.55,52.40%,Friday,2026-05
2026-05-22,Awa Fam,Rebs + Asts,Under,16.5,-131,56.00%,-1.60%,WIN,15.8,11,3.82,56.70%,Friday,2026-05
2026-05-22,Awa Fam,Rebs + Asts,Over,13.5,-114,46.60%,-14.20%,LOSS,14.5,11,-5,53.30%,Friday,2026-05
2026-05-22,Awa Fam,Rebs + Asts,Under,14.5,-140,59.90%,3.80%,WIN,13.7,13,3.57,58.30%,Friday,2026-05
2026-05-22,Awa Fam,Rebs + Asts,Over,8.5,-136,57.90%,0.70%,WIN,9.5,11,3.68,57.60%,Friday,2026-05
2026-05-22,Awa Fam,Rebs + Asts,Over,8.5,-114,55.60%,4.90%,LOSS,9.7,8,-5,53.30%,Friday,2026-05
2026-05-22,Awa Fam,Rebs + Asts,Over,8.5,108,52.20%,8.00%,WIN,9.9,12,5.4,48.10%,Friday,2026-05
2026-05-22,Awa Fam,Threes,Under,2.5,-154,62.70%,5.20%,WIN,2,0,3.25,60.60%,Friday,2026-05
2026-05-22,Awa Fam,Threes,Under,2.5,-188,72.50%,20.80%,WIN,1.3,0,2.66,65.30%,Friday,2026-05
2026-05-22,Awa Fam,Threes,Over,2.5,-132,49.50%,-17.10%,WIN,3,4,3.79,56.90%,Friday,2026-05
2026-05-22,Awa Fam,Threes,Under,2.5,-158,60.60%,-1.70%,WIN,2.6,0,3.16,61.20%,Friday,2026-05
2026-05-22,Awa Fam,Threes,Over,2.5,118,44.80%,-2.10%,LOSS,2.8,0,-5,45.90%,Friday,2026-05
2026-05-22,Awa Fam,Threes,Over,1.5,-130,47.70%,-20.40%,LOSS,1.6,1,-5,56.50%,Friday,2026-05
2026-05-22,Awa Fam,Threes,Under,2.5,-122,57.00%,4.50%,WIN,2.6,0,4.1,55.00%,Friday,2026-05
2026-05-22,Awa Fam,Threes,Under,1.5,-186,57.60%,-21.40%,LOSS,1.4,2,-5,65.00%,Friday,2026-05
2026-05-22,Awa Fam,Threes,Under,1.5,104,60.30%,22.10%,WIN,0.17,0,5.2,49.00%,Friday,2026-05
2026-05-22,Awa Fam,Threes,Over,1.5,128,55.30%,20.40%,LOSS,2.8,1,-5,43.90%,Friday,2026-05
2026-05-22,Awa Fam,Threes,Over,2.5,-132,53.30%,-8.40%,LOSS,3.4,2,-5,56.90%,Friday,2026-05
2026-05-22,Awa Fam,Threes,Under,1.5,-118,55.10%,2.10%,LOSS,1.4,2,-5,54.10%,Friday,2026-05
2026-05-23,Awa Fam,Assists,Over,2.5,-180,58.60%,-16.00%,WIN,3.2,4,2.78,64.30%,Saturday,2026-05
2026-05-23,Awa Fam,Assists,Under,2.5,114,49.30%,4.90%,LOSS,2.1,3,-5,46.70%,Saturday,2026-05
2026-05-23,Awa Fam,Assists,Over,4.5,122,50.00%,9.10%,WIN,6.3,5,6.1,45.00%,Saturday,2026-05
2026-05-23,Awa Fam,Assists,Under,8.9,124,49.60%,8.90%,LOSS,2.3,9,-5,44.60%,Saturday,2026-05
2026-05-23,Awa Fam,Assists,Over,5.5,-136,59.60%,4.70%,WIN,7.6,7,3.68,57.60%,Saturday,2026-05
2026-05-23,Awa Fam,Assists,Over,3.5,-162,62.90%,2.90%,LOSS,4.9,3,-5,61.80%,Saturday,2026-05
2026-05-23,Awa Fam,Assists,Over,5.5,-152,54.90%,-13.70%,LOSS,6.5,2,-5,60.30%,Saturday,2026-05
2026-05-23,Awa Fam,Assists,Over,5.5,-122,56.10%,2.40%,WIN,6.8,9,4.1,55.00%,Saturday,2026-05
2026-05-23,Awa Fam,Assists,Under,3.5,-192,57.90%,-22.80%,LOSS,3.3,8,-5,65.80%,Saturday,2026-05
2026-05-23,Awa Fam,Assists,Over,5.5,-140,50.90%,-17.70%,LOSS,6,5,-5,58.30%,Saturday,2026-05
2026-05-23,Awa Fam,Assists,Under,6.5,-162,62.10%,0.80%,WIN,6.4,6,3.09,61.80%,Saturday,2026-05
2026-05-23,Awa Fam,Points,Over,23.5,-114,56.90%,7.80%,WIN,27.6,24,4.39,53.30%,Saturday,2026-05
2026-05-23,Awa Fam,Points,Over,10.5,-110,47.20%,-10.80%,WIN,11.1,11,4.55,52.40%,Saturday,2026-05
2026-05-23,Awa Fam,Points,Under,15.5,-120,62.60%,17.70%,WIN,9.3,15,4.17,54.50%,Saturday,2026-05
2026-05-23,Awa Fam,Points,Under,19.5,-110,54.50%,4.70%,WIN,17.1,10,4.55,52.40%,Saturday,2026-05
2026-05-23,Awa Fam,Points,Under,15.5,-132,62.60%,13.30%,WIN,10.6,15,3.79,56.90%,Saturday,2026-05
2026-05-23,Awa Fam,Points,Over,12.5,-110,53.30%,2.00%,LOSS,13.8,12,-5,52.40%,Saturday,2026-05
2026-05-23,Awa Fam,Points,Over,15.5,-113,58.20%,10.90%,WIN,21.1,23,4.42,53.10%,Saturday,2026-05
2026-05-23,Awa Fam,Points,Over,15.5,-108,53.10%,2.40%,WIN,16.5,17,4.63,51.90%,Saturday,2026-05
2026-05-23,Awa Fam,Points,Over,16.5,-122,57.80%,6.30%,LOSS,19.8,16,-5,55.00%,Saturday,2026-05
2026-05-23,Awa Fam,Points,Under,12.5,-130,50.00%,-15.10%,WIN,12.3,7,3.85,56.50%,Saturday,2026-05
2026-05-23,Awa Fam,Points,Under,16.5,-128,51.50%,-10.60%,WIN,16.2,0,3.91,56.10%,Saturday,2026-05
2026-05-23,Awa Fam,Points,Over,9.5,100,52.40%,4.80%,WIN,11.3,10,5,50.00%,Saturday,2026-05
2026-05-23,Awa Fam,Points,Over,13.5,-110,50.50%,-3.90%,WIN,13.8,17,4.55,52.40%,Saturday,2026-05
2026-05-23,Awa Fam,Points,Under,15.5,-108,52.40%,1.00%,WIN,15.4,13,4.63,51.90%,Saturday,2026-05
2026-05-23,Awa Fam,Points,Over,20.5,-106,47.90%,-7.30%,WIN,22,38,4.72,51.50%,Saturday,2026-05
2026-05-23,Awa Fam,Points,Over,12.5,-108,49.90%,-4.30%,WIN,12.7,19,4.63,51.90%,Saturday,2026-05
2026-05-23,Awa Fam,Points,Under,18.5,-114,56.80%,7.70%,LOSS,14.9,19,-5,53.30%,Saturday,2026-05
2026-05-23,Awa Fam,Points,Over,14.5,102,50.50%,5.00%,LOSS,15.7,14,-5,49.50%,Saturday,2026-05
2026-05-23,Awa Fam,Points,Under,15.5,-102,52.30%,3.70%,WIN,13.6,13,4.9,50.50%,Saturday,2026-05
2026-05-23,Awak Kuier,Pts + Asts,Over,26.5,-124,59.90%,10.20%,WIN,32.5,28,4.03,55.40%,Saturday,2026-05
2026-05-23,Awak Kuier,Pts + Asts,Under,18.5,-120,59.70%,11.40%,WIN,10.8,18,4.17,54.50%,Saturday,2026-05
2026-05-23,Awak Kuier,Pts + Asts,Under,23.5,-102,51.90%,2.80%,WIN,22.6,15,4.9,50.50%,Saturday,2026-05
2026-05-23,Awak Kuier,Pts + Asts,Under,19.5,-128,60.40%,9.70%,LOSS,13.3,24,-5,56.10%,Saturday,2026-05
2026-05-23,Awak Kuier,Pts + Asts,Over,18.5,-112,54.70%,3.90%,WIN,21,19,4.46,52.80%,Saturday,2026-05
2026-05-23,Awak Kuier,Pts + Asts,Over,19.5,-112,54.60%,3.70%,WIN,22.1,20,4.46,52.80%,Saturday,2026-05
2026-05-23,Awak Kuier,Pts + Asts,Over,22.5,-108,52.10%,0.50%,LOSS,24.8,2,-5,51.90%,Saturday,2026-05
2026-05-23,Awak Kuier,Pts + Asts,Over,25.5,-130,48.40%,-18.70%,WIN,27.6,47,3.85,56.50%,Saturday,2026-05
2026-05-23,Awak Kuier,Pts + Asts,Under,21.5,-110,54.40%,4.30%,LOSS,19.1,27,-5,52.40%,Saturday,2026-05
2026-05-23,Awak Kuier,Pts + Asts,Over,20.5,-102,52.40%,3.90%,LOSS,22.4,19,-5,50.50%,Saturday,2026-05
2026-05-23,Aziaha James,Pts + Asts,Under,22.5,-122,57.60%,5.90%,WIN,18.8,19,4.1,55.00%,Saturday,2026-05
2026-05-23,Aziaha James,Pts + Rebs,Over,32.5,-122,58.90%,8.70%,WIN,37.4,39,4.1,55.00%,Saturday,2026-05
2026-05-23,Aziaha James,Pts + Rebs,Under,18.5,-110,57.30%,10.40%,WIN,13.2,17,4.55,52.40%,Saturday,2026-05
2026-05-23,Aziaha James,Pts + Rebs,Under,23.5,-102,54.00%,7.10%,WIN,20.4,10,4.9,50.50%,Saturday,2026-05
2026-05-23,Aziaha James,Pts + Rebs,Over,16.5,-106,53.80%,4.80%,LOSS,18.3,14,-5,51.50%,Saturday,2026-05
2026-05-23,Azura Stevens,Pts + Rebs,Over,20.5,-114,50.80%,-5.40%,WIN,20.8,25,4.39,53.30%,Saturday,2026-05
2026-05-23,Azura Stevens,Pts + Rebs,Over,25.5,-107,54.00%,4.80%,LOSS,28.6,21,-5,51.70%,Saturday,2026-05
2026-05-23,Azura Stevens,Pts + Rebs,Over,16.5,-130,57.60%,2.40%,LOSS,18.3,11,-5,56.50%,Saturday,2026-05
2026-05-23,Azura Stevens,Pts + Rebs,Over,21.5,-106,48.70%,-5.60%,LOSS,22.1,3,-5,51.50%,Saturday,2026-05
2026-05-23,Azura Stevens,Pts + Rebs,Over,23.5,-120,47.30%,-15.90%,WIN,23.7,24,4.17,54.50%,Saturday,2026-05
2026-05-23,Azura Stevens,Pts + Rebs,Under,19.5,-112,54.00%,2.40%,WIN,18.5,19,4.46,52.80%,Saturday,2026-05
2026-05-23,Azura Stevens,Pts + Rebs,Over,16.5,-128,57.00%,1.90%,WIN,18,24,3.91,56.10%,Saturday,2026-05
2026-05-23,Azura Stevens,Pts + Rebs,Under,22.5,-112,58.10%,11.10%,LOSS,18.5,24,-5,52.80%,Saturday,2026-05
2026-05-23,Azura Stevens,Pts + Rebs,Under,22.5,-108,59.40%,15.50%,LOSS,14.7,40,-5,51.90%,Saturday,2026-05
2026-05-23,Azura Stevens,Pts + Rebs,Over,18.5,-128,57.90%,4.00%,WIN,21,23,3.91,56.10%,Saturday,2026-05
2026-05-23,Azura Stevens,Rebs + Asts,Over,11.5,-136,48.60%,-21.40%,WIN,11.8,19,3.68,57.60%,Saturday,2026-05
2026-05-23,Azura Stevens,Rebs + Asts,Under,6.5,-146,49.40%,-24.40%,WIN,6.2,5,3.42,59.30%,Saturday,2026-05
2026-05-23,Azura Stevens,Rebs + Asts,Under,8.5,-132,49.80%,-16.40%,WIN,8.2,5,3.79,56.90%,Saturday,2026-05
2026-05-23,Azura Stevens,Rebs + Asts,Over,9.5,-114,54.50%,2.70%,LOSS,10.6,9,-5,53.30%,Saturday,2026-05
2026-05-23,Azura Stevens,Rebs + Asts,Over,9.5,110,49.50%,3.70%,WIN,10.1,11,5.5,47.60%,Saturday,2026-05
2026-05-23,Azura Stevens,Rebs + Asts,Over,10.5,-140,49.30%,-21.80%,LOSS,10.6,5,-5,58.30%,Saturday,2026-05
2026-05-23,Azura Stevens,Rebs + Asts,Under,7.5,-138,49.30%,-20.70%,LOSS,6.8,13,-5,58.00%,Saturday,2026-05
2026-05-23,Azura Stevens,Rebs + Asts,Under,10.5,-102,52.60%,4.30%,LOSS,10.2,14,-5,50.50%,Saturday,2026-05
2026-05-23,Azura Stevens,Threes,Under,1.5,-125,61.90%,14.30%,WIN,0.83,1,4,55.60%,Saturday,2026-05
2026-05-23,Azura Stevens,Threes,Under,2.5,-130,60.40%,9.00%,LOSS,2.1,4,-5,56.50%,Saturday,2026-05
2026-05-23,Azura Stevens,Threes,Under,1.5,-114,54.90%,3.40%,WIN,1.2,0,4.39,53.30%,Saturday,2026-05
2026-05-23,Azura Stevens,Threes,Over,1.5,-130,63.60%,16.20%,LOSS,3,0,-5,56.50%,Saturday,2026-05
2026-05-23,Azura Stevens,Threes,Over,1.5,-130,58.80%,5.30%,LOSS,2.2,0,-5,56.50%,Saturday,2026-05
2026-05-23,Azura Stevens,Threes,Over,1.5,-154,61.30%,1.70%,LOSS,2.2,0,-5,60.60%,Saturday,2026-05
2026-05-23,Azura Stevens,Threes,Under,1.5,-205,60.10%,-21.80%,WIN,1.1,1,2.44,67.20%,Saturday,2026-05
2026-05-23,Azura Stevens,Threes,Over,1.5,-122,62.30%,16.40%,WIN,2.9,3,4.1,55.00%,Saturday,2026-05
2026-05-23,Azura Stevens,Threes,Under,2.5,-215,70.10%,5.80%,WIN,1.8,2,2.33,68.30%,Saturday,2026-05
2026-05-23,Azura Stevens,Threes,Under,2.5,-130,58.00%,3.40%,LOSS,2.6,6,-5,56.50%,Saturday,2026-05
2026-05-23,Azura Stevens,Threes,Over,1.5,194,56.50%,34.00%,LOSS,3.7,0,-5,34.00%,Saturday,2026-05
2026-05-23,Azura Stevens,Threes,Under,2.5,116,59.20%,24.10%,LOSS,1.7,3,-5,46.30%,Saturday,2026-05
2026-05-23,Azura Stevens,Threes,Under,1.5,-200,61.30%,-16.20%,WIN,1.1,0,2.5,66.70%,Saturday,2026-05
2026-05-24,Azura Stevens,Assists,Over,3.5,-136,49.60%,-19.00%,WIN,3.6,6,3.68,57.60%,Sunday,2026-05
2026-05-24,Azura Stevens,Assists,Under,4.5,-133,59.70%,6.20%,LOSS,3.4,5,-5,57.10%,Sunday,2026-05
2026-05-24,Azura Stevens,Assists,Under,2.5,-146,52.00%,-18.00%,WIN,2.3,2,3.42,59.30%,Sunday,2026-05
2026-05-24,Azura Stevens,Points,Over,15.5,-125,48.60%,-15.70%,WIN,15.5,19,4,55.60%,Sunday,2026-05
2026-05-24,Azura Stevens,Points,Over,8.5,-102,52.40%,3.80%,WIN,9.6,24,4.9,50.50%,Sunday,2026-05
2026-05-24,Azura Stevens,Points,Under,19.5,-122,55.70%,1.70%,WIN,19.3,14,4.1,55.00%,Sunday,2026-05
2026-05-24,Azura Stevens,Points,Under,14.5,-128,61.30%,11.80%,LOSS,11.1,17,-5,56.10%,Sunday,2026-05
2026-05-24,Azura Stevens,Points,Under,10.5,-102,54.50%,8.10%,WIN,7.8,3,4.9,50.50%,Sunday,2026-05
2026-05-24,Azura Stevens,Points,Under,10.5,-130,59.00%,5.60%,WIN,9,10,3.85,56.50%,Sunday,2026-05
2026-05-24,Azura Stevens,Points,Under,12.5,-132,59.00%,5.00%,LOSS,10.9,14,-5,56.90%,Sunday,2026-05
2026-05-24,Azura Stevens,Points,Under,14.5,-106,52.00%,1.00%,WIN,14.5,13,4.72,51.50%,Sunday,2026-05
2026-05-24,Azura Stevens,Points,Under,13.5,-118,58.70%,10.10%,LOSS,10.1,24,-5,54.10%,Sunday,2026-05
2026-05-24,Azura Stevens,Points,Over,18.5,-108,50.40%,-3.10%,WIN,19.3,24,4.63,51.90%,Sunday,2026-05
2026-05-24,Azura Stevens,Points,Over,13.5,-114,57.40%,6.80%,LOSS,16.9,11,-5,53.30%,Sunday,2026-05
2026-05-24,Azura Stevens,Points,Under,14.5,-108,52.70%,1.60%,WIN,14.3,12,4.63,51.90%,Sunday,2026-05
2026-05-24,Azura Stevens,Points,Under,17.5,-114,55.80%,5.50%,WIN,14.9,16,4.39,53.30%,Sunday,2026-05
2026-05-24,Azura Stevens,Pts + Asts,Under,19.5,-129,48.80%,-17.40%,LOSS,19.4,24,-5,56.30%,Sunday,2026-05
2026-05-24,Azura Stevens,Pts + Asts,Under,21.5,-130,52.00%,-10.40%,WIN,22.5,17,3.85,56.50%,Sunday,2026-05
2026-05-24,Azura Stevens,Pts + Asts,Under,14.5,-104,52.50%,2.90%,WIN,11.6,9,4.81,51.00%,Sunday,2026-05
2026-05-24,Azura Stevens,Pts + Asts,Under,15.5,-132,56.40%,-1.20%,LOSS,13.2,16,-5,56.90%,Sunday,2026-05
2026-05-24,Azura Stevens,Pts + Asts,Under,14.5,-114,48.00%,-11.20%,LOSS,13.2,16,-5,53.30%,Sunday,2026-05
2026-05-24,Azura Stevens,Pts + Asts,Under,18.5,-130,59.50%,6.70%,LOSS,13.6,29,-5,56.50%,Sunday,2026-05
2026-05-24,Azura Stevens,Pts + Asts,Over,10.5,-128,60.60%,10.20%,LOSS,14.5,2,-5,56.10%,Sunday,2026-05
2026-05-24,Azura Stevens,Pts + Asts,Over,23.5,-128,48.20%,-18.00%,WIN,24.8,26,3.91,56.10%,Sunday,2026-05
2026-05-24,Azura Stevens,Pts + Asts,Over,18.5,-122,59.30%,9.60%,LOSS,25.2,18,-5,55.00%,Sunday,2026-05
2026-05-24,Azura Stevens,Pts + Asts,Under,19.5,-132,60.40%,8.10%,WIN,16.4,18,3.79,56.90%,Sunday,2026-05
2026-05-24,Azura Stevens,Pts + Rebs,Under,18.5,-114,53.40%,0.30%,LOSS,18.1,23,-5,53.30%,Sunday,2026-05
2026-05-24,Azura Stevens,Pts + Rebs,Under,27.5,-106,54.90%,7.00%,WIN,25.7,25,4.72,51.50%,Sunday,2026-05
2026-05-24,Azura Stevens,Pts + Rebs,Under,19.5,-130,59.70%,7.40%,LOSS,16.1,23,-5,56.50%,Sunday,2026-05
2026-05-24,Azura Stevens,Pts + Rebs,Under,19.5,-118,57.80%,7.90%,LOSS,16.3,21,-5,54.10%,Sunday,2026-05
2026-05-24,Azura Stevens,Pts + Rebs,Under,20.5,-125,57.50%,4.40%,LOSS,18.5,21,-5,55.60%,Sunday,2026-05
2026-05-24,Azura Stevens,Pts + Rebs,Under,25.5,-120,56.00%,3.20%,WIN,24.3,17,4.17,54.50%,Sunday,2026-05
2026-05-24,Azura Stevens,Pts + Rebs,Under,21.5,-114,53.50%,0.40%,WIN,23,30,4.39,53.30%,Sunday,2026-05
2026-05-24,Azura Stevens,Pts + Rebs,Over,17.5,-114,57.70%,9.50%,LOSS,22.6,16,-5,53.30%,Sunday,2026-05
2026-05-24,Azura Stevens,Pts + Rebs,Under,23.5,-120,59.60%,11.20%,WIN,19.8,16,4.17,54.50%,Sunday,2026-05
2026-05-24,Azura Stevens,Pts + Rebs,Under,21.5,-122,59.00%,9.00%,WIN,18.1,21,4.1,55.00%,Sunday,2026-05
2026-05-24,Azura Stevens,Rebs + Asts,Under,11.5,-138,61.00%,7.20%,LOSS,10,14,-5,58.00%,Sunday,2026-05
2026-05-24,Azura Stevens,Rebs + Asts,Under,13.5,102,53.50%,7.90%,LOSS,12.7,17,-5,49.50%,Sunday,2026-05
2026-05-24,Azura Stevens,Rebs + Asts,Under,10.5,-130,59.90%,7.70%,WIN,9.5,9,3.85,56.50%,Sunday,2026-05
2026-05-24,Azura Stevens,Rebs + Asts,Over,8.5,-114,51.30%,-4.20%,LOSS,8.8,8,-5,53.30%,Sunday,2026-05
2026-05-24,Azura Stevens,Rebs + Asts,Over,8.5,-144,63.10%,9.90%,WIN,11.7,12,3.47,59.00%,Sunday,2026-05
2026-05-24,Azura Stevens,Rebs + Asts,Under,6.5,-154,50.40%,-26.00%,LOSS,5.1,7,-5,60.60%,Sunday,2026-05
2026-05-24,Azura Stevens,Threes,Under,1.5,140,47.60%,10.10%,LOSS,1.4,5,-5,41.70%,Sunday,2026-05
2026-05-24,Azura Stevens,Threes,Under,0.5,182,41.10%,8.70%,WIN,0.13,0,9.1,35.50%,Sunday,2026-05
2026-05-24,Azzi Fudd,Threes,Under,1.5,-200,69.50%,8.50%,LOSS,0.7,2,-5,66.70%,Sunday,2026-05
2026-05-24,Azzi Fudd,Threes,Under,1.5,-220,60.20%,27.30%,WIN,1.2,0,2.27,68.80%,Sunday,2026-05
2026-05-24,Azzi Fudd,Threes,Under,1.5,-144,65.50%,15.80%,LOSS,0.57,4,-5,59.00%,Sunday,2026-05
2026-05-24,Azzi Fudd,Threes,Over,1.5,116,54.30%,14.90%,WIN,2.5,2,5.8,46.30%,Sunday,2026-05
2026-05-24,Azzi Fudd,Threes,Over,1.5,-200,54.40%,-36.80%,WIN,1.7,2,2.5,66.70%,Sunday,2026-05
2026-05-24,Azzi Fudd,Threes,Under,1.5,-125,65.40%,12.10%,WIN,0.8,0,4,55.60%,Sunday,2026-05
2026-05-25,Azzi Fudd,Assists,Over,2.5,-148,53.70%,-14.80%,LOSS,2.8,0,-5,59.70%,Monday,2026-05
2026-05-25,Azzi Fudd,Assists,Under,4.5,-108,56.30%,9.20%,WIN,3.3,2,4.63,51.90%,Monday,2026-05
2026-05-25,Azzi Fudd,Assists,Over,2.5,-149,61.60%,4.30%,LOSS,3.6,1,-5,59.80%,Monday,2026-05
2026-05-25,Azzi Fudd,Assists,Over,6.5,-152,51.90%,-21.20%,LOSS,7.2,6,-5,60.30%,Monday,2026-05
2026-05-25,Azzi Fudd,Points,Under,9.5,-110,55.70%,7.00%,WIN,7.1,8,4.55,52.40%,Monday,2026-05
2026-05-25,Azzi Fudd,Points,Under,20.5,100,53.80%,7.60%,LOSS,18,25,-5,50.00%,Monday,2026-05
2026-05-25,Azzi Fudd,Points,Under,14.5,-114,60.20%,14.80%,WIN,9.2,10,4.39,53.30%,Monday,2026-05
2026-05-25,Azzi Fudd,Points,Under,15.5,-132,63.70%,16.70%,LOSS,10,18,-5,56.90%,Monday,2026-05
2026-05-25,Azzi Fudd,Points,Under,13.5,-113,53.80%,1.60%,LOSS,12.4,15,-5,53.10%,Monday,2026-05
2026-05-25,Azzi Fudd,Points,Over,11.5,-114,53.60%,0.60%,LOSS,12.3,9,-5,53.30%,Monday,2026-05
2026-05-25,Azzi Fudd,Points,Under,14.5,-132,59.60%,6.20%,WIN,12,12,3.79,56.90%,Monday,2026-05
2026-05-25,Azzi Fudd,Points,Under,11.5,-128,59.30%,-15.60%,WIN,11.4,5,3.91,56.10%,Monday,2026-05
2026-05-25,Azzi Fudd,Points,Under,14.5,-106,54.50%,6.30%,WIN,12.4,11,4.72,51.50%,Monday,2026-05
2026-05-25,Azzi Fudd,Pts + Asts,Under,23.5,-125,58.00%,5.40%,LOSS,21.3,25,-5,55.60%,Monday,2026-05
2026-05-25,Azzi Fudd,Pts + Asts,Under,19.5,-108,57.10%,10.70%,LOSS,13.4,20,-5,51.90%,Monday,2026-05
2026-05-25,Azzi Fudd,Pts + Asts,Over,16.5,-124,47.40%,-17.90%,LOSS,17,16,-5,55.40%,Monday,2026-05
2026-05-25,Azzi Fudd,Pts + Asts,Under,21.5,100,51.30%,2.50%,WIN,19.9,17,5,50.00%,Monday,2026-05
2026-05-25,Azzi Fudd,Pts + Rebs,Under,13.5,-102,50.50%,0.10%,WIN,12,13,4.9,50.50%,Monday,2026-05
2026-05-25,Azzi Fudd,Pts + Rebs,Under,30.5,-114,57.50%,9.10%,LOSS,26.4,32,-5,53.30%,Monday,2026-05
2026-05-25,Azzi Fudd,Pts + Rebs,Under,17.5,-117,57.10%,7.00%,WIN,13,13,4.27,53.90%,Monday,2026-05
2026-05-25,Azzi Fudd,Pts + Rebs,Under,18.5,-130,61.00%,10.20%,WIN,12.5,18,3.85,56.50%,Monday,2026-05
2026-05-25,Azzi Fudd,Pts + Rebs,Under,17.5,100,50.90%,1.90%,WIN,16.7,17,5,50.00%,Monday,2026-05
2026-05-25,Azzi Fudd,Pts + Rebs,Over,14.5,-114,55.60%,4.90%,LOSS,17.6,13,-5,53.30%,Monday,2026-05
2026-05-25,Azzi Fudd,Pts + Rebs,Under,22.5,-114,54.40%,2.40%,LOSS,21.1,23,-5,53.30%,Monday,2026-05
2026-05-25,Azzi Fudd,Pts + Rebs,Over,16.5,-104,51.60%,1.30%,LOSS,17.1,13,-5,51.00%,Monday,2026-05
2026-05-25,Azzi Fudd,Pts + Rebs,Over,18.5,-104,50.60%,0.70%,LOSS,19,13,-5,51.00%,Monday,2026-05
2026-05-25,Azzi Fudd,Rebs + Asts,Under,12.5,-140,64.90%,15.90%,WIN,10,7,3.57,58.30%,Monday,2026-05
2026-05-25,Azzi Fudd,Rebs + Asts,Over,10.5,-106,52.90%,3.10%,LOSS,11.8,8,-5,51.50%,Monday,2026-05
2026-05-25,Azzi Fudd,Threes,Over,2.5,148,42.30%,3.30%,LOSS,2.6,1,-5,40.30%,Monday,2026-05
2026-05-25,Azzi Fudd,Threes,Over,1.5,-188,60.60%,-13.50%,WIN,1.9,3,2.66,65.30%,Monday,2026-05
2026-05-25,Azzi Fudd,Threes,Over,2.5,130,46.30%,5.00%,LOSS,3.1,1,-5,43.50%,Monday,2026-05
2026-05-25,Azzi Fudd,Threes,Over,1.5,162,44.00%,9.40%,LOSS,1.6,1,-5,38.20%,Monday,2026-05
2026-05-25,Azzi Fudd,Threes,Over,1.5,112,52.50%,10.20%,LOSS,1.9,1,-5,47.20%,Monday,2026-05
2026-05-25,Azzi Fudd,Threes,Under,1.5,-130,59.70%,7.20%,LOSS,1.2,2,-5,56.50%,Monday,2026-05
2026-05-27,Azzi Fudd,Assists,Over,8.5,114,49.50%,5.20%,WIN,9.2,9,5.7,46.70%,Wednesday,2026-05
2026-05-27,Azzi Fudd,Assists,Over,2.5,-146,53.80%,-13.80%,WIN,2.8,5,3.42,59.30%,Wednesday,2026-05
2026-05-27,Azzi Fudd,Assists,Over,2.5,-180,56.10%,-22.80%,LOSS,2.6,2,-5,64.30%,Wednesday,2026-05
2026-05-27,Azzi Fudd,Assists,Under,2.5,-149,60.40%,1.40%,LOSS,2.2,3,-5,59.80%,Wednesday,2026-05
2026-05-27,Azzi Fudd,Assists,Over,4.5,102,50.60%,2.20%,LOSS,4.9,2,-5,49.50%,Wednesday,2026-05
2026-05-27,Azzi Fudd,Assists,Under,4.5,-108,57.80%,12.30%,WIN,2.9,3,4.63,51.90%,Wednesday,2026-05
2026-05-27,Azzi Fudd,Assists,Over,3.5,106,53.20%,9.00%,WIN,4.9,7,5.3,48.50%,Wednesday,2026-05
2026-05-27,Azzi Fudd,Assists,Under,5.5,-154,62.90%,5.90%,WIN,4.3,2,3.25,60.60%,Wednesday,2026-05
2026-05-27,Azzi Fudd,Assists,Under,2.5,-104,51.20%,0.40%,LOSS,2.4,4,-5,51.00%,Wednesday,2026-05
2026-05-27,Azzi Fudd,Assists,Over,6.5,118,47.60%,3.20%,LOSS,7,5,-5,45.90%,Wednesday,2026-05
2026-05-27,Azzi Fudd,Assists,Over,3.5,116,46.40%,0.10%,WIN,3.6,7,5.8,46.30%,Wednesday,2026-05
2026-05-27,Azzi Fudd,Assists,Over,4.5,102,50.80%,2.60%,WIN,5,9,5.1,49.50%,Wednesday,2026-05
2026-05-27,Azzi Fudd,Assists,Over,2.5,-158,53.50%,-19.90%,WIN,2.6,5,3.16,61.20%,Wednesday,2026-05
2026-05-27,Azzi Fudd,Assists,Under,4.5,-125,56.80%,2.80%,WIN,4,1,4,55.60%,Wednesday,2026-05
2026-05-27,Azzi Fudd,Assists,Over,5.5,-132,48.80%,-18.80%,WIN,5.6,8,3.79,56.90%,Wednesday,2026-05
2026-05-27,Azzi Fudd,Assists,Over,4.5,124,46.30%,2.90%,LOSS,4.7,4,-5,44.60%,Wednesday,2026-05
2026-05-27,Azzi Fudd,Assists,Over,5.5,-158,61.40%,0.30%,WIN,6.3,9,3.16,61.20%,Wednesday,2026-05
2026-05-27,Azzi Fudd,Points,Under,9.5,-102,55.20%,9.50%,WIN,7,0,4.9,50.50%,Wednesday,2026-05
2026-05-27,Azzi Fudd,Points,Under,19.5,-125,55.90%,0.80%,LOSS,19.2,21,-5,55.60%,Wednesday,2026-05
2026-05-27,Azzi Fudd,Points,Under,16.5,-113,53.90%,1.80%,WIN,16.5,9,4.42,53.10%,Wednesday,2026-05
2026-05-27,Azzi Fudd,Points,Under,11.5,-119,56.80%,5.40%,LOSS,8.8,13,-5,54.30%,Wednesday,2026-05
2026-05-27,Azzi Fudd,Points,Under,13.5,-122,56.90%,4.20%,WIN,11.9,10,4.1,55.00%,Wednesday,2026-05
2026-05-27,Azzi Fudd,Points,Over,19.5,-106,52.10%,1.30%,LOSS,21.3,11,-5,51.50%,Wednesday,2026-05
2026-05-27,Azzi Fudd,Points,Under,14.5,-110,58.60%,13.10%,WIN,10,13,4.55,52.40%,Wednesday,2026-05
2026-05-27,Azzi Fudd,Points,Under,19.5,-114,57.00%,8.10%,LOSS,15.6,20,-5,53.30%,Wednesday,2026-05
2026-05-27,Azzi Fudd,Points,Under,15.5,-122,61.30%,14.10%,LOSS,10.4,20,-5,55.00%,Wednesday,2026-05
2026-05-27,Azzi Fudd,Points,Over,14.5,-130,55.00%,-3.50%,WIN,16.5,25,3.85,56.50%,Wednesday,2026-05
2026-05-27,Azzi Fudd,Points,Under,9.5,-130,60.40%,8.90%,WIN,6.4,4,3.85,56.50%,Wednesday,2026-05
2026-05-27,Azzi Fudd,Points,Under,13.5,-120,57.40%,6.20%,WIN,11.5,8,4.17,54.50%,Wednesday,2026-05
2026-05-27,Azzi Fudd,Points,Under,7.5,100,54.00%,7.90%,WIN,5.7,7,5,50.00%,Wednesday,2026-05
2026-05-27,Azzi Fudd,Points,Under,12.5,-115,55.70%,4.80%,LOSS,10.5,17,-5,53.50%,Wednesday,2026-05
2026-05-27,Azzi Fudd,Points,Over,10.5,-115,55.50%,4.40%,LOSS,12.4,9,-5,53.50%,Wednesday,2026-05
2026-05-27,Azzi Fudd,Points,Over,11.5,-122,58.80%,8.50%,LOSS,16.4,9,-5,55.00%,Wednesday,2026-05
2026-05-27,Azzi Fudd,Points,Under,19.5,-128,58.70%,5.80%,WIN,17.6,19,3.91,56.10%,Wednesday,2026-05
2026-05-27,Azzi Fudd,Points,Under,15.5,-120,57.10%,5.50%,WIN,14,2,4.17,54.50%,Wednesday,2026-05
2026-05-27,Azzi Fudd,Points,Over,14.5,-125,56.20%,1.40%,LOSS,14.8,12,-5,55.60%,Wednesday,2026-05
2026-05-27,Azzi Fudd,Points,Over,14.5,-104,52.10%,2.30%,LOSS,14.6,13,-5,51.00%,Wednesday,2026-05
2026-05-27,Azzi Fudd,Points,Over,11.5,-122,59.80%,10.20%,WIN,17,14,4.1,55.00%,Wednesday,2026-05
2026-05-27,Azzi Fudd,Points,Under,17.5,-113,56.90%,8.10%,LOSS,14.4,24,-5,53.10%,Wednesday,2026-05
2026-05-27,Azzi Fudd,Points,Under,11.5,-110,53.20%,1.80%,LOSS,10.4,18,-5,52.40%,Wednesday,2026-05
2026-05-27,Azzi Fudd,Points,Under,14.5,100,56.80%,13.60%,LOSS,9.9,22,-5,50.00%,Wednesday,2026-05
2026-05-27,Azzi Fudd,Points,Under,9.5,-125,61.60%,13.60%,LOSS,5.9,14,-5,55.60%,Wednesday,2026-05
2026-05-27,Azzi Fudd,Points,Under,13.5,-110,52.20%,-0.30%,WIN,12.6,8,4.55,52.40%,Wednesday,2026-05
2026-05-27,Azzi Fudd,Points,Under,8.5,-125,53.40%,-5.00%,LOSS,8.1,29,-5,55.60%,Wednesday,2026-05
2026-05-27,Azzi Fudd,Points,Over,14.5,-110,53.00%,1.30%,WIN,16,16,4.55,52.40%,Wednesday,2026-05
2026-05-27,Azzi Fudd,Points,Over,16.5,-108,52.90%,2.10%,LOSS,17.8,10,-5,51.90%,Wednesday,2026-05
2026-05-27,Azzi Fudd,Points,Under,14.5,-108,54.20%,4.80%,LOSS,14.5,18,-5,51.90%,Wednesday,2026-05
2026-05-27,Azzi Fudd,Points,Under,14.5,-108,54.20%,4.80%,LOSS,13.4,18,-5,51.90%,Wednesday,2026-05
2026-05-27,Azzi Fudd,Points,Under,14.5,100,51.20%,2.40%,LOSS,14.2,23,-5,50.00%,Wednesday,2026-05
2026-05-27,Azzi Fudd,Points,Under,16.5,-113,53.20%,0.30%,WIN,15.9,7,4.42,53.10%,Wednesday,2026-05
2026-05-27,Azzi Fudd,Pts + Asts,Over,24.5,-130,50.70%,-13.30%,LOSS,25.8,18,-5,56.50%,Wednesday,2026-05
2026-05-27,Azzi Fudd,Pts + Asts,Under,16.5,-128,57.10%,2.20%,WIN,16.1,15,3.91,56.10%,Wednesday,2026-05
2026-05-27,Azzi Fudd,Pts + Asts,Under,23.5,-128,56.10%,-0.10%,WIN,22.6,13,3.91,56.10%,Wednesday,2026-05
2026-05-27,Azzi Fudd,Pts + Asts,Under,17.5,-128,59.30%,8.50%,WIN,10.9,16,3.91,56.10%,Wednesday,2026-05
2026-05-27,Azzi Fudd,Pts + Asts,Under,24.5,-128,60.50%,9.90%,WIN,20.1,22,3.91,56.10%,Wednesday,2026-05
2026-05-27,Betnijah Laney-Hamilton,Pts + Asts,Under,20.5,130,62.80%,14.50%,LOSS,12,23,-5,43.50%,Wednesday,2026-05
2026-05-27,Betnijah Laney-Hamilton,Pts + Asts,Over,18.5,-114,56.00%,5.90%,WIN,21.1,32,4.39,53.30%,Wednesday,2026-05
2026-05-27,Betnijah Laney-Hamilton,Pts + Asts,Under,13.5,-122,52.00%,-6.60%,WIN,9.9,9,4.1,55.00%,Wednesday,2026-05
2026-05-27,Betnijah Laney-Hamilton,Pts + Asts,Under,15.5,-112,55.50%,5.60%,LOSS,13.3,21,-5,52.80%,Wednesday,2026-05
2026-05-27,Betnijah Laney-Hamilton,Pts + Asts,Over,16.5,-132,59.50%,6.00%,LOSS,19.3,14,-5,56.90%,Wednesday,2026-05
2026-05-27,Betnijah Laney-Hamilton,Pts + Asts,Under,20.5,-130,58.60%,4.80%,LOSS,18.4,31,-5,56.50%,Wednesday,2026-05
2026-05-27,Breanna Stewart,Pts + Asts,Under,16.5,-130,57.50%,2.50%,LOSS,15.7,27,-5,56.50%,Wednesday,2026-05
2026-05-27,Breanna Stewart,Pts + Asts,Under,18.5,100,55.00%,9.90%,LOSS,13,27,-5,50.00%,Wednesday,2026-05
2026-05-27,Breanna Stewart,Pts + Asts,Under,18.5,-122,58.10%,7.00%,WIN,16.6,9,4.1,55.00%,Wednesday,2026-05
2026-05-27,Breanna Stewart,Pts + Asts,Over,20.5,-110,53.40%,2.00%,WIN,21.7,24,4.55,52.40%,Wednesday,2026-05
2026-05-27,Breanna Stewart,Pts + Asts,Over,20.5,-118,55.60%,3.30%,LOSS,22.7,14,-5,54.10%,Wednesday,2026-05
2026-05-27,Breanna Stewart,Pts + Asts,Under,21.5,-128,51.70%,-10.10%,LOSS,21.2,32,-5,56.10%,Wednesday,2026-05
2026-05-27,Breanna Stewart,Pts + Rebs,Under,14.5,-115,56.80%,7.00%,WIN,11.6,2,4.35,53.50%,Wednesday,2026-05
2026-05-27,Breanna Stewart,Pts + Rebs,Over,23.5,-114,54.10%,1.80%,LOSS,25.3,21,-5,53.30%,Wednesday,2026-05
2026-05-27,Breanna Stewart,Pts + Rebs,Over,24.5,-125,57.40%,4.10%,LOSS,26.6,16,-5,55.60%,Wednesday,2026-05
2026-05-27,Breanna Stewart,Pts + Rebs,Under,20.5,-125,60.30%,10.80%,LOSS,16.4,26,-5,55.60%,Wednesday,2026-05
2026-05-27,Breanna Stewart,Pts + Rebs,Under,25.5,-122,55.50%,1.30%,WIN,24.9,18,4.1,55.00%,Wednesday,2026-05
2026-05-27,Breanna Stewart,Pts + Rebs,Over,27.5,-114,49.00%,-9.20%,LOSS,28.5,17,-5,53.30%,Wednesday,2026-05
2026-05-27,Breanna Stewart,Pts + Rebs,Under,17.5,-115,57.70%,9.00%,LOSS,12.6,20,-5,53.50%,Wednesday,2026-05
2026-05-27,Breanna Stewart,Pts + Rebs,Under,23.5,-106,57.00%,11.40%,LOSS,18.9,26,-5,51.50%,Wednesday,2026-05
2026-05-27,Breanna Stewart,Pts + Rebs,Under,18.5,-129,63.10%,15.50%,LOSS,11.4,20,-5,56.30%,Wednesday,2026-05
2026-05-27,Breanna Stewart,Pts + Rebs,Under,20.5,-129,55.40%,-2.10%,LOSS,20.4,28,-5,56.30%,Wednesday,2026-05
2026-05-27,Breanna Stewart,Pts + Rebs,Under,13.5,100,53.20%,6.40%,WIN,10.7,5,5,50.00%,Wednesday,2026-05
2026-05-27,Breanna Stewart,Pts + Rebs,Under,18.5,-106,52.80%,2.80%,WIN,17,10,4.72,51.50%,Wednesday,2026-05
2026-05-27,Breanna Stewart,Pts + Rebs,Under,20.5,-114,56.60%,7.10%,LOSS,17.8,29,-5,53.30%,Wednesday,2026-05
2026-05-27,Breanna Stewart,Pts + Rebs,Over,14.5,-112,54.50%,3.60%,LOSS,16.9,10,-5,52.80%,Wednesday,2026-05
2026-05-27,Breanna Stewart,Pts + Rebs,Under,25.5,-122,55.80%,1.90%,WIN,24.4,7,4.1,55.00%,Wednesday,2026-05
2026-05-27,Breanna Stewart,Pts + Rebs,Under,18.5,-106,52.00%,1.20%,WIN,18.3,14,4.72,51.50%,Wednesday,2026-05
2026-05-27,Breanna Stewart,Pts + Rebs,Under,24.5,-120,54.50%,0.00%,WIN,24.4,22,4.17,54.50%,Wednesday,2026-05
2026-05-27,Breanna Stewart,Pts + Rebs,Over,16.5,-114,57.20%,8.30%,WIN,20.5,22,4.39,53.30%,Wednesday,2026-05
2026-05-27,Breanna Stewart,Pts + Rebs,Under,21.5,-108,56.40%,9.30%,LOSS,18.4,28,-5,51.90%,Wednesday,2026-05
2026-05-27,Breanna Stewart,Pts + Rebs,Under,15.5,-118,53.20%,-2.00%,LOSS,14.3,23,-5,54.10%,Wednesday,2026-05
2026-05-27,Breanna Stewart,Pts + Rebs,Under,22.5,-118,59.60%,12.00%,LOSS,17.6,30,-5,54.10%,Wednesday,2026-05
2026-05-27,Breanna Stewart,Pts + Rebs,Under,17.5,-110,58.70%,13.30%,LOSS,10.7,20,-5,52.40%,Wednesday,2026-05
2026-05-27,Breanna Stewart,Pts + Rebs,Under,12.5,-108,54.00%,4.40%,LOSS,8.7,19,-5,51.90%,Wednesday,2026-05
2026-05-27,Breanna Stewart,Pts + Rebs,Over,13.5,-122,55.20%,0.60%,WIN,13.2,35,4.1,55.00%,Wednesday,2026-05
2026-05-27,Breanna Stewart,Pts + Rebs,Over,19.5,-104,51.00%,0.00%,WIN,20,21,4.81,51.00%,Wednesday,2026-05
2026-05-27,Breanna Stewart,Pts + Rebs,Over,20.5,-118,54.70%,1.30%,LOSS,22.5,12,-5,54.10%,Wednesday,2026-05
2026-05-27,Breanna Stewart,Pts + Rebs,Under,22.5,-112,57.00%,8.90%,LOSS,19.3,31,-5,52.80%,Wednesday,2026-05
2026-05-27,Breanna Stewart,Pts + Rebs,Under,20.5,-125,55.60%,0.10%,WIN,19.7,11,4,55.60%,Wednesday,2026-05
2026-05-27,Breanna Stewart,Rebs + Asts,Over,16.5,100,53.80%,7.70%,LOSS,18.2,16,-5,50.00%,Wednesday,2026-05
2026-05-27,Breanna Stewart,Rebs + Asts,Over,14.5,-132,58.10%,2.70%,LOSS,15.8,13,-5,56.90%,Wednesday,2026-05
2026-05-27,Breanna Stewart,Rebs + Asts,Under,11.5,-114,62.30%,19.40%,WIN,9.3,8,4.39,53.30%,Wednesday,2026-05
2026-05-27,Breanna Stewart,Rebs + Asts,Under,8.5,-110,54.30%,4.10%,WIN,7.6,8,4.55,52.40%,Wednesday,2026-05
2026-05-27,Breanna Stewart,Rebs + Asts,Over,8.5,-132,61.70%,11.20%,WIN,10.6,10,3.79,56.90%,Wednesday,2026-05
2026-05-27,Breanna Stewart,Rebs + Asts,Under,10.5,100,57.00%,14.00%,LOSS,9,16,-5,50.00%,Wednesday,2026-05
2026-05-27,Breanna Stewart,Rebs + Asts,Over,9.5,-140,59.90%,3.80%,LOSS,10.6,6,-5,58.30%,Wednesday,2026-05
2026-05-27,Breanna Stewart,Rebs + Asts,Under,7.5,-132,48.90%,-18.50%,LOSS,7.1,11,-5,56.90%,Wednesday,2026-05
2026-05-27,Breanna Stewart,Rebs + Asts,Under,8.5,-152,52.30%,-20.10%,LOSS,8.4,14,-5,60.30%,Wednesday,2026-05
2026-05-27,Breanna Stewart,Rebs + Asts,Under,10.5,-132,61.20%,10.00%,LOSS,9.4,13,-5,56.90%,Wednesday,2026-05
2026-05-27,Breanna Stewart,Rebs + Asts,Over,10.5,-114,49.80%,-7.30%,WIN,10.7,13,4.39,53.30%,Wednesday,2026-05
2026-05-27,Breanna Stewart,Rebs + Asts,Over,8.5,102,52.80%,6.50%,LOSS,9.8,6,-5,49.50%,Wednesday,2026-05
2026-05-27,Breanna Stewart,Threes,Over,1.5,-178,53.70%,-28.70%,WIN,1.6,5,2.81,64.00%,Wednesday,2026-05
2026-05-27,Breanna Stewart,Threes,Over,0.5,-240,58.30%,-41.90%,LOSS,0.5,0,-5,70.60%,Wednesday,2026-05
2026-05-27,Breanna Stewart,Threes,Under,2.5,-174,70.90%,20.40%,WIN,1.6,2,2.87,63.50%,Wednesday,2026-05
2026-05-27,Breanna Stewart,Threes,Under,1.5,-154,63.70%,7.80%,WIN,1.1,1,3.25,60.60%,Wednesday,2026-05
2026-05-27,Breanna Stewart,Threes,Under,1.5,-158,56.90%,-11.30%,LOSS,1.4,3,-5,61.20%,Wednesday,2026-05
2026-05-27,Breanna Stewart,Threes,Under,1.5,-158,60.60%,-1.80%,WIN,1.3,0,3.16,61.20%,Wednesday,2026-05
2026-05-27,Breanna Stewart,Threes,Under,1.5,-220,61.80%,-22.20%,LOSS,1.3,3,-5,68.80%,Wednesday,2026-05
2026-05-27,Breanna Stewart,Threes,Over,2.5,116,63.30%,31.60%,WIN,4.5,3,5.8,46.30%,Wednesday,2026-05
2026-05-27,Breanna Stewart,Threes,Under,1.5,118,57.90%,22.30%,LOSS,0.74,2,-5,45.90%,Wednesday,2026-05
2026-05-27,Breanna Stewart,Threes,Under,2.5,-210,69.10%,4.30%,WIN,1.8,1,2.38,67.70%,Wednesday,2026-05
2026-05-27,Breanna Stewart,Threes,Under,2.5,112,55.90%,16.50%,LOSS,1.8,3,-5,47.20%,Wednesday,2026-05
2026-05-27,Breanna Stewart,Threes,Under,1.5,-128,57.40%,2.90%,WIN,1.4,1,3.91,56.10%,Wednesday,2026-05
2026-05-27,Breanna Stewart,Threes,Over,2.5,-138,50.90%,-15.80%,LOSS,3,2,-5,58.00%,Wednesday,2026-05
2026-05-27,Breanna Stewart,Threes,Under,1.5,-200,64.80%,-5.70%,WIN,1.2,1,2.5,66.70%,Wednesday,2026-05
2026-05-27,Breanna Stewart,Threes,Over,1.5,178,41.20%,8.20%,LOSS,1.7,1,-5,36.00%,Wednesday,2026-05
2026-05-28,Breanna Stewart,Assists,Under,3.5,-186,61.20%,-11.10%,WIN,3.1,3,2.69,65.00%,Thursday,2026-05
2026-05-28,Breanna Stewart,Assists,Over,2.5,-156,64.00%,7.90%,LOSS,3.9,2,-5,60.90%,Thursday,2026-05
2026-05-28,Breanna Stewart,Assists,Over,8.5,-114,56.00%,5.80%,LOSS,9.7,6,-5,53.30%,Thursday,2026-05
2026-05-28,Breanna Stewart,Assists,Over,5.5,-158,65.10%,10.00%,WIN,7.9,8,3.16,61.20%,Thursday,2026-05
2026-05-28,Breanna Stewart,Assists,Over,2.5,-148,62.70%,7.40%,WIN,3.8,6,3.38,59.70%,Thursday,2026-05
2026-05-28,Breanna Stewart,Assists,Under,5.5,-108,54.00%,4.20%,LOSS,5.3,7,-5,51.90%,Thursday,2026-05
2026-05-28,Breanna Stewart,Assists,Over,4.5,-158,53.70%,-19.60%,WIN,4.6,10,3.16,61.20%,Thursday,2026-05
2026-05-28,Breanna Stewart,Assists,Under,5.5,-168,62.70%,0.10%,LOSS,5.2,6,-5,62.70%,Thursday,2026-05
2026-05-28,Breanna Stewart,Assists,Over,5.5,-154,66.20%,14.20%,LOSS,8.8,3,-5,60.60%,Thursday,2026-05
2026-05-28,Breanna Stewart,Points,Over,25.5,100,53.30%,6.60%,LOSS,28.6,21,-5,50.00%,Thursday,2026-05
2026-05-28,Breanna Stewart,Points,Over,14.5,102,51.20%,3.30%,LOSS,14.7,13,-5,49.50%,Thursday,2026-05
2026-05-28,Breanna Stewart,Points,Over,15.5,-114,50.60%,-5.80%,LOSS,15.9,1,-5,53.30%,Thursday,2026-05
2026-05-28,Breanna Stewart,Points,Over,10.5,102,53.60%,8.10%,WIN,13.3,22,5.1,49.50%,Thursday,2026-05
2026-05-28,Breanna Stewart,Points,Over,19.5,-113,53.40%,0.70%,LOSS,22.9,16,-5,53.10%,Thursday,2026-05
2026-05-28,Breanna Stewart,Points,Over,11.5,-110,57.60%,10.90%,LOSS,14.9,8,-5,52.40%,Thursday,2026-05
2026-05-28,Breanna Stewart,Points,Over,16.5,-104,58.30%,15.00%,LOSS,24.6,14,-5,51.00%,Thursday,2026-05
2026-05-28,Breanna Stewart,Points,Under,13.5,-130,51.40%,-11.80%,LOSS,12.7,19,-5,56.50%,Thursday,2026-05
2026-05-28,Breanna Stewart,Points,Under,15.5,-120,49.00%,-12.30%,WIN,14.7,15,4.17,54.50%,Thursday,2026-05
2026-05-28,Breanna Stewart,Points,Under,12.5,-135,54.80%,-6.30%,LOSS,12.1,19,-5,57.40%,Thursday,2026-05
2026-05-28,Breanna Stewart,Points,Under,10.5,-113,54.80%,3.60%,LOSS,8.7,22,-5,53.10%,Thursday,2026-05
2026-05-28,Breanna Stewart,Points,Under,8.5,-108,52.10%,0.40%,LOSS,8.2,9,-5,51.90%,Thursday,2026-05
2026-05-28,Breanna Stewart,Points,Under,11.5,-135,57.70%,0.50%,WIN,10.1,0,3.7,57.40%,Thursday,2026-05
2026-05-28,Breanna Stewart,Points,Over,19.5,-118,52.60%,-3.40%,LOSS,21.9,14,-5,54.10%,Thursday,2026-05
2026-05-28,Breanna Stewart,Points,Over,8.5,-106,52.90%,2.90%,WIN,9.4,9,4.72,51.50%,Thursday,2026-05
2026-05-28,Breanna Stewart,Points,Under,19.5,-104,51.60%,1.20%,LOSS,19.4,20,-5,51.00%,Thursday,2026-05
2026-05-28,Breanna Stewart,Points,Under,14.5,-122,60.40%,12.20%,LOSS,11.4,25,-5,55.00%,Thursday,2026-05
2026-05-28,Breanna Stewart,Pts + Asts,Over,28.5,-106,53.60%,4.50%,LOSS,31,24,-5,51.50%,Thursday,2026-05
2026-05-28,Breanna Stewart,Pts + Asts,Over,17.5,-129,56.80%,1.10%,LOSS,18.9,3,-5,56.30%,Thursday,2026-05
2026-05-28,Breanna Stewart,Pts + Asts,Over,28.5,-110,56.00%,7.70%,LOSS,32.8,22,-5,52.40%,Thursday,2026-05
2026-05-28,Breanna Stewart,Pts + Asts,Over,17.5,-122,58.10%,7.00%,LOSS,20.9,16,-5,55.00%,Thursday,2026-05
2026-05-28,Breanna Stewart,Pts + Asts,Over,16.5,-106,48.10%,-6.80%,WIN,17.5,25,4.72,51.50%,Thursday,2026-05
2026-05-28,Breanna Stewart,Pts + Asts,Over,21.5,-102,50.00%,-1.00%,WIN,21.8,22,4.9,50.50%,Thursday,2026-05
2026-05-28,Breanna Stewart,Pts + Asts,Under,15.5,-106,54.40%,6.00%,LOSS,12.2,32,-5,51.50%,Thursday,2026-05
2026-05-28,Breanna Stewart,Pts + Asts,Under,25.5,-125,55.70%,0.40%,LOSS,25.1,26,-5,55.60%,Thursday,2026-05
2026-05-28,Breanna Stewart,Pts + Asts,Under,20.5,-114,54.90%,3.40%,LOSS,19,28,-5,53.30%,Thursday,2026-05
2026-05-28,Breanna Stewart,Pts + Rebs,Over,33.5,-125,56.40%,1.80%,LOSS,35.5,28,-5,55.60%,Thursday,2026-05
2026-05-28,Breanna Stewart,Pts + Rebs,Over,21.5,-120,58.00%,7.60%,LOSS,25,19,-5,54.50%,Thursday,2026-05
2026-05-28,Breanna Stewart,Pts + Rebs,Over,17.5,-116,54.40%,1.60%,LOSS,18.7,1,-5,53.70%,Thursday,2026-05
2026-05-28,Breanna Stewart,Pts + Rebs,Over,24.5,-108,55.00%,6.50%,LOSS,27.4,20,-5,51.90%,Thursday,2026-05
2026-05-28,Breanna Stewart,Pts + Rebs,Over,15.5,-106,54.70%,6.80%,LOSS,18,11,-5,51.50%,Thursday,2026-05
2026-05-28,Breanna Stewart,Pts + Rebs,Over,17.5,-108,52.90%,2.00%,WIN,17.7,25,4.63,51.90%,Thursday,2026-05
2026-05-28,Breanna Stewart,Pts + Rebs,Over,19.5,-132,51.10%,-13.40%,LOSS,20,18,-5,56.90%,Thursday,2026-05
2026-05-28,Breanna Stewart,Pts + Rebs,Under,21.5,-132,62.50%,13.10%,LOSS,16.4,42,-5,56.90%,Thursday,2026-05
2026-05-28,Breanna Stewart,Pts + Rebs,Over,11.5,-114,54.00%,1.60%,LOSS,11.8,11,-5,53.30%,Thursday,2026-05
2026-05-28,Breanna Stewart,Pts + Rebs,Over,16.5,-118,50.00%,-8.90%,LOSS,16.5,3,-5,54.10%,Thursday,2026-05
2026-05-28,Breanna Stewart,Pts + Rebs,Under,14.5,-130,52.30%,-9.70%,LOSS,13.3,21,-5,56.50%,Thursday,2026-05
2026-05-28,Breanna Stewart,Pts + Rebs,Under,23.5,-125,50.40%,-11.60%,WIN,23.5,23,4,55.60%,Thursday,2026-05
2026-05-28,Breanna Stewart,Rebs + Asts,Over,11.5,-140,52.70%,-13.60%,LOSS,11.6,10,-5,58.30%,Thursday,2026-05
2026-05-28,Breanna Stewart,Rebs + Asts,Over,13.5,-108,47.80%,-8.50%,LOSS,14.3,10,-5,51.90%,Thursday,2026-05
2026-05-28,Breanna Stewart,Rebs + Asts,Over,9.5,-128,59.90%,8.60%,WIN,11.4,11,3.91,56.10%,Thursday,2026-05
2026-05-28,Breanna Stewart,Rebs + Asts,Over,7.5,108,50.80%,5.30%,WIN,7.7,12,5.4,48.10%,Thursday,2026-05
2026-05-28,Breanna Stewart,Rebs + Asts,Over,10.5,100,50.50%,1.00%,LOSS,10.9,10,-5,50.00%,Thursday,2026-05
2026-05-28,Breanna Stewart,Rebs + Asts,Over,14.5,-130,47.10%,-21.70%,WIN,14.8,30,3.85,56.50%,Thursday,2026-05
2026-05-28,Breanna Stewart,Rebs + Asts,Over,8.5,102,50.10%,1.10%,WIN,8.7,9,5.1,49.50%,Thursday,2026-05
2026-05-28,Breanna Stewart,Rebs + Asts,Over,9.5,105,54.50%,11.20%,LOSS,11.4,9,-5,48.80%,Thursday,2026-05
2026-05-28,Breanna Stewart,Threes,Over,1.5,-174,54.60%,-24.50%,LOSS,1.8,0,-5,63.50%,Thursday,2026-05
2026-05-28,Breanna Stewart,Threes,Over,1.5,102,55.40%,11.70%,WIN,2.1,3,5.1,49.50%,Thursday,2026-05
2026-05-28,Breanna Stewart,Threes,Over,2.5,-168,66.90%,11.20%,LOSS,3.5,2,-5,62.70%,Thursday,2026-05
2026-05-28,Breanna Stewart,Threes,Over,1.5,-160,63.50%,5.20%,LOSS,2.4,1,-5,61.50%,Thursday,2026-05
2026-05-28,Breanna Stewart,Threes,Over,2.5,148,40.20%,-0.20%,LOSS,2.6,2,-5,40.30%,Thursday,2026-05
2026-05-28,Breanna Stewart,Threes,Over,1.5,-136,49.60%,-18.90%,LOSS,1.6,1,-5,57.60%,Thursday,2026-05
2026-05-28,Breanna Stewart,Threes,Under,2.5,-186,59.60%,-15.60%,LOSS,2,3,-5,65.00%,Thursday,2026-05
2026-05-28,Breanna Stewart,Threes,Over,1.5,-136,60.00%,5.50%,WIN,2.2,2,3.68,57.60%,Thursday,2026-05
2026-05-28,Breanna Stewart,Threes,Over,1.5,110,49.90%,4.30%,LOSS,1.8,0,-5,47.60%,Thursday,2026-05
2026-05-28,Breanna Stewart,Threes,Under,2.5,-146,59.40%,0.20%,WIN,2,2,3.42,59.30%,Thursday,2026-05
2026-05-28,Breanna Stewart,Threes,Over,1.5,-114,54.30%,2.30%,WIN,1.8,2,4.39,53.30%,Thursday,2026-05
2026-05-28,Breanna Stewart,Threes,Over,1.5,102,48.70%,-1.60%,LOSS,1.6,1,-5,49.50%,Thursday,2026-05
2026-05-29,Breanna Stewart,Assists,Over,8.5,-122,56.20%,2.70%,LOSS,9.3,8,-5,55.00%,Friday,2026-05
2026-05-29,Breanna Stewart,Assists,Over,2.5,-148,59.90%,0.40%,WIN,3.4,5,3.38,59.70%,Friday,2026-05
2026-05-29,Breanna Stewart,Assists,Under,3.5,112,49.80%,5.00%,WIN,3.3,2,5.6,47.20%,Friday,2026-05
2026-05-29,Breanna Stewart,Assists,Over,2.5,-152,52.60%,-19.30%,WIN,2.5,4,3.29,60.30%,Friday,2026-05
2026-05-29,Breanna Stewart,Assists,Under,4.5,-138,62.90%,11.60%,WIN,2.8,4,3.62,58.00%,Friday,2026-05
2026-05-29,Breanna Stewart,Assists,Over,3.5,-160,64.00%,6.50%,WIN,5.2,5,3.13,61.50%,Friday,2026-05
2026-05-29,Breanna Stewart,Assists,Under,3.5,-180,61.70%,-7.20%,LOSS,3,0,-5,64.30%,Friday,2026-05
2026-05-29,Breanna Stewart,Assists,Over,6.5,116,48.30%,3.70%,LOSS,7.4,4,-5,46.30%,Friday,2026-05
2026-05-29,Breanna Stewart,Assists,Under,2.5,-183,62.60%,-5.90%,WIN,1.4,1,2.73,64.70%,Friday,2026-05
2026-05-29,Breanna Stewart,Assists,Under,4.5,-112,58.00%,10.90%,WIN,3.3,1,4.46,52.80%,Friday,2026-05
2026-05-29,Breanna Stewart,Assists,Under,5.5,-136,59.70%,4.80%,WIN,4.4,2,3.68,57.60%,Friday,2026-05
2026-05-29,Breanna Stewart,Assists,Over,2.5,-138,51.30%,-15.80%,WIN,2.6,3,3.62,58.00%,Friday,2026-05
2026-05-29,Breanna Stewart,Assists,Under,2.5,-166,62.40%,0.10%,WIN,2.1,2,3.01,62.40%,Friday,2026-05
2026-05-29,Breanna Stewart,Assists,Over,5.5,-112,57.40%,9.60%,WIN,7.7,6,4.46,52.80%,Friday,2026-05
2026-05-29,Breanna Stewart,Assists,Under,4.5,-152,52.50%,-19.60%,WIN,4.5,4,3.29,60.30%,Friday,2026-05
2026-05-29,Breanna Stewart,Assists,Under,2.5,102,52.10%,5.20%,LOSS,2.1,3,-5,49.50%,Friday,2026-05
2026-05-29,Breanna Stewart,Assists,Over,6.5,-106,52.60%,2.30%,LOSS,7.5,3,-5,51.50%,Friday,2026-05
2026-05-29,Breanna Stewart,Assists,Under,2.5,-130,57.70%,2.80%,LOSS,1.7,8,-5,56.50%,Friday,2026-05
2026-05-29,Breanna Stewart,Points,Under,20.5,-130,56.60%,0.30%,WIN,19.8,13,3.85,56.50%,Friday,2026-05
2026-05-29,Breanna Stewart,Points,Over,15.5,-110,52.20%,-0.40%,LOSS,17.2,15,-5,52.40%,Friday,2026-05
2026-05-29,Breanna Stewart,Points,Under,13.5,100,49.20%,-1.60%,LOSS,13.1,18,-5,50.00%,Friday,2026-05
2026-05-29,Breanna Stewart,Points,Under,12.5,-114,56.20%,6.40%,WIN,10.1,8,4.39,53.30%,Friday,2026-05
2026-05-29,Breanna Stewart,Points,Under,19.5,-114,53.40%,0.20%,WIN,19.4,9,4.39,53.30%,Friday,2026-05
2026-05-29,Breanna Stewart,Points,Under,10.5,-130,61.90%,12.30%,LOSS,6.5,16,-5,56.50%,Friday,2026-05
2026-05-29,Breanna Stewart,Points,Under,15.5,-104,58.60%,15.50%,WIN,10,11,4.81,51.00%,Friday,2026-05
2026-05-29,Breanna Stewart,Points,Over,15.5,-108,53.60%,3.50%,LOSS,17.7,10,-5,51.90%,Friday,2026-05
2026-05-29,Breanna Stewart,Points,Under,19.5,-113,55.00%,4.10%,WIN,18.4,14,4.42,53.10%,Friday,2026-05
2026-05-29,Breanna Stewart,Points,Under,12.5,-118,55.90%,3.90%,WIN,11.2,9,4.24,54.10%,Friday,2026-05
2026-05-29,Breanna Stewart,Points,Over,10.5,-114,57.30%,8.60%,LOSS,13,9,-5,53.30%,Friday,2026-05
2026-05-29,Breanna Stewart,Points,Over,12.5,-108,55.30%,6.90%,LOSS,16.5,8,-5,51.90%,Friday,2026-05
2026-05-29,Breanna Stewart,Points,Under,19.5,-120,57.70%,6.90%,WIN,16.1,16,4.17,54.50%,Friday,2026-05
2026-05-29,Breanna Stewart,Points,Under,14.5,-120,50.80%,-8.20%,WIN,14.2,12,4.17,54.50%,Friday,2026-05
2026-05-29,Breanna Stewart,Points,Over,13.5,-108,54.70%,5.90%,LOSS,14.7,9,-5,51.90%,Friday,2026-05
2026-05-29,Breanna Stewart,Points,Over,14.5,-114,54.70%,3.10%,LOSS,15.2,13,-5,53.30%,Friday,2026-05
2026-05-29,Bridget Carleton,Points,Under,12.5,100,52.60%,5.30%,WIN,11.2,6,5,50.00%,Friday,2026-05
2026-05-29,Bridget Carleton,Points,Under,9.5,-123,59.00%,8.60%,LOSS,6.8,10,-5,55.20%,Friday,2026-05
2026-05-29,Bridget Carleton,Points,Over,10.5,-122,56.10%,2.50%,LOSS,12.2,6,-5,55.00%,Friday,2026-05
2026-05-29,Bridget Carleton,Points,Under,16.5,-132,60.70%,8.90%,WIN,13.8,14,3.79,56.90%,Friday,2026-05
2026-05-29,Bridget Carleton,Points,Under,8.5,100,53.30%,6.60%,WIN,6.9,6,5,50.00%,Friday,2026-05
2026-05-29,Bridget Carleton,Points,Over,16.5,-114,56.60%,7.10%,WIN,19.3,20,4.39,53.30%,Friday,2026-05
2026-05-29,Bridget Carleton,Points,Over,14.5,-113,54.00%,2.10%,WIN,16.9,17,4.42,53.10%,Friday,2026-05
2026-05-29,Bridget Carleton,Points,Over,16.5,-128,56.60%,1.10%,LOSS,18.1,14,-5,56.10%,Friday,2026-05
2026-05-29,Bridget Carleton,Points,Under,15.5,-115,54.10%,1.30%,LOSS,14.3,25,-5,53.50%,Friday,2026-05
2026-05-29,Bridget Carleton,Points,Under,15.5,-104,46.20%,-9.70%,WIN,15.1,12,4.81,51.00%,Friday,2026-05
2026-05-29,Bridget Carleton,Points,Under,17.5,-130,59.50%,6.90%,LOSS,14.4,21,-5,56.50%,Friday,2026-05
2026-05-29,Bridget Carleton,Pts + Asts,Over,24.5,-108,50.20%,-3.50%,LOSS,25.4,23,-5,51.90%,Friday,2026-05
2026-05-29,Bridget Carleton,Pts + Asts,Over,16.5,-130,49.10%,-17.20%,WIN,17.5,23,3.85,56.50%,Friday,2026-05
2026-05-29,Bridget Carleton,Pts + Asts,Under,16.5,-114,55.60%,5.10%,WIN,14.5,10,4.39,53.30%,Friday,2026-05
2026-05-29,Bridget Carleton,Pts + Asts,Under,22.5,-112,53.80%,2.00%,WIN,21.8,13,4.46,52.80%,Friday,2026-05
2026-05-29,Bridget Carleton,Pts + Asts,Under,20.5,-118,61.00%,14.90%,WIN,12.2,15,4.24,54.10%,Friday,2026-05
2026-05-29,Bridget Carleton,Pts + Asts,Over,19.5,-112,55.60%,5.90%,LOSS,22.4,15,-5,52.80%,Friday,2026-05
2026-05-29,Bridget Carleton,Pts + Asts,Over,22.5,-125,53.10%,-5.50%,WIN,23.1,23,4,55.60%,Friday,2026-05
2026-05-29,Bridget Carleton,Pts + Asts,Over,16.5,-130,60.30%,8.80%,LOSS,20.7,13,-5,56.50%,Friday,2026-05
2026-05-29,Bridget Carleton,Pts + Asts,Under,21.5,-120,60.60%,13.30%,WIN,16.2,17,4.17,54.50%,Friday,2026-05
2026-05-29,Bridget Carleton,Pts + Asts,Under,17.5,-106,55.00%,7.40%,WIN,14.2,7,4.72,51.50%,Friday,2026-05
2026-05-29,Bridget Carleton,Pts + Asts,Over,16.5,-108,48.90%,-6.20%,LOSS,17.6,8,-5,51.90%,Friday,2026-05
2026-05-29,Bridget Carleton,Pts + Asts,Under,18.5,-104,55.60%,9.40%,WIN,15.9,17,4.81,51.00%,Friday,2026-05
2026-05-29,Bridget Carleton,Pts + Asts,Over,18.5,-128,58.90%,6.30%,WIN,21.8,22,3.91,56.10%,Friday,2026-05
2026-05-29,Bridget Carleton,Pts + Asts,Over,20.5,-104,54.10%,6.30%,WIN,23.2,23,4.81,51.00%,Friday,2026-05
2026-05-29,Bridget Carleton,Pts + Asts,Over,21.5,-112,52.10%,-1.50%,LOSS,22.2,18,-5,52.80%,Friday,2026-05
2026-05-29,Bridget Carleton,Pts + Asts,Under,18.5,-120,58.40%,8.60%,LOSS,15.8,28,-5,54.50%,Friday,2026-05
2026-05-29,Bridget Carleton,Pts + Asts,Under,22.5,-112,52.90%,0.00%,WIN,22.4,15,4.46,52.80%,Friday,2026-05
2026-05-29,Bridget Carleton,Pts + Asts,Under,19.5,-108,56.90%,10.40%,LOSS,16.4,29,-5,51.90%,Friday,2026-05
2026-05-29,Bridget Carleton,Pts + Rebs,Over,24.5,-112,53.20%,0.70%,LOSS,25.7,16,-5,52.80%,Friday,2026-05
2026-05-29,Bridget Carleton,Pts + Rebs,Over,23.5,-110,54.10%,3.70%,LOSS,25.7,18,-5,52.40%,Friday,2026-05
2026-05-29,Bridget Carleton,Pts + Rebs,Under,26.5,-118,52.10%,-4.40%,LOSS,26.3,30,-5,54.10%,Friday,2026-05
2026-05-29,Bridget Carleton,Pts + Rebs,Under,27.5,-102,53.20%,5.60%,WIN,25.7,17,4.9,50.50%,Friday,2026-05
2026-05-29,Bridget Carleton,Pts + Rebs,Under,15.5,-109,56.70%,9.50%,LOSS,11.7,18,-5,52.20%,Friday,2026-05
2026-05-29,Bridget Carleton,Pts + Rebs,Over,20.5,-122,51.80%,-7.10%,LOSS,21,14,-5,55.00%,Friday,2026-05
2026-05-29,Bridget Carleton,Pts + Rebs,Under,28.5,-114,55.10%,4.00%,WIN,26.6,21,4.39,53.30%,Friday,2026-05
2026-05-29,Bridget Carleton,Pts + Rebs,Under,20.5,-104,53.50%,5.10%,WIN,18.9,18,4.81,51.00%,Friday,2026-05
2026-05-29,Bridget Carleton,Pts + Rebs,Over,13.5,-132,59.50%,6.00%,LOSS,17.2,13,-5,56.90%,Friday,2026-05
2026-05-29,Bridget Carleton,Pts + Rebs,Under,22.5,-122,69.70%,10.50%,WIN,18.6,19,4.1,55.00%,Friday,2026-05
2026-05-29,Bridget Carleton,Pts + Rebs,Under,23.5,-104,52.40%,2.80%,LOSS,22.8,25,-5,51.00%,Friday,2026-05
2026-05-29,Bridget Carleton,Pts + Rebs,Over,16.5,-132,57.80%,2.10%,LOSS,18.7,14,-5,56.90%,Friday,2026-05
2026-05-29,Bridget Carleton,Pts + Rebs,Over,24.5,-120,47.40%,-15.80%,LOSS,24.6,22,-5,54.50%,Friday,2026-05
2026-05-29,Bridget Carleton,Pts + Rebs,Over,14.5,-128,56.60%,1.10%,LOSS,15.7,10,-5,56.10%,Friday,2026-05
2026-05-29,Bridget Carleton,Pts + Rebs,Under,23.5,-106,55.80%,8.80%,WIN,20.6,21,4.72,51.50%,Friday,2026-05
2026-05-29,Bridget Carleton,Pts + Rebs,Over,23.5,-114,54.70%,3.00%,WIN,25.7,31,4.39,53.30%,Friday,2026-05
2026-05-29,Bridget Carleton,Pts + Rebs,Over,19.5,-110,53.70%,2.80%,WIN,21.3,23,4.55,52.40%,Friday,2026-05
2026-05-29,Bridget Carleton,Pts + Rebs,Over,20.5,-102,51.50%,2.00%,LOSS,22,16,-5,50.50%,Friday,2026-05
2026-05-29,Bridget Carleton,Pts + Rebs,Under,24.5,-122,58.30%,7.40%,LOSS,20.9,35,-5,55.00%,Friday,2026-05
2026-05-29,Bridget Carleton,Pts + Rebs,Over,19.5,-102,50.80%,0.70%,LOSS,19.8,17,-5,50.50%,Friday,2026-05
2026-05-29,Bridget Carleton,Pts + Rebs,Under,20.5,-106,55.40%,8.10%,LOSS,18,22,-5,51.50%,Friday,2026-05
2026-05-29,Bridget Carleton,Rebs + Asts,Over,16.5,-118,56.00%,4.10%,LOSS,17.8,11,-5,54.10%,Friday,2026-05
2026-05-29,Bridget Carleton,Rebs + Asts,Over,15.5,100,50.90%,1.70%,WIN,15.9,17,5,50.00%,Friday,2026-05
2026-05-29,Bridget Carleton,Rebs + Asts,Under,11.5,-132,61.30%,10.10%,LOSS,10,12,-5,56.90%,Friday,2026-05
2026-05-29,Bridget Carleton,Rebs + Asts,Over,9.5,-106,55.80%,8.90%,LOSS,10.9,9,-5,51.50%,Friday,2026-05
2026-05-29,Bridget Carleton,Rebs + Asts,Under,11.5,102,52.40%,5.80%,LOSS,10.7,16,-5,49.50%,Friday,2026-05
2026-05-29,Bridget Carleton,Rebs + Asts,Over,9.5,-114,55.10%,3.90%,LOSS,10.3,8,-5,53.30%,Friday,2026-05
2026-05-29,Bridget Carleton,Rebs + Asts,Under,9.5,-120,58.30%,8.30%,WIN,8.3,8,4.17,54.50%,Friday,2026-05
2026-05-29,Bridget Carleton,Rebs + Asts,Under,10.5,-115,58.30%,10.30%,WIN,9.6,10,4.35,53.50%,Friday,2026-05
2026-05-29,Bridget Carleton,Rebs + Asts,Under,9.5,-136,59.30%,4.10%,LOSS,8.6,13,-5,57.60%,Friday,2026-05
2026-05-29,Bridget Carleton,Rebs + Asts,Over,10.5,-108,53.90%,4.20%,WIN,11.5,12,4.63,51.90%,Friday,2026-05
2026-05-29,Bridget Carleton,Rebs + Asts,Over,8.5,-106,51.80%,0.70%,LOSS,9,6,-5,51.50%,Friday,2026-05
2026-05-29,Bridget Carleton,Rebs + Asts,Under,11.5,-122,63.90%,19.90%,LOSS,9.2,13,-5,55.00%,Friday,2026-05
2026-05-29,Bridget Carleton,Rebs + Asts,Over,9.5,-128,56.80%,1.60%,LOSS,10.2,8,-5,56.10%,Friday,2026-05
2026-05-29,Bridget Carleton,Rebs + Asts,Under,6.5,-136,48.80%,-20.80%,LOSS,5.5,9,-5,57.60%,Friday,2026-05
2026-05-29,Bridget Carleton,Threes,Under,2.5,-215,60.60%,-24.00%,LOSS,2.1,3,-5,68.30%,Friday,2026-05
2026-05-29,Bridget Carleton,Threes,Under,1.5,-110,57.20%,10.20%,WIN,1.2,0,4.55,52.40%,Friday,2026-05
2026-05-29,Bridget Carleton,Threes,Over,1.5,100,54.70%,9.40%,LOSS,1.9,0,-5,50.00%,Friday,2026-05
2026-05-29,Bridget Carleton,Threes,Under,0.5,154,43.50%,6.80%,WIN,0.45,0,7.7,39.40%,Friday,2026-05
2026-05-29,Bridget Carleton,Threes,Under,1.5,-245,61.30%,-33.40%,WIN,1.4,1,2.04,71.00%,Friday,2026-05
2026-05-29,Bridget Carleton,Threes,Under,2.5,-200,78.20%,34.60%,WIN,0.26,1,2.5,66.70%,Friday,2026-05
2026-05-29,Bridget Carleton,Threes,Over,1.5,-200,59.70%,-21.00%,LOSS,1.9,1,-5,66.70%,Friday,2026-05
2026-05-29,Bridget Carleton,Threes,Under,2.5,104,53.30%,8.40%,WIN,2.1,2,5.2,49.00%,Friday,2026-05
2026-05-29,Bridget Carleton,Threes,Over,1.5,178,48.40%,19.40%,LOSS,2.4,1,-5,36.00%,Friday,2026-05
2026-05-29,Bridget Carleton,Threes,Over,2.5,-148,64.30%,11.40%,WIN,3.4,4,3.38,59.70%,Friday,2026-05
2026-05-29,Bridget Carleton,Threes,Under,1.5,-186,64.80%,-0.70%,WIN,1.2,0,2.69,65.00%,Friday,2026-05
2026-05-29,Bridget Carleton,Threes,Under,1.5,-200,66.80%,0.40%,LOSS,1.1,2,-5,66.70%,Friday,2026-05
2026-05-30,Bridget Carleton,Assists,Over,2.5,-154,56.60%,-10.20%,LOSS,3.2,2,-5,60.60%,Saturday,2026-05
2026-05-30,Bridget Carleton,Assists,Under,3.5,104,52.70%,7.20%,WIN,2.9,1,5.2,49.00%,Saturday,2026-05
2026-05-30,Bridget Carleton,Assists,Under,4.5,-154,57.80%,-7.20%,WIN,4.2,2,3.25,60.60%,Saturday,2026-05
2026-05-30,Bridget Carleton,Assists,Over,8.5,-140,59.70%,3.30%,LOSS,9.5,6,-5,58.30%,Saturday,2026-05
2026-05-30,Bridget Carleton,Assists,Under,4.5,-174,67.40%,10.60%,LOSS,3,12,-5,63.50%,Saturday,2026-05
2026-05-30,Bridget Carleton,Assists,Under,4.5,-166,64.00%,4.20%,WIN,3.5,2,3.01,62.40%,Saturday,2026-05
2026-05-30,Bridget Carleton,Assists,Under,5.5,116,51.90%,10.40%,LOSS,4.5,6,-5,46.30%,Saturday,2026-05
2026-05-30,Bridget Carleton,Assists,Over,3.5,-122,54.10%,-1.90%,WIN,3.7,4,4.1,55.00%,Saturday,2026-05
2026-05-30,Bridget Carleton,Assists,Over,3.5,104,51.00%,4.00%,LOSS,4.2,1,-5,49.00%,Saturday,2026-05
2026-05-30,Bridget Carleton,Assists,Under,4.5,-186,66.80%,5.00%,LOSS,3.3,7,-5,65.00%,Saturday,2026-05
2026-05-30,Bridget Carleton,Assists,Under,2.5,-215,67.10%,-3.60%,WIN,2,2,2.33,68.30%,Saturday,2026-05
2026-05-30,Bridget Carleton,Points,Under,16.5,-128,59.50%,7.60%,LOSS,13.4,18,-5,56.10%,Saturday,2026-05
2026-05-30,Bridget Carleton,Points,Under,12.5,-128,59.90%,8.60%,LOSS,9.7,17,-5,56.10%,Saturday,2026-05
2026-05-30,Bridget Carleton,Points,Under,12.5,-115,58.70%,11.20%,LOSS,9,16,-5,53.50%,Saturday,2026-05
2026-05-30,Bridget Carleton,Points,Under,14.5,-132,63.00%,14.10%,WIN,7.8,14,3.79,56.90%,Saturday,2026-05
2026-05-30,Bridget Carleton,Points,Under,13.5,-130,61.20%,10.80%,WIN,9.3,9,3.85,56.50%,Saturday,2026-05
2026-05-30,Bridget Carleton,Points,Under,19.5,-130,62.10%,12.80%,WIN,13.6,15,3.85,56.50%,Saturday,2026-05
2026-05-30,Bridget Carleton,Points,Over,21.5,-114,46.30%,-14.80%,LOSS,23.3,6,-5,53.30%,Saturday,2026-05
2026-05-30,Bridget Carleton,Points,Under,9.5,-122,56.20%,2.70%,WIN,8.3,2,4.1,55.00%,Saturday,2026-05
2026-05-30,Bridget Carleton,Points,Under,15.5,-114,60.40%,15.30%,LOSS,10.5,18,-5,53.30%,Saturday,2026-05
2026-05-30,Bridget Carleton,Points,Over,18.5,100,47.70%,-4.50%,LOSS,19,11,-5,50.00%,Saturday,2026-05
2026-05-30,Bridget Carleton,Points,Under,11.5,-114,53.50%,0.50%,LOSS,10.8,13,-5,53.30%,Saturday,2026-05
2026-05-30,Bridget Carleton,Points,Under,14.5,-125,57.60%,4.70%,WIN,12.1,7,4,55.60%,Saturday,2026-05
2026-05-30,Bridget Carleton,Points,Over,8.5,-110,51.60%,-1.70%,LOSS,8.9,8,-5,52.40%,Saturday,2026-05
2026-05-30,Bridget Carleton,Points,Under,21.5,-108,53.60%,3.50%,WIN,21.4,17,4.63,51.90%,Saturday,2026-05
2026-05-30,Bridget Carleton,Points,Over,12.5,-121,58.00%,7.20%,WIN,15,17,4.13,54.80%,Saturday,2026-05
2026-05-30,Bridget Carleton,Points,Under,18.5,-128,58.50%,5.30%,LOSS,15.1,18,-5,56.10%,Saturday,2026-05
2026-05-30,Bridget Carleton,Points,Under,13.5,100,55.50%,11.00%,LOSS,10.3,18,-5,50.00%,Saturday,2026-05
2026-05-30,Bridget Carleton,Points,Over,16.5,-128,57.90%,4.00%,LOSS,19,12,-5,56.10%,Saturday,2026-05
2026-05-30,Bridget Carleton,Points,Under,9.5,-114,54.10%,1.80%,WIN,9.5,8,4.39,53.30%,Saturday,2026-05
2026-05-30,Bridget Carleton,Points,Under,9.5,-130,54.80%,-4.00%,LOSS,8.2,16,-5,56.50%,Saturday,2026-05
2026-05-30,Bridget Carleton,Pts + Asts,Under,19.5,-125,57.50%,4.40%,LOSS,17.3,20,-5,55.60%,Saturday,2026-05
2026-05-30,Bridget Carleton,Pts + Asts,Under,16.5,-118,58.40%,9.40%,LOSS,12.6,17,-5,54.10%,Saturday,2026-05
2026-05-30,Bridget Carleton,Pts + Asts,Under,23.5,-122,59.20%,9.30%,WIN,18.6,17,4.1,55.00%,Saturday,2026-05
2026-05-30,Bridget Carleton,Pts + Asts,Over,30.5,-122,55.60%,1.50%,LOSS,32.1,12,-5,55.00%,Saturday,2026-05
2026-05-30,Bridget Carleton,Pts + Asts,Under,19.5,-110,59.60%,15.20%,LOSS,12.5,30,-5,52.40%,Saturday,2026-05
2026-05-30,Bridget Carleton,Pts + Asts,Over,22.5,-114,52.10%,-2.40%,LOSS,23.2,13,-5,53.30%,Saturday,2026-05
2026-05-30,Bridget Carleton,Pts + Asts,Under,17.5,-108,53.80%,3.80%,LOSS,15.5,19,-5,51.90%,Saturday,2026-05
2026-05-30,Bridget Carleton,Pts + Asts,Over,12.5,100,50.50%,0.90%,LOSS,13.2,12,-5,50.00%,Saturday,2026-05
2026-05-30,Bridget Carleton,Pts + Asts,Under,21.5,-110,53.40%,2.10%,LOSS,19.9,22,-5,52.40%,Saturday,2026-05
2026-05-30,Bridget Carleton,Pts + Asts,Under,18.5,-128,59.70%,8.00%,LOSS,13.9,25,-5,56.10%,Saturday,2026-05
2026-05-30,Bridget Carleton,Pts + Asts,Over,19.5,-102,53.10%,5.20%,LOSS,22,14,-5,50.50%,Saturday,2026-05
2026-05-30,Bridget Carleton,Pts + Rebs,Under,24.5,-114,55.10%,3.90%,LOSS,23,25,-5,53.30%,Saturday,2026-05
2026-05-30,Bridget Carleton,Pts + Rebs,Under,21.5,-114,58.70%,11.70%,LOSS,17.8,31,-5,53.30%,Saturday,2026-05
2026-05-30,Bridget Carleton,Pts + Rebs,Under,16.5,-110,55.30%,6.00%,LOSS,11.8,20,-5,52.40%,Saturday,2026-05
2026-05-30,Bridget Carleton,Pts + Rebs,Under,17.5,-114,58.20%,10.50%,WIN,12.3,16,4.39,53.30%,Saturday,2026-05
2026-05-30,Bridget Carleton,Pts + Rebs,Under,18.5,-110,57.50%,10.70%,WIN,14.5,11,4.55,52.40%,Saturday,2026-05
2026-05-30,Bridget Carleton,Pts + Rebs,Under,23.5,-130,63.50%,16.00%,WIN,17.7,18,3.85,56.50%,Saturday,2026-05
2026-05-30,Brionna Jones,Pts + Rebs,Under,26.5,-106,53.70%,4.60%,WIN,25.8,8,4.72,51.50%,Saturday,2026-05
2026-05-30,Brionna Jones,Pts + Rebs,Under,14.5,-118,58.10%,8.70%,WIN,11.5,6,4.24,54.10%,Saturday,2026-05
2026-05-30,Brionna Jones,Pts + Rebs,Over,26.5,-110,45.20%,-15.00%,LOSS,26.7,18,-5,52.40%,Saturday,2026-05
2026-05-30,Brionna Jones,Pts + Rebs,Under,19.5,-114,56.50%,6.90%,WIN,17.2,10,4.39,53.30%,Saturday,2026-05
2026-05-30,Brionna Jones,Pts + Rebs,Under,22.5,-128,60.30%,9.40%,WIN,19.1,21,3.91,56.10%,Saturday,2026-05
2026-05-30,Brionna Jones,Pts + Rebs,Over,24.5,-102,51.60%,2.20%,LOSS,26,15,-5,50.50%,Saturday,2026-05
2026-05-30,Brittney Griner,Pts + Rebs,Under,14.5,-102,51.20%,1.40%,WIN,13.6,12,4.9,50.50%,Saturday,2026-05
2026-05-30,Brittney Griner,Rebs + Asts,Over,11.5,108,50.00%,3.70%,LOSS,12,9,-5,48.10%,Saturday,2026-05
2026-05-30,Brittney Griner,Rebs + Asts,Under,6.5,-158,61.00%,0.50%,WIN,5.8,5,3.16,61.20%,Saturday,2026-05
2026-05-30,Brittney Griner,Rebs + Asts,Under,8.5,-144,60.40%,3.30%,WIN,7.1,5,3.47,59.00%,Saturday,2026-05
2026-05-30,Brittney Griner,Rebs + Asts,Under,14.5,-136,60.20%,6.10%,WIN,13.3,8,3.68,57.60%,Saturday,2026-05
2026-05-30,Brittney Griner,Rebs + Asts,Under,12.5,-136,58.70%,2.50%,WIN,11.8,9,3.68,57.60%,Saturday,2026-05
2026-05-30,Brittney Griner,Rebs + Asts,Under,7.5,-136,48.80%,-20.80%,WIN,7.2,7,3.68,57.60%,Saturday,2026-05
2026-05-30,Brittney Griner,Rebs + Asts,Under,9.5,-136,58.70%,2.50%,WIN,9,5,3.68,57.60%,Saturday,2026-05
2026-05-30,Brittney Griner,Threes,Under,1.5,-108,59.20%,15.00%,LOSS,1,2,-5,51.90%,Saturday,2026-05
2026-05-30,Brittney Griner,Threes,Under,2.5,-174,70.00%,17.90%,WIN,1.6,2,2.87,63.50%,Saturday,2026-05
2026-05-30,Brittney Griner,Threes,Under,1.5,-154,66.10%,13.90%,WIN,0.88,0,3.25,60.60%,Saturday,2026-05
2026-05-30,Brittney Griner,Threes,Over,2.5,-162,64.10%,5.80%,LOSS,3.2,0,-5,61.80%,Saturday,2026-05
2026-05-30,Brittney Griner,Threes,Under,1.5,-186,59.50%,-15.70%,WIN,1.5,0,2.69,65.00%,Saturday,2026-05
2026-05-30,Brittney Griner,Threes,Under,1.5,-144,61.00%,4.90%,WIN,1.2,1,3.47,59.00%,Saturday,2026-05
2026-05-30,Brittney Griner,Threes,Under,2.5,-162,55.40%,-16.80%,WIN,2.5,1,3.09,61.80%,Saturday,2026-05
2026-05-30,Brittney Griner,Threes,Under,2.5,112,60.90%,26.00%,LOSS,1.5,3,-5,47.20%,Saturday,2026-05
2026-05-30,Brittney Griner,Threes,Over,1.5,194,48.10%,21.40%,LOSS,2.2,1,-5,34.00%,Saturday,2026-05
2026-05-31,Brittney Griner,Assists,Under,3.5,-192,61.90%,-11.30%,LOSS,3.3,4,-5,65.80%,Sunday,2026-05
2026-05-31,Brittney Griner,Assists,Over,5.5,-158,62.80%,4.00%,WIN,7.3,6,3.16,61.20%,Sunday,2026-05
2026-05-31,Brittney Griner,Assists,Over,5.5,124,46.10%,2.70%,WIN,5.6,9,6.2,44.60%,Sunday,2026-05
2026-05-31,Brittney Griner,Assists,Over,5.5,-160,65.10%,9.40%,LOSS,7.7,5,-5,61.50%,Sunday,2026-05
2026-05-31,Brittney Griner,Points,Over,24.5,-113,53.20%,0.30%,WIN,25.2,28,4.42,53.10%,Sunday,2026-05
2026-05-31,Brittney Griner,Points,Over,10.5,-122,55.70%,1.60%,LOSS,11.7,5,-5,55.00%,Sunday,2026-05
2026-05-31,Brittney Griner,Points,Over,16.5,-102,56.90%,13.00%,LOSS,22.9,6,-5,50.50%,Sunday,2026-05
2026-05-31,Brittney Griner,Points,Under,13.5,-114,53.80%,1.20%,LOSS,12.9,20,-5,53.30%,Sunday,2026-05
2026-05-31,Brittney Griner,Points,Under,15.5,-106,52.50%,2.20%,LOSS,14.4,23,-5,51.50%,Sunday,2026-05
2026-05-31,Brittney Griner,Points,Over,11.5,-115,53.50%,0.00%,WIN,12.5,16,4.35,53.50%,Sunday,2026-05
2026-05-31,Brittney Griner,Points,Under,9.5,-118,55.50%,2.90%,LOSS,8.5,12,-5,54.10%,Sunday,2026-05
2026-05-31,Brittney Griner,Points,Under,8.5,-138,56.90%,-2.70%,LOSS,7.6,15,-5,58.00%,Sunday,2026-05
2026-05-31,Brittney Griner,Points,Under,13.5,-104,52.10%,2.40%,WIN,12.6,7,4.81,51.00%,Sunday,2026-05
2026-05-31,Brittney Griner,Pts + Asts,Over,27.5,-122,54.60%,-0.70%,WIN,28.4,32,4.1,55.00%,Sunday,2026-05
2026-05-31,Brittney Griner,Pts + Asts,Over,17.5,-132,59.60%,6.20%,LOSS,19.1,11,-5,56.90%,Sunday,2026-05
2026-05-31,Brittney Griner,Pts + Asts,Under,21.5,-130,56.20%,-0.80%,LOSS,21.1,32,-5,56.50%,Sunday,2026-05
2026-05-31,Brittney Griner,Pts + Asts,Over,9.5,-106,55.40%,8.00%,WIN,8.2,16,4.72,51.50%,Sunday,2026-05
2026-05-31,Brittney Griner,Pts + Asts,Over,19.5,-130,56.30%,-0.40%,LOSS,21.4,19,-5,56.50%,Sunday,2026-05
2026-05-31,Brittney Griner,Pts + Rebs,Over,33.5,-114,51.20%,-4.40%,WIN,33.8,43,4.39,53.30%,Sunday,2026-05
2026-05-31,Brittney Griner,Pts + Rebs,Over,14.5,-114,54.70%,3.00%,LOSS,16.3,7,-5,53.30%,Sunday,2026-05
2026-05-31,Brittney Griner,Pts + Rebs,Over,17.5,-118,55.60%,3.10%,WIN,18.1,24,4.24,54.10%,Sunday,2026-05
2026-05-31,Brittney Griner,Pts + Rebs,Under,20.5,-118,55.40%,2.80%,LOSS,19.7,30,-5,54.10%,Sunday,2026-05
2026-05-31,Brittney Griner,Pts + Rebs,Over,15.5,-123,56.70%,3.30%,WIN,17,20,4.07,55.20%,Sunday,2026-05
2026-05-31,Brittney Griner,Pts + Rebs,Over,14.5,-103,51.60%,1.70%,WIN,14.7,16,4.85,50.70%,Sunday,2026-05
2026-05-31,Brittney Griner,Pts + Rebs,Under,14.5,-108,53.00%,2.30%,LOSS,12.5,24,-5,51.90%,Sunday,2026-05
2026-05-31,Brittney Griner,Pts + Rebs,Over,17.5,-102,52.10%,3.20%,LOSS,17.8,10,-5,50.50%,Sunday,2026-05
2026-05-31,Brittney Griner,Rebs + Asts,Under,12.5,-144,56.90%,-5.10%,LOSS,11.7,19,-5,59.00%,Sunday,2026-05
2026-05-31,Brittney Griner,Rebs + Asts,Over,9.5,-122,59.60%,10.20%,LOSS,11.1,8,-5,55.00%,Sunday,2026-05
2026-05-31,Brittney Griner,Rebs + Asts,Over,9.5,-120,50.60%,-8.70%,WIN,10.3,16,4.17,54.50%,Sunday,2026-05
2026-05-31,Brittney Griner,Rebs + Asts,Under,7.5,-113,54.30%,2.60%,LOSS,5.3,10,-5,53.10%,Sunday,2026-05
2026-05-31,Brittney Griner,Rebs + Asts,Over,9.5,106,55.60%,13.80%,LOSS,11.4,8,-5,48.50%,Sunday,2026-05
2026-05-31,Brittney Sykes,Threes,Over,1.5,-136,60.10%,5.80%,LOSS,2,0,-5,57.60%,Sunday,2026-05
2026-05-31,Brittney Sykes,Threes,Over,1.5,-166,52.70%,-25.80%,WIN,1.8,4,3.01,62.40%,Sunday,2026-05
2026-05-31,Brittney Sykes,Threes,Over,1.5,-128,48.20%,-18.10%,WIN,1.6,5,3.91,56.10%,Sunday,2026-05
2026-05-31,Brittney Sykes,Threes,Under,2.5,-215,58.90%,-29.50%,LOSS,2.4,3,-5,68.30%,Sunday,2026-05
2026-05-31,Brittney Sykes,Threes,Under,1.5,-186,63.40%,-4.60%,LOSS,1.3,4,-5,65.00%,Sunday,2026-05
2026-05-31,Brittney Sykes,Threes,Over,1.5,108,48.20%,0.20%,LOSS,1.6,1,-5,48.10%,Sunday,2026-05
2026-06-01,Brittney Sykes,Assists,Over,8.5,-120,54.00%,-1.20%,LOSS,8.8,5,-5,54.50%,Monday,2026-06
2026-06-01,Brittney Sykes,Assists,Under,2.5,-189,65.90%,1.50%,WIN,1.4,0,2.65,65.40%,Monday,2026-06
2026-06-01,Brittney Sykes,Assists,Over,4.5,124,47.70%,5.60%,LOSS,5.3,2,-5,44.60%,Monday,2026-06
2026-06-01,Brittney Sykes,Assists,Over,3.5,-130,51.70%,-11.20%,LOSS,3.9,1,-5,56.50%,Monday,2026-06
2026-06-01,Brittney Sykes,Assists,Under,5.5,-130,57.10%,1.40%,WIN,5.2,1,3.85,56.50%,Monday,2026-06
2026-06-01,Brittney Sykes,Assists,Under,3.5,-174,63.50%,0.00%,LOSS,3,5,-5,63.50%,Monday,2026-06
2026-06-01,Brittney Sykes,Assists,Under,3.5,-162,64.10%,5.90%,WIN,2.3,3,3.09,61.80%,Monday,2026-06
2026-06-01,Brittney Sykes,Assists,Under,4.5,-128,56.80%,1.50%,WIN,4.1,2,3.91,56.10%,Monday,2026-06
2026-06-01,Brittney Sykes,Assists,Over,5.5,-158,62.80%,4.00%,WIN,6.9,9,3.16,61.20%,Monday,2026-06
2026-06-01,Brittney Sykes,Assists,Under,5.5,-162,60.40%,-3.90%,LOSS,5.2,7,-5,61.80%,Monday,2026-06
2026-06-01,Brittney Sykes,Points,Over,15.5,-120,53.40%,-2.60%,LOSS,15.8,6,-5,54.50%,Monday,2026-06
2026-06-01,Brittney Sykes,Points,Under,15.5,100,50.90%,1.70%,WIN,14.7,9,5,50.00%,Monday,2026-06
2026-06-01,Brittney Sykes,Points,Under,10.5,-128,59.40%,7.50%,WIN,7.5,8,3.91,56.10%,Monday,2026-06
2026-06-01,Brittney Sykes,Points,Under,14.5,102,50.60%,2.20%,WIN,13.7,9,5.1,49.50%,Monday,2026-06
2026-06-01,Brittney Sykes,Points,Over,15.5,-130,51.80%,-10.90%,WIN,16.4,30,3.85,56.50%,Monday,2026-06
2026-06-01,Brittney Sykes,Points,Over,7.5,-120,56.10%,3.40%,LOSS,9.8,2,-5,54.50%,Monday,2026-06
2026-06-01,Brittney Sykes,Points,Under,13.5,-106,55.60%,8.60%,LOSS,10.8,16,-5,51.50%,Monday,2026-06
2026-06-01,Brittney Sykes,Points,Over,8.5,100,50.90%,1.70%,LOSS,9.1,5,-5,50.00%,Monday,2026-06
2026-06-01,Brittney Sykes,Points,Under,11.5,-115,55.50%,4.40%,WIN,10,9,4.35,53.50%,Monday,2026-06
2026-06-01,Brittney Sykes,Points,Over,7.5,-101,58.80%,17.20%,WIN,15.8,8,4.95,50.20%,Monday,2026-06
2026-06-01,Brittney Sykes,Points,Under,19.5,-114,58.40%,11.00%,WIN,14.2,18,4.39,53.30%,Monday,2026-06
2026-06-01,Brittney Sykes,Points,Over,13.5,-120,57.40%,6.30%,LOSS,15.4,7,-5,54.50%,Monday,2026-06
2026-06-01,Brittney Sykes,Points,Under,9.5,-118,59.90%,12.50%,LOSS,5.8,10,-5,54.10%,Monday,2026-06
2026-06-01,Brittney Sykes,Points,Under,16.5,-132,63.20%,14.70%,WIN,11.3,11,3.79,56.90%,Monday,2026-06
2026-06-01,Brittney Sykes,Points,Under,8.5,-121,58.90%,9.10%,WIN,6.2,4,4.13,54.80%,Monday,2026-06
2026-06-01,Brittney Sykes,Points,Over,13.5,-118,49.40%,-10.30%,LOSS,13.6,11,-5,54.10%,Monday,2026-06
2026-06-01,Brittney Sykes,Points,Under,9.5,-122,56.60%,3.70%,WIN,7.6,8,4.1,55.00%,Monday,2026-06
2026-06-01,Brittney Sykes,Points,Over,14.5,-102,52.60%,4.30%,WIN,15.9,19,4.9,50.50%,Monday,2026-06
2026-06-01,Brittney Sykes,Points,Over,19.5,-110,52.70%,0.70%,LOSS,20.1,10,-5,52.40%,Monday,2026-06
2026-06-01,Brittney Sykes,Pts + Asts,Over,24.5,-118,48.10%,-13.20%,LOSS,25.3,11,-5,54.10%,Monday,2026-06
2026-06-01,Brittney Sykes,Pts + Asts,Under,17.5,-123,55.40%,0.60%,WIN,16.4,9,4.07,55.20%,Monday,2026-06
2026-06-01,Brittney Sykes,Pts + Asts,Over,20.5,-106,52.00%,1.10%,WIN,21.3,32,4.72,51.50%,Monday,2026-06
2026-06-01,Brittney Sykes,Pts + Asts,Over,12.5,100,50.50%,1.00%,LOSS,12.7,6,-5,50.00%,Monday,2026-06
2026-06-01,Brittney Sykes,Pts + Asts,Under,16.5,100,53.20%,6.30%,WIN,14.3,10,5,50.00%,Monday,2026-06
2026-06-01,Brittney Sykes,Pts + Asts,Under,21.5,-114,58.20%,10.60%,WIN,16.3,19,4.39,53.30%,Monday,2026-06
2026-06-01,Brittney Sykes,Pts + Asts,Over,15.5,-122,58.00%,6.70%,LOSS,18.8,12,-5,55.00%,Monday,2026-06
2026-06-01,Brittney Sykes,Pts + Asts,Under,12.5,-110,47.70%,-9.90%,LOSS,8.5,14,-5,52.40%,Monday,2026-06
2026-06-01,Brittney Sykes,Pts + Asts,Under,19.5,-120,61.10%,14.40%,WIN,13.3,14,4.17,54.50%,Monday,2026-06
2026-06-01,Brittney Sykes,Pts + Asts,Under,18.5,-125,56.50%,2.20%,WIN,16.9,13,4,55.60%,Monday,2026-06
2026-06-01,Brittney Sykes,Pts + Asts,Under,11.5,-116,45.00%,-18.80%,WIN,9.2,10,4.31,53.70%,Monday,2026-06
2026-06-01,Brittney Sykes,Pts + Asts,Over,20.5,-112,54.20%,3.00%,WIN,3,28,4.46,52.80%,Monday,2026-06
2026-06-01,Brittney Sykes,Pts + Asts,Over,24.5,-118,48.00%,-13.50%,LOSS,25.2,17,-5,54.10%,Monday,2026-06
2026-06-01,Brittney Sykes,Pts + Rebs,Over,23.5,-118,56.50%,5.20%,LOSS,26.5,9,-5,54.10%,Monday,2026-06
2026-06-01,Brittney Sykes,Pts + Rebs,Under,15.5,-125,56.40%,1.90%,WIN,12.4,15,4,55.60%,Monday,2026-06
2026-06-01,Brittney Sykes,Pts + Rebs,Under,17.5,-123,54.40%,-1.70%,WIN,17.1,10,4.07,55.20%,Monday,2026-06
2026-06-01,Brittney Sykes,Pts + Rebs,Under,21.5,-120,56.10%,3.40%,LOSS,20.1,35,-5,54.50%,Monday,2026-06
2026-06-01,Brittney Sykes,Pts + Rebs,Over,11.5,-130,59.00%,5.60%,LOSS,13.8,3,-5,56.50%,Monday,2026-06
2026-06-01,Brittney Sykes,Pts + Rebs,Under,18.5,-114,56.70%,7.20%,LOSS,14.9,26,-5,53.30%,Monday,2026-06
2026-06-01,Brittney Sykes,Pts + Rebs,Over,10.5,-117,47.40%,-14.20%,LOSS,11.2,8,-5,53.90%,Monday,2026-06
2026-06-01,Brittney Sykes,Pts + Rebs,Under,22.5,-114,59.40%,13.00%,WIN,17.6,17,4.39,53.30%,Monday,2026-06
2026-06-01,Brittney Sykes,Pts + Rebs,Under,22.5,-114,59.20%,12.60%,WIN,17.7,20,4.39,53.30%,Monday,2026-06
2026-06-01,Brittney Sykes,Pts + Rebs,Over,17.5,-102,54.10%,7.20%,LOSS,18.9,7,-5,50.50%,Monday,2026-06
2026-06-01,Brittney Sykes,Pts + Rebs,Under,11.5,-110,54.00%,3.40%,WIN,8.8,10,4.55,52.40%,Monday,2026-06
2026-06-01,Brittney Sykes,Pts + Rebs,Under,24.5,-120,60.70%,13.50%,WIN,19,15,4.17,54.50%,Monday,2026-06
2026-06-01,Brittney Sykes,Pts + Rebs,Under,16.5,-111,55.30%,5.70%,WIN,12.7,15,4.5,52.60%,Monday,2026-06
2026-06-01,Brittney Sykes,Pts + Rebs,Over,15.5,-128,53.30%,-6.40%,LOSS,16,13,-5,56.10%,Monday,2026-06
2026-06-01,Brittney Sykes,Pts + Rebs,Under,14.5,-110,50.00%,-4.90%,WIN,13.1,14,4.55,52.40%,Monday,2026-06
2026-06-01,Brittney Sykes,Pts + Rebs,Over,19.5,-112,52.60%,-0.40%,WIN,21.2,23,4.46,52.80%,Monday,2026-06
2026-06-01,Brittney Sykes,Pts + Rebs,Over,22.5,-130,57.20%,1.60%,LOSS,23.5,19,-5,56.50%,Monday,2026-06
2026-06-01,Brittney Sykes,Rebs + Asts,Under,16.5,-118,53.40%,-1.50%,WIN,16.1,8,4.24,54.10%,Monday,2026-06
2026-06-01,Brittney Sykes,Rebs + Asts,Over,9.5,-114,55.50%,4.80%,LOSS,10.6,7,-5,53.30%,Monday,2026-06
2026-06-01,Brittney Sykes,Rebs + Asts,Under,16.5,-118,56.10%,4.40%,WIN,15.1,9,4.24,54.10%,Monday,2026-06
2026-06-01,Brittney Sykes,Rebs + Asts,Over,5.5,100,54.80%,9.70%,LOSS,5.8,5,-5,50.00%,Monday,2026-06
2026-06-01,Brittney Sykes,Rebs + Asts,Under,11.5,-118,61.00%,14.90%,WIN,9.6,7,4.24,54.10%,Monday,2026-06
2026-06-01,Brittney Sykes,Rebs + Asts,Under,7.5,-132,57.40%,1.20%,LOSS,6.5,8,-5,56.90%,Monday,2026-06
2026-06-01,Brittney Sykes,Rebs + Asts,Over,11.5,108,50.60%,4.80%,WIN,11.8,13,5.4,48.10%,Monday,2026-06
2026-06-01,Brittney Sykes,Rebs + Asts,Over,8.5,-118,53.70%,-0.90%,WIN,8.7,16,4.24,54.10%,Monday,2026-06
2026-06-01,Brittney Sykes,Threes,Over,1.5,-146,54.20%,-12.60%,LOSS,1.8,0,-5,59.30%,Monday,2026-06
2026-06-01,Brittney Sykes,Threes,Under,2.5,-215,74.10%,18.40%,WIN,1.5,1,2.33,68.30%,Monday,2026-06
2026-06-01,Brittney Sykes,Threes,Under,1.5,-108,54.50%,5.30%,LOSS,1.4,3,-5,51.90%,Monday,2026-06
2026-06-01,Brittney Sykes,Threes,Under,1.5,-188,61.10%,-11.90%,WIN,1.2,1,2.66,65.30%,Monday,2026-06
2026-06-01,Brittney Sykes,Threes,Over,1.5,-136,69.80%,28.60%,WIN,3.3,2,3.68,57.60%,Monday,2026-06
2026-06-01,Brittney Sykes,Threes,Under,1.5,140,56.70%,25.80%,LOSS,0.52,3,-5,41.70%,Monday,2026-06
2026-06-01,Brittney Sykes,Threes,Over,1.5,-188,57.80%,-21.50%,LOSS,1.9,1,-5,65.30%,Monday,2026-06
2026-06-01,Brittney Sykes,Threes,Under,1.5,-132,59.90%,7.00%,WIN,1.2,0,3.79,56.90%,Monday,2026-06
2026-06-01,Brittney Sykes,Threes,Under,1.5,-112,54.80%,4.10%,WIN,1.4,0,4.46,52.80%,Monday,2026-06
2026-06-01,Caitlin Clark,Threes,Over,1.5,138,45.80%,6.50%,WIN,1.7,2,6.9,42.00%,Monday,2026-06
2026-06-01,Caitlin Clark,Threes,Over,1.5,100,52.30%,4.60%,LOSS,1.9,1,-5,50.00%,Monday,2026-06
2026-06-02,Caitlin Clark,Assists,Over,3.5,130,44.90%,2.60%,LOSS,3.6,1,-5,43.50%,Tuesday,2026-06
2026-06-02,Caitlin Clark,Assists,Under,3.5,-140,54.30%,-9.70%,LOSS,3.4,5,-5,58.30%,Tuesday,2026-06
2026-06-02,Caitlin Clark,Assists,Over,2.5,-114,53.80%,1.20%,LOSS,3,2,-5,53.30%,Tuesday,2026-06
2026-06-02,Caitlin Clark,Assists,Under,4.5,-158,62.30%,2.80%,LOSS,3.8,7,-5,61.20%,Tuesday,2026-06
2026-06-02,Caitlin Clark,Assists,Over,5.5,-154,65.00%,11.10%,WIN,8,11,3.25,60.60%,Tuesday,2026-06
2026-06-02,Caitlin Clark,Assists,Over,3.5,-148,52.30%,-18.20%,LOSS,3.6,2,-5,59.70%,Tuesday,2026-06
2026-06-02,Caitlin Clark,Assists,Under,6.5,-140,63.20%,11.80%,WIN,4.8,1,3.57,58.30%,Tuesday,2026-06
2026-06-02,Caitlin Clark,Assists,Under,3.5,118,47.30%,2.60%,WIN,3.4,2,5.9,45.90%,Tuesday,2026-06
2026-06-02,Caitlin Clark,Assists,Under,4.5,-128,57.40%,2.80%,WIN,4,2,3.91,56.10%,Tuesday,2026-06
2026-06-02,Caitlin Clark,Assists,Over,5.5,-122,56.30%,3.10%,WIN,6.3,9,4.1,55.00%,Tuesday,2026-06
2026-06-02,Caitlin Clark,Assists,Over,5.5,-158,65.00%,9.80%,WIN,7.8,10,3.16,61.20%,Tuesday,2026-06
2026-06-02,Caitlin Clark,Assists,Under,4.5,106,53.30%,9.30%,LOSS,3.5,5,-5,48.50%,Tuesday,2026-06
2026-06-02,Caitlin Clark,Assists,Under,5.5,-172,65.20%,5.30%,WIN,4.3,3,2.91,63.20%,Tuesday,2026-06
2026-06-02,Caitlin Clark,Assists,Under,2.5,-210,67.80%,0.10%,WIN,1.7,2,2.38,67.70%,Tuesday,2026-06
2026-06-02,Caitlin Clark,Assists,Over,4.5,-106,52.70%,2.60%,LOSS,5.1,2,-5,51.50%,Tuesday,2026-06
2026-06-02,Caitlin Clark,Assists,Over,5.5,-144,60.90%,4.60%,LOSS,7,1,-5,59.00%,Tuesday,2026-06
2026-06-02,Caitlin Clark,Assists,Over,6.5,122,50.20%,9.50%,WIN,8,9,6.1,45.00%,Tuesday,2026-06
2026-06-02,Caitlin Clark,Points,Over,25.5,-110,57.60%,10.90%,LOSS,31.2,25,-5,52.40%,Tuesday,2026-06
2026-06-02,Caitlin Clark,Points,Over,19.5,-130,55.60%,-2.20%,WIN,20.4,26,3.85,56.50%,Tuesday,2026-06
2026-06-02,Caitlin Clark,Points,Under,12.5,-110,56.50%,8.60%,LOSS,10,20,-5,52.40%,Tuesday,2026-06
2026-06-02,Caitlin Clark,Points,Under,14.5,-128,54.90%,-2.90%,WIN,13.7,12,3.91,56.10%,Tuesday,2026-06
2026-06-02,Caitlin Clark,Points,Under,11.5,-113,55.40%,5.00%,WIN,9.9,9,4.42,53.10%,Tuesday,2026-06
2026-06-02,Caitlin Clark,Points,Over,7.5,-114,53.90%,1.30%,LOSS,8.2,7,-5,53.30%,Tuesday,2026-06
2026-06-02,Caitlin Clark,Points,Under,13.5,-110,58.60%,13.10%,WIN,7.8,11,4.55,52.40%,Tuesday,2026-06
2026-06-02,Caitlin Clark,Points,Under,11.5,100,53.00%,6.00%,WIN,9.9,7,5,50.00%,Tuesday,2026-06
2026-06-02,Caitlin Clark,Points,Under,8.5,100,55.20%,10.30%,LOSS,5.8,9,-5,50.00%,Tuesday,2026-06
2026-06-02,Caitlin Clark,Points,Under,14.5,-102,56.20%,11.50%,WIN,11.5,10,4.9,50.50%,Tuesday,2026-06
2026-06-02,Caitlin Clark,Points,Over,8.5,102,55.60%,12.00%,WIN,12.6,9,5.1,49.50%,Tuesday,2026-06
2026-06-02,Caitlin Clark,Points,Over,10.5,-104,52.50%,3.10%,WIN,11.3,12,4.81,51.00%,Tuesday,2026-06
2026-06-02,Caitlin Clark,Points,Over,16.5,-118,54.80%,1.50%,LOSS,18.9,2,-5,54.10%,Tuesday,2026-06
2026-06-02,Caitlin Clark,Points,Under,8.5,-122,59.00%,9.00%,LOSS,6.1,12,-5,55.00%,Tuesday,2026-06
2026-06-02,Caitlin Clark,Points,Under,11.5,-102,51.80%,2.70%,WIN,10.5,10,4.9,50.50%,Tuesday,2026-06
2026-06-02,Caitlin Clark,Points,Under,14.5,-108,51.00%,-1.80%,WIN,14.3,8,4.63,51.90%,Tuesday,2026-06
2026-06-02,Caitlin Clark,Points,Under,8.5,-104,55.90%,10.10%,WIN,5.1,3,4.81,51.00%,Tuesday,2026-06
2026-06-02,Caitlin Clark,Points,Over,16.5,-128,49.40%,-15.40%,LOSS,17,16,-5,56.10%,Tuesday,2026-06
2026-06-02,Caitlin Clark,Points,Over,12.5,-114,47.50%,-12.40%,WIN,12.9,18,4.39,53.30%,Tuesday,2026-06
2026-06-02,Caitlin Clark,Points,Over,9.5,-120,60.60%,13.30%,WIN,13.9,12,4.17,54.50%,Tuesday,2026-06
2026-06-02,Caitlin Clark,Points,Over,13.5,102,52.90%,6.70%,LOSS,15.2,12,-5,49.50%,Tuesday,2026-06
2026-06-02,Caitlin Clark,Points,Under,9.5,-108,52.30%,0.90%,LOSS,8.4,19,-5,51.90%,Tuesday,2026-06
2026-06-02,Caitlin Clark,Points,Over,14.5,-130,50.20%,-14.60%,WIN,15.2,15,3.85,56.50%,Tuesday,2026-06
2026-06-02,Caitlin Clark,Points,Over,11.5,-128,54.00%,-4.80%,LOSS,11.5,11,-5,56.10%,Tuesday,2026-06
2026-06-02,Caitlin Clark,Points,Under,9.5,-130,53.10%,-7.80%,LOSS,8.7,13,-5,56.50%,Tuesday,2026-06
2026-06-02,Caitlin Clark,Points,Under,9.5,-128,53.40%,-6.30%,WIN,8.6,7,3.91,56.10%,Tuesday,2026-06
2026-06-02,Caitlin Clark,Points,Over,9.5,-125,57.60%,4.70%,LOSS,11.5,0,-5,55.60%,Tuesday,2026-06
2026-06-02,Caitlin Clark,Points,Over,16.5,-113,58.20%,11.00%,LOSS,21.2,12,-5,53.10%,Tuesday,2026-06
2026-06-02,Caitlin Clark,Points,Under,9.5,-128,58.40%,4.20%,LOSS,7.5,22,-5,56.10%,Tuesday,2026-06
2026-06-02,Caitlin Clark,Points,Over,15.5,-114,57.90%,10.00%,WIN,20,36,4.39,53.30%,Tuesday,2026-06
2026-06-02,Caitlin Clark,Points,Under,16.5,-118,54.70%,1.30%,LOSS,15.7,17,-5,54.10%,Tuesday,2026-06
2026-06-02,Caitlin Clark,Points,Under,15.5,-114,54.00%,1.60%,WIN,14.4,14,4.39,53.30%,Tuesday,2026-06
2026-06-02,Caitlin Clark,Points,Under,13.5,-128,54.30%,-4.10%,WIN,13.4,10,3.91,56.10%,Tuesday,2026-06
2026-06-02,Caitlin Clark,Pts + Asts,Over,28.5,-118,57.30%,6.80%,LOSS,32.4,26,-5,54.10%,Tuesday,2026-06
2026-06-02,Caitlin Clark,Pts + Asts,Under,17.5,-112,53.20%,0.80%,WIN,17.4,17,4.46,52.80%,Tuesday,2026-06
2026-06-02,Caitlin Clark,Pts + Asts,Under,14.5,-125,52.40%,-7.20%,WIN,13.5,11,4,55.60%,Tuesday,2026-06
2026-06-02,Caitlin Clark,Pts + Asts,Under,15.5,100,54.00%,8.00%,WIN,10.6,12,5,50.00%,Tuesday,2026-06
2026-06-02,Caitlin Clark,Pts + Asts,Under,19.5,-120,58.60%,8.80%,WIN,15.3,17,4.17,54.50%,Tuesday,2026-06
2026-06-02,Caitlin Clark,Pts + Asts,Over,16.5,-114,56.50%,7.00%,WIN,19.3,23,4.39,53.30%,Tuesday,2026-06
2026-06-02,Caitlin Clark,Pts + Asts,Over,20.5,-122,55.80%,1.90%,LOSS,22.4,4,-5,55.00%,Tuesday,2026-06
2026-06-02,Caitlin Clark,Pts + Asts,Under,18.5,-118,57.00%,6.20%,WIN,15.4,11,4.24,54.10%,Tuesday,2026-06
2026-06-02,Caitlin Clark,Pts + Asts,Under,18.5,-110,52.40%,0.00%,WIN,18.3,10,4.55,52.40%,Tuesday,2026-06
2026-06-02,Caitlin Clark,Pts + Asts,Under,13.5,-119,54.00%,-0.70%,WIN,8.7,5,4.2,54.30%,Tuesday,2026-06
2026-06-02,Caitlin Clark,Pts + Asts,Over,22.5,-118,53.80%,-0.70%,WIN,23.6,25,4.24,54.10%,Tuesday,2026-06
2026-06-02,Caitlin Clark,Pts + Asts,Over,15.5,-125,59.80%,9.60%,WIN,21.5,22,4,55.60%,Tuesday,2026-06
2026-06-02,Caitlin Clark,Pts + Asts,Under,16.5,-102,53.30%,5.60%,WIN,14.8,16,4.9,50.50%,Tuesday,2026-06
2026-06-02,Caitlin Clark,Pts + Asts,Over,15.5,100,50.80%,1.60%,LOSS,17.3,3,-5,50.00%,Tuesday,2026-06
2026-06-02,Caitlin Clark,Pts + Asts,Over,18.5,-114,56.10%,6.00%,LOSS,22,14,-5,53.30%,Tuesday,2026-06
2026-06-02,Caitlin Clark,Pts + Asts,Over,20.5,-102,54.40%,7.80%,WIN,24.6,38,4.9,50.50%,Tuesday,2026-06
2026-06-02,Caitlin Clark,Pts + Asts,Under,21.5,-108,52.10%,0.30%,WIN,21.4,15,4.63,51.90%,Tuesday,2026-06
2026-06-02,Caitlin Clark,Pts + Asts,Over,19.5,-114,53.80%,1.20%,LOSS,20.6,19,-5,53.30%,Tuesday,2026-06
2026-06-02,Caitlin Clark,Pts + Rebs,Over,34.5,-118,54.30%,0.30%,WIN,35.5,40,4.24,54.10%,Tuesday,2026-06
2026-06-02,Caitlin Clark,Pts + Rebs,Under,24.5,-118,53.40%,0.30%,LOSS,25.4,33,-5,54.10%,Tuesday,2026-06
2026-06-02,Caitlin Clark,Pts + Rebs,Under,22.5,-114,59.60%,13.50%,LOSS,17.4,33,-5,53.30%,Tuesday,2026-06
2026-06-02,Caitlin Clark,Pts + Rebs,Under,26.5,-125,57.10%,3.50%,WIN,25.7,25,4,55.60%,Tuesday,2026-06
2026-06-02,Caitlin Clark,Pts + Rebs,Under,14.5,-108,49.50%,-5.00%,LOSS,13.2,16,-5,51.90%,Tuesday,2026-06
2026-06-02,Caitlin Clark,Pts + Rebs,Over,10.5,-122,59.90%,11.10%,WIN,15.8,12,4.1,55.00%,Tuesday,2026-06
2026-06-02,Caitlin Clark,Pts + Rebs,Under,16.5,-102,53.60%,6.40%,WIN,12.7,14,4.9,50.50%,Tuesday,2026-06
2026-06-02,Caitlin Clark,Pts + Rebs,Under,17.5,-120,57.60%,6.60%,WIN,13,11,4.17,54.50%,Tuesday,2026-06
2026-06-02,Caitlin Clark,Pts + Rebs,Under,13.5,-118,56.90%,6.10%,LOSS,10.6,17,-5,54.10%,Tuesday,2026-06
2026-06-02,Caitlin Clark,Pts + Rebs,Over,13.5,-122,57.40%,5.50%,WIN,16.5,16,4.1,55.00%,Tuesday,2026-06
2026-06-02,Caitlin Clark,Pts + Rebs,Over,24.5,-114,55.70%,5.30%,LOSS,27.1,8,-5,53.30%,Tuesday,2026-06
2026-06-02,Caitlin Clark,Pts + Rebs,Under,12.5,-118,56.40%,5.00%,LOSS,9.8,20,-5,54.10%,Tuesday,2026-06
2026-06-02,Caitlin Clark,Pts + Rebs,Over,18.5,-128,55.60%,-1.30%,LOSS,18.7,10,-5,56.10%,Tuesday,2026-06
2026-06-02,Caitlin Clark,Pts + Rebs,Over,21.5,-104,52.40%,3.00%,LOSS,22.2,20,-5,51.00%,Tuesday,2026-06
2026-06-02,Caitlin Clark,Pts + Rebs,Over,16.5,-125,53.50%,-4.60%,WIN,17.4,22,4,55.60%,Tuesday,2026-06
2026-06-02,Caitlin Clark,Pts + Rebs,Over,12.5,-131,60.90%,9.80%,WIN,17.4,15,3.82,56.70%,Tuesday,2026-06
2026-06-02,Caitlin Clark,Pts + Rebs,Over,22.5,-110,54.10%,3.50%,WIN,23,25,4.55,52.40%,Tuesday,2026-06
2026-06-02,Caitlin Clark,Pts + Rebs,Over,14.5,-108,52.70%,1.60%,WIN,14.8,27,4.63,51.90%,Tuesday,2026-06
2026-06-02,Caitlin Clark,Pts + Rebs,Under,24.5,-114,54.00%,1.60%,LOSS,23.8,26,-5,53.30%,Tuesday,2026-06
2026-06-02,Caitlin Clark,Pts + Rebs,Under,13.5,-130,58.80%,5.20%,LOSS,10.4,21,-5,56.50%,Tuesday,2026-06
2026-06-02,Caitlin Clark,Pts + Rebs,Under,16.5,-120,56.30%,3.90%,WIN,13.1,11,4.17,54.50%,Tuesday,2026-06
2026-06-02,Caitlin Clark,Pts + Rebs,Over,14.5,-111,53.40%,1.70%,WIN,15.6,0,4.5,52.60%,Tuesday,2026-06
2026-06-02,Caitlin Clark,Pts + Rebs,Over,23.5,-118,56.20%,4.40%,WIN,26.3,24,4.24,54.10%,Tuesday,2026-06
2026-06-02,Caitlin Clark,Pts + Rebs,Under,12.5,-130,58.30%,4.00%,LOSS,10.3,23,-5,56.50%,Tuesday,2026-06
2026-06-02,Caitlin Clark,Pts + Rebs,Over,19.5,-112,56.70%,8.20%,WIN,23.8,38,4.46,52.80%,Tuesday,2026-06
2026-06-02,Caitlin Clark,Pts + Rebs,Under,24.5,-112,55.90%,6.60%,LOSS,21.5,25,-5,52.80%,Tuesday,2026-06
2026-06-02,Caitlin Clark,Pts + Rebs,Over,18.5,-130,54.00%,-5.80%,LOSS,18.6,15,-5,56.50%,Tuesday,2026-06
2026-06-02,Caitlin Clark,Pts + Rebs,Over,16.5,-122,58.40%,7.60%,LOSS,19.1,13,-5,55.00%,Tuesday,2026-06
2026-06-02,Caitlin Clark,Rebs + Asts,Under,12.5,-132,57.10%,0.60%,LOSS,11.8,16,-5,56.90%,Tuesday,2026-06
2026-06-02,Caitlin Clark,Rebs + Asts,Over,15.5,-112,50.60%,-4.80%,WIN,15.6,18,4.46,52.80%,Tuesday,2026-06
2026-06-02,Caitlin Clark,Rebs + Asts,Over,5.5,-122,58.50%,7.80%,WIN,5.8,9,4.1,55.00%,Tuesday,2026-06
2026-06-02,Caitlin Clark,Rebs + Asts,Over,5.5,-110,56.60%,8.80%,LOSS,5.8,4,-5,52.40%,Tuesday,2026-06
2026-06-02,Caitlin Clark,Rebs + Asts,Over,9.5,100,56.40%,12.70%,WIN,11.6,15,5,50.00%,Tuesday,2026-06
2026-06-02,Caitlin Clark,Rebs + Asts,Under,11.5,-118,52.50%,-3.60%,WIN,11,8,4.24,54.10%,Tuesday,2026-06
2026-06-02,Caitlin Clark,Rebs + Asts,Under,8.5,-152,61.90%,3.90%,LOSS,7.5,4,-5,60.30%,Tuesday,2026-06
2026-06-02,Caitlin Clark,Rebs + Asts,Over,9.5,-144,60.80%,4.50%,WIN,10.8,13,3.47,59.00%,Tuesday,2026-06
2026-06-02,Caitlin Clark,Rebs + Asts,Over,9.5,-106,53.00%,3.10%,WIN,10.3,13,4.72,51.50%,Tuesday,2026-06
2026-06-02,Caitlin Clark,Rebs + Asts,Under,9.5,-138,61.60%,8.50%,WIN,8.2,3,3.62,58.00%,Tuesday,2026-06
2026-06-02,Caitlin Clark,Rebs + Asts,Under,9.5,-138,60.00%,4.80%,LOSS,8.6,14,-5,58.00%,Tuesday,2026-06
2026-06-02,Caitlin Clark,Rebs + Asts,Over,8.5,-104,51.20%,0.40%,LOSS,8.6,4,-5,51.00%,Tuesday,2026-06
2026-06-02,Caitlin Clark,Rebs + Asts,Over,9.5,104,50.00%,2.00%,LOSS,10,2,-5,49.00%,Tuesday,2026-06
2026-06-02,Caitlin Clark,Rebs + Asts,Over,9.5,-104,57.00%,12.20%,WIN,11.6,12,4.81,51.00%,Tuesday,2026-06
2026-06-02,Caitlin Clark,Threes,Over,1.5,-188,69.30%,11.50%,WIN,2.4,3,2.66,65.30%,Tuesday,2026-06
2026-06-02,Caitlin Clark,Threes,Under,1.5,-172,60.40%,-7.60%,WIN,1.3,1,2.91,63.20%,Tuesday,2026-06
2026-06-02,Caitlin Clark,Threes,Under,2.5,-210,73.80%,18.70%,WIN,1.5,2,2.38,67.70%,Tuesday,2026-06
2026-06-02,Caitlin Clark,Threes,Over,1.5,-114,61.90%,18.50%,LOSS,2.4,1,-5,53.30%,Tuesday,2026-06
2026-06-02,Caitlin Clark,Threes,Over,1.5,-112,61.80%,18.90%,LOSS,2.4,1,-5,52.80%,Tuesday,2026-06
2026-06-02,Caitlin Clark,Threes,Over,1.5,138,42.10%,0.10%,WIN,1.5,2,6.9,42.00%,Tuesday,2026-06
2026-06-02,Caitlin Clark,Threes,Over,1.5,-188,67.50%,6.30%,LOSS,2.2,0,-5,65.30%,Tuesday,2026-06
2026-06-02,Caitlin Clark,Threes,Over,1.5,-154,66.50%,14.90%,WIN,2.4,2,3.25,60.60%,Tuesday,2026-06
2026-06-02,Caitlin Clark,Threes,Over,2.5,154,43.10%,6.10%,WIN,2.5,3,7.7,39.40%,Tuesday,2026-06
2026-06-02,Caitlin Clark,Threes,Over,1.5,162,52.20%,22.70%,WIN,2.3,5,8.1,38.20%,Tuesday,2026-06
2026-06-02,Caitlin Clark,Threes,Over,2.5,-166,68.00%,14.90%,WIN,3.6,8,3.01,62.40%,Tuesday,2026-06
2026-06-02,Caitlin Clark,Threes,Under,1.5,-220,62.40%,-20.30%,LOSS,1.2,2,-5,68.80%,Tuesday,2026-06
2026-06-02,Caitlin Clark,Threes,Over,1.5,108,52.10%,7.80%,WIN,2,2,5.4,48.10%,Tuesday,2026-06
2026-06-03,Caitlin Clark,Assists,Over,8.5,-125,56.00%,1.00%,LOSS,9,5,-5,55.60%,Wednesday,2026-06
2026-06-03,Caitlin Clark,Assists,Over,2.5,-114,46.70%,-14.00%,WIN,2.5,4,4.39,53.30%,Wednesday,2026-06
2026-06-03,Caitlin Clark,Assists,Over,3.5,-148,58.80%,-2.10%,LOSS,4,1,-5,59.70%,Wednesday,2026-06
2026-06-03,Caitlin Clark,Assists,Under,3.5,-112,50.00%,-5.90%,WIN,3.5,2,4.46,52.80%,Wednesday,2026-06
2026-06-03,Caitlin Clark,Assists,Over,2.5,100,46.80%,-6.40%,LOSS,2.5,2,-5,50.00%,Wednesday,2026-06
2026-06-03,Caitlin Clark,Assists,Over,2.5,-102,51.90%,2.80%,LOSS,3.1,2,-5,50.50%,Wednesday,2026-06
2026-06-03,Caitlin Clark,Assists,Over,3.5,118,48.90%,5.60%,WIN,4.1,4,5.9,45.90%,Wednesday,2026-06
2026-06-03,Caitlin Clark,Assists,Under,3.5,-112,53.90%,2.20%,WIN,3.3,2,4.46,52.80%,Wednesday,2026-06
2026-06-03,Caitlin Clark,Assists,Under,3.5,-128,56.30%,0.30%,WIN,3.3,2,3.91,56.10%,Wednesday,2026-06
2026-06-03,Caitlin Clark,Assists,Under,4.5,-138,61.20%,7.60%,WIN,3.4,4,3.62,58.00%,Wednesday,2026-06
2026-06-03,Caitlin Clark,Points,Over,15.5,-114,48.70%,-9.90%,LOSS,15.5,9,-5,53.30%,Wednesday,2026-06
2026-06-03,Caitlin Clark,Points,Under,9.5,-114,54.90%,3.60%,LOSS,7.7,18,-5,53.30%,Wednesday,2026-06
2026-06-03,Caitlin Clark,Points,Over,18.5,-113,46.80%,-13.20%,WIN,18.7,19,4.42,53.10%,Wednesday,2026-06
2026-06-03,Caitlin Clark,Points,Under,18.5,-118,60.20%,13.20%,WIN,13,17,4.24,54.10%,Wednesday,2026-06
2026-06-03,Caitlin Clark,Points,Over,7.5,-104,54.20%,6.50%,WIN,10,10,4.81,51.00%,Wednesday,2026-06
2026-06-03,Caitlin Clark,Points,Under,12.5,-118,54.20%,0.10%,WIN,12.2,9,4.24,54.10%,Wednesday,2026-06
2026-06-03,Caitlin Clark,Points,Under,8.5,-122,55.80%,1.90%,WIN,7,5,4.1,55.00%,Wednesday,2026-06
2026-06-03,Caitlin Clark,Points,Under,13.5,-128,60.00%,8.90%,LOSS,10.4,22,-5,56.10%,Wednesday,2026-06
2026-06-03,Caitlin Clark,Points,Under,19.5,-104,55.90%,10.10%,WIN,15.5,16,4.81,51.00%,Wednesday,2026-06
2026-06-03,Caitlin Clark,Points,Over,11.5,-130,60.10%,8.20%,LOSS,15,9,-5,56.50%,Wednesday,2026-06
2026-06-03,Caitlin Clark,Points,Under,7.5,-101,53.40%,6.30%,LOSS,5.7,14,-5,50.20%,Wednesday,2026-06
2026-06-03,Caitlin Clark,Points,Under,17.5,-106,56.30%,10.00%,WIN,14.2,17,4.72,51.50%,Wednesday,2026-06
2026-06-03,Caitlin Clark,Points,Under,10.5,-108,52.80%,1.80%,LOSS,10,15,-5,51.90%,Wednesday,2026-06
2026-06-03,Caitlin Clark,Points,Under,9.5,100,56.60%,13.20%,LOSS,5.7,12,-5,50.00%,Wednesday,2026-06
2026-06-03,Cameron Brink,Points,Under,7.5,-106,54.30%,5.90%,LOSS,6,16,-5,51.50%,Wednesday,2026-06
2026-06-03,Cameron Brink,Points,Under,13.5,-122,67.90%,6.20%,LOSS,11.3,15,-5,55.00%,Wednesday,2026-06
2026-06-03,Cameron Brink,Points,Under,9.5,-130,56.80%,0.60%,LOSS,8.9,11,-5,56.50%,Wednesday,2026-06
2026-06-03,Cameron Brink,Pts + Asts,Over,24.5,-114,46.30%,-14.90%,LOSS,24.6,14,-5,53.30%,Wednesday,2026-06
2026-06-03,Cameron Brink,Pts + Asts,Under,21.5,-125,53.30%,-5.20%,LOSS,21.3,23,-5,55.60%,Wednesday,2026-06
2026-06-03,Cameron Brink,Pts + Asts,Under,22.5,-114,57.20%,8.50%,WIN,18.2,18,4.39,53.30%,Wednesday,2026-06
2026-06-03,Cameron Brink,Pts + Asts,Under,12.5,-132,49.50%,-17.10%,WIN,11.4,7,3.79,56.90%,Wednesday,2026-06
2026-06-03,Cameron Brink,Pts + Asts,Under,15.5,-110,54.70%,5.00%,LOSS,13.6,24,-5,52.40%,Wednesday,2026-06
2026-06-03,Cameron Brink,Pts + Asts,Over,14.5,-118,57.20%,6.60%,LOSS,17.9,11,-5,54.10%,Wednesday,2026-06
2026-06-03,Cameron Brink,Pts + Asts,Under,21.5,-122,56.30%,3.10%,WIN,18.7,21,4.1,55.00%,Wednesday,2026-06
2026-06-03,Cameron Brink,Pts + Asts,Under,14.5,-120,55.90%,3.00%,LOSS,13.2,17,-5,54.50%,Wednesday,2026-06
2026-06-03,Cameron Brink,Pts + Asts,Under,13.5,-114,53.70%,0.90%,LOSS,8.9,14,-5,53.30%,Wednesday,2026-06
2026-06-03,Cameron Brink,Pts + Asts,Under,17.5,-108,55.60%,7.60%,LOSS,14.5,19,-5,51.90%,Wednesday,2026-06
2026-06-03,Cameron Brink,Pts + Rebs,Over,23.5,-114,53.60%,0.60%,LOSS,24.7,18,-5,53.30%,Wednesday,2026-06
2026-06-03,Cameron Brink,Pts + Rebs,Under,26.5,-112,55.30%,5.30%,LOSS,25.1,28,-5,52.80%,Wednesday,2026-06
2026-06-03,Cameron Brink,Pts + Rebs,Under,22.5,-128,62.80%,15.30%,WIN,16.6,22,3.91,56.10%,Wednesday,2026-06
2026-06-03,Cameron Brink,Pts + Rebs,Over,11.5,-106,54.50%,6.20%,WIN,14.2,12,4.72,51.50%,Wednesday,2026-06
2026-06-03,Cameron Brink,Pts + Rebs,Under,17.5,-120,52.60%,-4.40%,WIN,17.1,13,4.17,54.50%,Wednesday,2026-06
2026-06-03,Cameron Brink,Pts + Rebs,Under,21.5,-108,57.30%,11.10%,LOSS,17.9,39,-5,51.90%,Wednesday,2026-06
2026-06-03,Cameron Brink,Pts + Rebs,Under,22.5,-106,57.80%,13.10%,WIN,17.5,22,4.72,51.50%,Wednesday,2026-06
2026-06-03,Cameron Brink,Pts + Rebs,Over,16.5,-122,58.00%,6.80%,LOSS,19.4,14,-5,55.00%,Wednesday,2026-06
2026-06-03,Cameron Brink,Pts + Rebs,Under,21.5,-108,57.20%,11.10%,WIN,17.8,20,4.63,51.90%,Wednesday,2026-06
2026-06-03,Cameron Brink,Pts + Rebs,Under,11.5,-107,52.80%,2.30%,LOSS,9.2,18,-5,51.70%,Wednesday,2026-06
2026-06-03,Cameron Brink,Pts + Rebs,Under,16.5,-112,55.80%,6.40%,LOSS,13.2,26,-5,52.80%,Wednesday,2026-06
2026-06-03,Cameron Brink,Pts + Rebs,Under,15.5,-116,54.80%,2.40%,LOSS,13.5,19,-5,53.70%,Wednesday,2026-06
2026-06-03,Cameron Brink,Pts + Rebs,Under,14.5,-110,48.60%,-7.90%,LOSS,13.9,17,-5,52.40%,Wednesday,2026-06
2026-06-03,Cameron Brink,Rebs + Asts,Over,16.5,-114,50.50%,-5.90%,LOSS,16.6,14,-5,53.30%,Wednesday,2026-06
2026-06-03,Cameron Brink,Rebs + Asts,Under,10.5,-108,55.30%,7.10%,LOSS,9.8,13,-5,51.90%,Wednesday,2026-06
2026-06-03,Cameron Brink,Rebs + Asts,Under,7.5,-114,48.60%,-9.90%,WIN,7,6,4.39,53.30%,Wednesday,2026-06
2026-06-03,Cameron Brink,Rebs + Asts,Under,11.5,-114,54.60%,2.90%,LOSS,10.7,19,-5,53.30%,Wednesday,2026-06
2026-06-03,Cameron Brink,Rebs + Asts,Over,7.5,104,52.20%,6.20%,LOSS,7.9,7,-5,49.00%,Wednesday,2026-06
2026-06-03,Cameron Brink,Rebs + Asts,Under,7.5,-152,51.30%,-22.70%,WIN,7.3,7,3.29,60.30%,Wednesday,2026-06
2026-06-03,Cameron Brink,Rebs + Asts,Under,6.5,-130,47.40%,-21.00%,LOSS,6.1,8,-5,56.50%,Wednesday,2026-06
2026-06-03,Carla Leite,Threes,Under,0.5,154,45.20%,9.70%,LOSS,0.38,1,-5,39.40%,Wednesday,2026-06
2026-06-03,Carla Leite,Threes,Under,1.5,-220,70.70%,6.20%,WIN,0.82,0,2.27,68.80%,Wednesday,2026-06
2026-06-03,Carla Leite,Threes,Under,1.5,-245,72.10%,3.60%,WIN,0.82,0,2.04,71.00%,Wednesday,2026-06
2026-06-03,Carla Leite,Threes,Under,1.5,-245,64.60%,-22.30%,LOSS,1.2,2,-5,71.00%,Wednesday,2026-06
2026-06-03,Carla Leite,Threes,Under,1.5,-245,64.50%,-22.40%,LOSS,1.2,4,-5,71.00%,Wednesday,2026-06
2026-06-03,Carla Leite,Threes,Under,1.5,104,62.10%,25.60%,LOSS,0.64,2,-5,49.00%,Wednesday,2026-06
2026-06-03,Carla Leite,Threes,Under,1.5,-171,63.70%,1.60%,LOSS,1.1,2,-5,63.10%,Wednesday,2026-06
2026-06-03,Carla Leite,Threes,Under,2.5,-104,64.80%,28.20%,WIN,1.4,2,4.81,51.00%,Wednesday,2026-06
2026-06-03,Carla Leite,Threes,Over,2.5,-118,49.50%,-10.20%,WIN,2.5,3,4.24,54.10%,Wednesday,2026-06
2026-06-03,Carla Leite,Threes,Under,1.5,-144,61.30%,5.50%,WIN,1.1,1,3.47,59.00%,Wednesday,2026-06
2026-06-03,Carla Leite,Threes,Under,1.5,-114,57.90%,9.80%,LOSS,1.1,3,-5,53.30%,Wednesday,2026-06
2026-06-04,Carla Leite,Assists,Over,2.5,-138,59.70%,4.10%,LOSS,3.5,2,-5,58.00%,Thursday,2026-06
2026-06-04,Carla Leite,Assists,Under,2.5,-144,53.70%,-13.00%,WIN,2.5,2,3.47,59.00%,Thursday,2026-06
2026-06-04,Carla Leite,Assists,Under,3.5,-125,54.80%,-1.70%,WIN,3.4,3,4,55.60%,Thursday,2026-06
2026-06-04,Carla Leite,Assists,Over,8.5,-112,55.60%,5.90%,LOSS,9.7,8,-5,52.80%,Thursday,2026-06
2026-06-04,Carla Leite,Assists,Over,3.5,-172,64.90%,4.60%,LOSS,5.2,3,-5,63.20%,Thursday,2026-06
2026-06-04,Carla Leite,Assists,Under,3.5,-136,58.30%,1.70%,WIN,3.2,3,3.68,57.60%,Thursday,2026-06
2026-06-04,Carla Leite,Assists,Over,6.5,110,49.80%,4.10%,WIN,7.5,7,5.5,47.60%,Thursday,2026-06
2026-06-04,Carla Leite,Assists,Over,2.5,-128,56.60%,1.10%,LOSS,3.2,2,-5,56.10%,Thursday,2026-06
2026-06-04,Carla Leite,Assists,Over,2.5,-158,53.00%,-21.30%,LOSS,2.7,0,-5,61.20%,Thursday,2026-06
2026-06-04,Carla Leite,Assists,Over,6.5,118,47.90%,3.80%,WIN,7.3,7,5.9,45.90%,Thursday,2026-06
2026-06-04,Carla Leite,Assists,Over,4.5,132,44.70%,2.70%,LOSS,4.5,0,-5,43.10%,Thursday,2026-06
2026-06-04,Carla Leite,Assists,Over,5.5,-140,61.20%,6.90%,LOSS,7.6,3,-5,58.30%,Thursday,2026-06
2026-06-04,Carla Leite,Points,Over,15.5,-114,46.50%,-14.60%,WIN,15.7,19,4.39,53.30%,Thursday,2026-06
2026-06-04,Carla Leite,Points,Under,20.5,-120,54.60%,0.00%,WIN,19.7,13,4.17,54.50%,Thursday,2026-06
2026-06-04,Carla Leite,Points,Under,14.5,-128,57.00%,1.90%,WIN,13.1,11,3.91,56.10%,Thursday,2026-06
2026-06-04,Carla Leite,Points,Under,20.5,-130,53.30%,-7.50%,WIN,20.1,17,3.85,56.50%,Thursday,2026-06
2026-06-04,Carla Leite,Points,Over,9.5,100,55.00%,10.10%,WIN,12.5,18,5,50.00%,Thursday,2026-06
2026-06-04,Carla Leite,Points,Over,15.5,-122,55.00%,0.20%,WIN,16.7,17,4.1,55.00%,Thursday,2026-06
2026-06-04,Carla Leite,Points,Under,14.5,-118,56.10%,4.20%,WIN,12.3,5,4.24,54.10%,Thursday,2026-06
2026-06-04,Carla Leite,Points,Over,12.5,-110,52.90%,1.10%,WIN,13.2,17,4.55,52.40%,Thursday,2026-06
2026-06-04,Carla Leite,Points,Over,11.5,100,50.40%,0.80%,WIN,11.7,13,5,50.00%,Thursday,2026-06
2026-06-04,Carla Leite,Points,Over,12.5,-118,54.80%,1.40%,WIN,13.8,14,4.24,54.10%,Thursday,2026-06
2026-06-04,Carla Leite,Points,Under,10.5,-108,54.00%,4.30%,WIN,9.5,9,4.63,51.90%,Thursday,2026-06
2026-06-04,Carla Leite,Points,Over,19.5,-108,52.80%,1.80%,WIN,22.5,25,4.63,51.90%,Thursday,2026-06
2026-06-04,Carla Leite,Points,Under,15.5,-128,59.10%,6.70%,WIN,12.5,12,3.91,56.10%,Thursday,2026-06
2026-06-04,Carla Leite,Points,Under,9.5,-135,57.40%,-0.10%,WIN,8.3,3,3.7,57.40%,Thursday,2026-06
2026-06-04,Carla Leite,Points,Over,14.5,-114,55.20%,4.10%,WIN,17.3,28,4.39,53.30%,Thursday,2026-06
2026-06-04,Carla Leite,Points,Over,17.5,100,54.60%,9.10%,LOSS,21.8,8,-5,50.00%,Thursday,2026-06
2026-06-04,Carla Leite,Points,Over,8.5,-113,54.30%,2.60%,LOSS,10.4,8,-5,53.10%,Thursday,2026-06
2026-06-04,Carla Leite,Points,Under,13.5,-135,52.00%,-12.80%,WIN,12.9,8,3.7,57.40%,Thursday,2026-06
2026-06-04,Carla Leite,Pts + Asts,Over,18.5,-114,54.10%,1.80%,WIN,19.3,21,4.39,53.30%,Thursday,2026-06
2026-06-04,Carla Leite,Pts + Asts,Over,22.5,-125,48.40%,-16.10%,LOSS,22.7,15,-5,55.60%,Thursday,2026-06
2026-06-04,Carla Leite,Pts + Asts,Under,17.5,-106,51.50%,0.10%,WIN,17.2,14,4.72,51.50%,Thursday,2026-06
2026-06-04,Carla Leite,Pts + Asts,Over,28.5,-125,55.60%,0.20%,LOSS,29.7,25,-5,55.60%,Thursday,2026-06
2026-06-04,Carla Leite,Pts + Asts,Over,20.5,-102,51.70%,2.50%,LOSS,21.8,20,-5,50.50%,Thursday,2026-06
2026-06-04,Carla Leite,Pts + Asts,Under,18.5,-102,51.50%,2.10%,WIN,16.7,8,4.9,50.50%,Thursday,2026-06
2026-06-04,Carla Leite,Pts + Asts,Over,17.5,-114,54.70%,3.10%,WIN,18.7,20,4.39,53.30%,Thursday,2026-06
2026-06-04,Carla Leite,Pts + Asts,Over,21.5,-130,59.10%,6.00%,WIN,25.7,27,3.85,56.50%,Thursday,2026-06
2026-06-04,Carla Leite,Pts + Asts,Under,18.5,-128,60.00%,8.80%,WIN,15,12,3.91,56.10%,Thursday,2026-06
2026-06-04,Carla Leite,Pts + Asts,Over,20.5,-125,58.00%,5.40%,WIN,24,35,4,55.60%,Thursday,2026-06
2026-06-04,Carla Leite,Pts + Asts,Over,21.5,-104,54.80%,7.90%,LOSS,26.1,8,-5,51.00%,Thursday,2026-06
2026-06-04,Carla Leite,Pts + Asts,Over,18.5,100,51.40%,2.70%,LOSS,20.8,11,-5,50.00%,Thursday,2026-06
2026-06-04,Carla Leite,Pts + Rebs,Over,23.5,-122,54.00%,-2.10%,WIN,24.6,26,4.1,55.00%,Thursday,2026-06
2026-06-04,Carla Leite,Pts + Rebs,Over,24.5,-118,54.20%,0.20%,LOSS,25.9,14,-5,54.10%,Thursday,2026-06
2026-06-04,Carla Leite,Pts + Rebs,Under,26.5,-118,53.20%,-2.00%,WIN,26.2,21,4.24,54.10%,Thursday,2026-06
2026-06-04,Carla Leite,Pts + Rebs,Under,24.5,-118,54.30%,0.50%,WIN,24,24,4.24,54.10%,Thursday,2026-06
2026-06-04,Carla Leite,Pts + Rebs,Over,21.5,-104,52.40%,2.80%,WIN,22.3,24,4.81,51.00%,Thursday,2026-06
2026-06-04,Carla Leite,Pts + Rebs,Under,18.5,-114,53.90%,1.20%,WIN,17.7,10,4.39,53.30%,Thursday,2026-06
2026-06-04,Carla Leite,Pts + Rebs,Over,16.5,-118,55.10%,2.20%,WIN,18.1,22,4.24,54.10%,Thursday,2026-06
2026-06-04,Carla Leite,Pts + Rebs,Over,15.5,-130,57.30%,1.80%,LOSS,17.1,14,-5,56.50%,Thursday,2026-06
2026-06-04,Carla Leite,Pts + Rebs,Under,22.5,-104,56.70%,11.70%,WIN,18.8,22,4.81,51.00%,Thursday,2026-06
2026-06-04,Carla Leite,Pts + Rebs,Under,15.5,-129,57.50%,2.70%,WIN,13.1,9,3.88,56.30%,Thursday,2026-06
2026-06-04,Carla Leite,Pts + Rebs,Over,19.5,-118,55.70%,3.40%,WIN,22,32,4.24,54.10%,Thursday,2026-06
2026-06-04,Carla Leite,Pts + Rebs,Over,20.5,-114,57.70%,9.50%,LOSS,24.8,12,-5,53.30%,Thursday,2026-06
2026-06-04,Carla Leite,Pts + Rebs,Over,16.5,-108,55.20%,6.90%,LOSS,19.1,10,-5,51.90%,Thursday,2026-06
2026-06-04,Carla Leite,Rebs + Asts,Over,10.5,-138,60.10%,5.00%,LOSS,12.3,9,-5,58.00%,Thursday,2026-06
2026-06-04,Carla Leite,Rebs + Asts,Over,6.5,-132,60.80%,9.00%,LOSS,7.8,3,-5,56.90%,Thursday,2026-06
2026-06-04,Carla Leite,Rebs + Asts,Over,15.5,-118,54.40%,0.50%,LOSS,16.1,13,-5,54.10%,Thursday,2026-06
2026-06-04,Carla Leite,Rebs + Asts,Over,12.5,-136,51.90%,-13.60%,WIN,13.1,15,3.68,57.60%,Thursday,2026-06
2026-06-04,Carla Leite,Rebs + Asts,Over,9.5,102,54.90%,10.70%,WIN,11,10,5.1,49.50%,Thursday,2026-06
2026-06-04,Carla Leite,Rebs + Asts,Under,7.5,-114,48.70%,-9.90%,LOSS,7,8,-5,53.30%,Thursday,2026-06
2026-06-04,Carla Leite,Rebs + Asts,Under,10.5,-112,59.20%,13.50%,WIN,8.9,10,4.46,52.80%,Thursday,2026-06
2026-06-04,Carla Leite,Rebs + Asts,Over,11.5,108,50.60%,4.90%,LOSS,12.4,11,-5,48.10%,Thursday,2026-06
2026-06-04,Carla Leite,Rebs + Asts,Over,7.5,-130,57.50%,2.30%,LOSS,7.9,4,-5,56.50%,Thursday,2026-06
2026-06-04,Carla Leite,Rebs + Asts,Over,9.5,108,55.30%,14.00%,LOSS,11.9,5,-5,48.10%,Thursday,2026-06
2026-06-04,Carla Leite,Threes,Under,2.5,-220,65.20%,-11.50%,WIN,2.1,0,2.27,68.80%,Thursday,2026-06
2026-06-04,Carla Leite,Threes,Over,2.5,-102,51.90%,2.90%,LOSS,2.9,2,-5,50.50%,Thursday,2026-06
2026-06-04,Carla Leite,Threes,Over,1.5,102,60.00%,20.80%,WIN,2.4,4,5.1,49.50%,Thursday,2026-06
2026-06-04,Carla Leite,Threes,Over,1.5,102,52.10%,5.20%,LOSS,1.8,0,-5,49.50%,Thursday,2026-06
2026-06-04,Carla Leite,Threes,Over,1.5,-152,65.40%,12.80%,LOSS,2.3,1,-5,60.30%,Thursday,2026-06
2026-06-04,Carla Leite,Threes,Over,1.5,-172,69.40%,16.80%,WIN,2.7,5,2.91,63.20%,Thursday,2026-06
2026-06-04,Carla Leite,Threes,Over,1.5,-146,58.60%,-1.70%,WIN,1.8,3,3.42,59.30%,Thursday,2026-06
2026-06-04,Carla Leite,Threes,Over,1.5,102,61.10%,23.10%,LOSS,2.6,1,-5,49.50%,Thursday,2026-06
2026-06-04,Carla Leite,Threes,Under,2.5,-210,59.50%,-25.60%,LOSS,2.3,3,-5,67.70%,Thursday,2026-06
2026-06-04,Carla Leite,Threes,Under,1.5,-136,57.80%,0.50%,WIN,1.6,1,3.68,57.60%,Thursday,2026-06
2026-06-04,Carla Leite,Threes,Over,2.5,-166,74.60%,32.50%,LOSS,5,2,-5,62.40%,Thursday,2026-06
2026-06-04,Carla Leite,Threes,Under,1.5,-154,61.60%,2.60%,LOSS,1.4,2,-5,60.60%,Thursday,2026-06
2026-06-04,Carla Leite,Threes,Over,1.5,140,52.80%,19.00%,LOSS,2.2,0,-5,41.70%,Thursday,2026-06
2026-06-05,Carla Leite,Assists,Over,2.5,-106,48.80%,-5.50%,WIN,2.7,3,4.72,51.50%,Friday,2026-06
2026-06-05,Carla Leite,Assists,Over,2.5,-140,61.10%,6.60%,WIN,3.8,6,3.57,58.30%,Friday,2026-06
2026-06-05,Carla Leite,Assists,Under,2.5,-210,63.50%,-13.20%,WIN,1.7,2,2.38,67.70%,Friday,2026-06
2026-06-05,Carla Leite,Assists,Under,4.5,118,49.70%,7.20%,WIN,3.9,4,5.9,45.90%,Friday,2026-06
2026-06-05,Carla Leite,Assists,Over,3.5,-104,51.40%,0.80%,LOSS,3.8,1,-5,51.00%,Friday,2026-06
2026-06-05,Carla Leite,Assists,Under,4.5,118,47.00%,2.00%,LOSS,4.4,6,-5,45.90%,Friday,2026-06
2026-06-05,Carla Leite,Assists,Under,5.5,-174,63.80%,0.90%,WIN,5.2,5,2.87,63.50%,Friday,2026-06
2026-06-05,Carla Leite,Assists,Over,5.5,102,55.90%,12.60%,WIN,7.9,6,5.1,49.50%,Friday,2026-06
2026-06-05,Carla Leite,Assists,Under,4.5,104,51.80%,5.40%,WIN,3.9,2,5.2,49.00%,Friday,2026-06
2026-06-05,Carla Leite,Assists,Under,4.5,-102,51.10%,1.20%,LOSS,4.2,5,-5,50.50%,Friday,2026-06
2026-06-05,Carla Leite,Assists,Under,2.5,-156,61.40%,1.30%,LOSS,2,5,-5,60.90%,Friday,2026-06
2026-06-05,Carla Leite,Assists,Under,5.5,-160,59.30%,-5.90%,LOSS,5.4,14,-5,61.50%,Friday,2026-06
2026-06-05,Carla Leite,Assists,Over,5.5,102,51.40%,3.80%,LOSS,6,4,-5,49.50%,Friday,2026-06
2026-06-05,Carla Leite,Points,Under,13.5,-108,56.70%,10.00%,WIN,10.5,8,4.63,51.90%,Friday,2026-06
2026-06-05,Carla Leite,Points,Under,9.5,-102,53.10%,5.20%,LOSS,9.3,16,-5,50.50%,Friday,2026-06
2026-06-05,Carla Leite,Points,Over,13.5,-122,55.60%,1.50%,WIN,14.3,30,4.1,55.00%,Friday,2026-06
2026-06-05,Carla Leite,Points,Over,8.5,-106,51.50%,0.00%,WIN,9.3,13,4.72,51.50%,Friday,2026-06
2026-06-05,Carla Leite,Points,Under,14.5,-120,55.70%,2.60%,WIN,13.1,11,4.17,54.50%,Friday,2026-06
2026-06-05,Carla Leite,Points,Under,12.5,100,55.70%,11.40%,WIN,8.1,6,5,50.00%,Friday,2026-06
2026-06-05,Carla Leite,Points,Under,12.5,-106,57.00%,11.40%,LOSS,8,16,-5,51.50%,Friday,2026-06
2026-06-05,Carla Leite,Points,Under,8.5,-120,58.80%,9.40%,LOSS,5.5,10,-5,54.50%,Friday,2026-06
2026-06-05,Carla Leite,Points,Under,13.5,-113,54.80%,3.70%,WIN,12,7,4.42,53.10%,Friday,2026-06
2026-06-05,Carla Leite,Points,Over,15.5,-114,56.00%,5.80%,LOSS,18.5,15,-5,53.30%,Friday,2026-06
2026-06-05,Carla Leite,Points,Under,10.5,-120,57.10%,5.60%,WIN,7.8,3,4.17,54.50%,Friday,2026-06
2026-06-05,Carla Leite,Points,Over,9.5,-122,48.30%,-14.70%,LOSS,9.7,7,-5,55.00%,Friday,2026-06
2026-06-05,Carla Leite,Points,Under,11.5,-125,57.20%,3.80%,LOSS,9.7,22,-5,55.60%,Friday,2026-06
2026-06-05,Carla Leite,Points,Over,13.5,-105,51.70%,1.10%,LOSS,14,9,-5,51.20%,Friday,2026-06
2026-06-05,Carla Leite,Points,Over,12.5,-122,57.20%,5.00%,LOSS,14.5,10,-5,55.00%,Friday,2026-06
2026-06-05,Carla Leite,Points,Over,19.5,-125,55.90%,0.80%,WIN,23.4,27,4,55.60%,Friday,2026-06
2026-06-05,Carla Leite,Points,Under,13.5,-125,59.10%,7.90%,WIN,11,3,4,55.60%,Friday,2026-06
2026-06-05,Carla Leite,Points,Under,11.5,-102,54.60%,8.30%,WIN,9,7,4.9,50.50%,Friday,2026-06
2026-06-05,Carla Leite,Points,Under,9.5,-120,57.10%,5.60%,LOSS,7,11,-5,54.50%,Friday,2026-06
2026-06-05,Carla Leite,Points,Under,9.5,-114,53.60%,0.80%,LOSS,9.3,13,-5,53.30%,Friday,2026-06
2026-06-05,Carla Leite,Points,Under,8.5,-104,52.70%,3.50%,LOSS,7.1,16,-5,51.00%,Friday,2026-06
2026-06-05,Carla Leite,Points,Over,15.5,-114,56.50%,6.90%,WIN,18.8,16,4.39,53.30%,Friday,2026-06
2026-06-05,Carla Leite,Points,Under,19.5,-128,52.10%,-9.20%,WIN,19.2,19,3.91,56.10%,Friday,2026-06
2026-06-05,Carla Leite,Points,Under,8.5,-104,51.70%,1.50%,LOSS,7.7,14,-5,51.00%,Friday,2026-06
2026-06-05,Carla Leite,Points,Under,15.5,-108,52.00%,0.10%,LOSS,14.6,24,-5,51.90%,Friday,2026-06
2026-06-05,Carla Leite,Points,Over,9.5,-118,60.70%,14.20%,LOSS,14.7,4,-5,54.10%,Friday,2026-06
2026-06-05,Cecilia Zandalasaini,Pts + Asts,Over,12.5,-104,51.20%,0.50%,WIN,12.7,19,4.81,51.00%,Friday,2026-06
2026-06-05,Cecilia Zandalasaini,Pts + Asts,Over,16.5,-117,54.00%,0.10%,WIN,17.6,36,4.27,53.90%,Friday,2026-06
2026-06-05,Cecilia Zandalasini,Pts + Asts,Over,11.5,-132,58.40%,3.50%,WIN,11.6,14,3.79,56.90%,Friday,2026-06
2026-06-05,Cecilia Zandalasini,Pts + Asts,Under,16.5,-130,52.10%,-10.10%,WIN,16.5,13,3.85,56.50%,Friday,2026-06
2026-06-05,Cecilia Zandalasini,Pts + Asts,Under,15.5,-128,58.90%,6.30%,WIN,10.7,8,3.91,56.10%,Friday,2026-06
2026-06-05,Cecilia Zandalasini,Pts + Asts,Under,18.5,-106,54.70%,6.70%,WIN,16,11,4.72,51.50%,Friday,2026-06
2026-06-05,Cecilia Zandalasini,Pts + Asts,Over,19.5,-106,53.90%,5.10%,LOSS,22.1,16,-5,51.50%,Friday,2026-06
2026-06-05,Cecilia Zandalasini,Pts + Asts,Over,14.5,-132,49.70%,-16.70%,LOSS,14.7,13,-5,56.90%,Friday,2026-06
2026-06-05,Cecilia Zandalasini,Pts + Asts,Under,16.5,-114,56.00%,5.90%,LOSS,14.3,27,-5,53.30%,Friday,2026-06
2026-06-05,Cecilia Zandalasini,Pts + Asts,Over,25.5,-112,56.50%,7.70%,WIN,29.8,33,4.46,52.80%,Friday,2026-06
2026-06-05,Cecilia Zandalasini,Pts + Asts,Under,18.5,-125,59.60%,9.20%,WIN,14.7,5,4,55.60%,Friday,2026-06
2026-06-05,Cecilia Zandalasini,Pts + Asts,Under,14.5,-118,53.00%,-2.40%,LOSS,14.1,18,-5,54.10%,Friday,2026-06
2026-06-05,Cecilia Zandalasini,Pts + Asts,Under,13.5,-122,55.00%,0.20%,LOSS,7.7,18,-5,55.00%,Friday,2026-06
2026-06-05,Cecilia Zandalasini,Pts + Asts,Over,17.5,-102,54.40%,7.80%,WIN,21.2,21,4.9,50.50%,Friday,2026-06
2026-06-05,Cecilia Zandalasini,Pts + Asts,Over,24.5,-110,46.40%,-12.50%,WIN,24.8,33,4.55,52.40%,Friday,2026-06
2026-06-05,Cecilia Zandalasini,Pts + Asts,Under,21.5,-128,53.00%,-7.20%,LOSS,21.3,28,-5,56.10%,Friday,2026-06
2026-06-05,Cecilia Zandalasini,Pts + Rebs,Under,23.5,-106,59.80%,17.20%,WIN,17.3,11,4.72,51.50%,Friday,2026-06
2026-06-05,Cecilia Zandalasini,Pts + Rebs,Over,12.5,-115,53.70%,0.40%,WIN,12.7,21,4.35,53.50%,Friday,2026-06
2026-06-05,Cecilia Zandalasini,Pts + Rebs,Under,16.5,-114,51.30%,-4.30%,LOSS,16.3,36,-5,53.30%,Friday,2026-06
2026-06-05,Cecilia Zandalasini,Pts + Rebs,Over,12.5,-129,60.10%,8.70%,WIN,16,23,3.88,56.30%,Friday,2026-06
2026-06-05,Cecilia Zandalasini,Pts + Rebs,Over,16.5,-114,54.20%,2.00%,LOSS,17.6,12,-5,53.30%,Friday,2026-06
2026-06-05,Cecilia Zandalasini,Pts + Rebs,Under,16.5,-130,58.10%,3.70%,WIN,13.5,10,3.85,56.50%,Friday,2026-06
2026-06-05,Cecilia Zandalasini,Pts + Rebs,Under,17.5,-102,55.30%,9.70%,LOSS,13.1,24,-5,50.50%,Friday,2026-06
2026-06-05,Cecilia Zandalasini,Pts + Rebs,Under,13.5,-130,58.30%,4.00%,LOSS,10.7,15,-5,56.50%,Friday,2026-06
2026-06-05,Cecilia Zandalasini,Pts + Rebs,Under,15.5,-108,54.40%,5.20%,WIN,12.8,9,4.63,51.90%,Friday,2026-06
2026-06-05,Cecilia Zandalasini,Pts + Rebs,Over,23.5,-104,53.90%,5.90%,LOSS,26.2,20,-5,51.00%,Friday,2026-06
2026-06-05,Cecilia Zandalasini,Pts + Rebs,Under,15.5,-125,59.70%,9.30%,WIN,11.6,8,4,55.60%,Friday,2026-06
2026-06-05,Cecilia Zandalasini,Pts + Rebs,Over,11.5,-117,54.70%,1.60%,LOSS,13.1,8,-5,53.90%,Friday,2026-06
2026-06-05,Cecilia Zandalasini,Pts + Rebs,Under,22.5,-122,60.20%,11.60%,LOSS,17.7,37,-5,55.00%,Friday,2026-06
2026-06-05,Charlisse Leger-Walker,Pts + Rebs,Over,22.5,-112,54.00%,2.50%,LOSS,23,18,-5,52.80%,Friday,2026-06
2026-06-05,Charlisse Leger-Walker,Pts + Rebs,Under,16.5,-114,59.20%,12.60%,WIN,11.6,9,4.39,53.30%,Friday,2026-06
2026-06-05,Charlisse Leger-Walker,Pts + Rebs,Under,13.5,-132,58.60%,3.90%,LOSS,9.4,15,-5,56.90%,Friday,2026-06
2026-06-05,Charlisse Leger-Walker,Pts + Rebs,Under,13.5,-120,49.00%,-12.20%,WIN,13,13,4.17,54.50%,Friday,2026-06
2026-06-05,Charlisse Leger-Walker,Pts + Rebs,Under,21.5,-115,60.70%,15.50%,WIN,14.1,20,4.35,53.50%,Friday,2026-06
2026-06-05,Charlisse Leger-Walker,Pts + Rebs,Over,22.5,-114,56.60%,7.10%,WIN,26.6,23,4.39,53.30%,Friday,2026-06
2026-06-05,Charlisse Leger-Walker,Pts + Rebs,Over,22.5,-120,55.20%,1.40%,LOSS,23.3,21,-5,54.50%,Friday,2026-06
2026-06-05,Charlisse Leger-Walker,Pts + Rebs,Under,19.5,-122,56.10%,2.60%,LOSS,18.1,27,-5,55.00%,Friday,2026-06
2026-06-05,Charlisse Leger-Walker,Rebs + Asts,Over,5.5,114,52.60%,11.10%,WIN,5.5,6,5.7,46.70%,Friday,2026-06
2026-06-05,Charlisse Leger-Walker,Rebs + Asts,Over,6.5,-144,57.00%,5.00%,LOSS,5.2,6,-5,59.00%,Friday,2026-06
2026-06-05,Charlisse Leger-Walker,Rebs + Asts,Over,10.5,-138,57.80%,-0.50%,LOSS,11,6,-5,58.00%,Friday,2026-06
2026-06-05,Charlisse Leger-Walker,Rebs + Asts,Over,7.5,-154,57.00%,-9.30%,LOSS,6.8,7,-5,60.60%,Friday,2026-06
2026-06-05,Charlisse Leger-Walker,Rebs + Asts,Under,15.5,102,51.00%,2.90%,LOSS,14.9,20,-5,49.50%,Friday,2026-06
2026-06-05,Charlisse Leger-Walker,Rebs + Asts,Under,7.5,-139,58.50%,0.70%,WIN,5.6,6,3.6,58.20%,Friday,2026-06
2026-06-05,Charlisse Leger-Walker,Rebs + Asts,Under,8.5,-114,56.40%,6.80%,WIN,7.7,5,4.39,53.30%,Friday,2026-06
2026-06-05,Charlisse Leger-Walker,Rebs + Asts,Under,11.5,-102,60.50%,20.20%,WIN,8.2,6,4.9,50.50%,Friday,2026-06
2026-06-05,Charlisse Leger-Walker,Rebs + Asts,Over,9.5,-146,59.10%,-0.70%,WIN,9.4,15,3.42,59.30%,Friday,2026-06
2026-06-05,Charlisse Leger-Walker,Rebs + Asts,Over,8.5,-130,57.10%,1.20%,WIN,9.3,17,3.85,56.50%,Friday,2026-06
2026-06-05,Charlisse Leger-Walker,Rebs + Asts,Over,8.5,-138,57.90%,-0.30%,WIN,9.1,11,3.62,58.00%,Friday,2026-06
2026-06-05,Charlisse Leger-Walker,Threes,Under,1.5,-225,67.70%,-4.90%,LOSS,0.99,2,-5,69.20%,Friday,2026-06
2026-06-05,Charlisse Leger-Walker,Threes,Under,1.5,-154,63.90%,8.20%,LOSS,0.97,4,-5,60.60%,Friday,2026-06
2026-06-05,Charlisse Leger-Walker,Threes,Under,1.5,102,55.50%,11.90%,LOSS,1.3,6,-5,49.50%,Friday,2026-06
2026-06-05,Charlisse Leger-Walker,Threes,Over,1.5,-174,52.20%,-30.10%,LOSS,1.6,1,-5,63.50%,Friday,2026-06
2026-06-05,Charlisse Leger-Walker,Threes,Under,2.5,-210,67.40%,-1.00%,WIN,1.8,0,2.38,67.70%,Friday,2026-06
2026-06-05,Charlisse Leger-Walker,Threes,Under,1.5,-166,63.20%,2.20%,WIN,1.3,1,3.01,62.40%,Friday,2026-06
2026-06-05,Charlisse Leger-Walker,Threes,Under,1.5,-200,64.30%,-7.20%,WIN,1.4,1,2.5,66.70%,Friday,2026-06
2026-06-05,Charlisse Leger-Walker,Threes,Over,1.5,-132,69.50%,29.20%,LOSS,3.5,0,-5,56.90%,Friday,2026-06
2026-06-05,Charlisse Leger-Walker,Threes,Under,2.5,-172,54.20%,-24.50%,WIN,2.5,1,2.91,63.20%,Friday,2026-06
2026-06-05,Charlisse Leger-Walker,Threes,Under,1.5,-154,65.60%,12.70%,WIN,0.84,1,3.25,60.60%,Friday,2026-06
2026-06-05,Charlisse Leger-Walker,Threes,Over,1.5,194,43.00%,13.60%,LOSS,1.8,1,-5,34.00%,Friday,2026-06
2026-06-05,Charlisse Leger-Walker,Threes,Over,1.5,-106,55.20%,7.60%,LOSS,1.8,1,-5,51.50%,Friday,2026-06
2026-06-05,Charlisse Leger-Walker,Threes,Under,1.5,-245,65.70%,-21.90%,LOSS,1.2,2,-5,71.00%,Friday,2026-06
2026-06-05,Chelsea Gray,Threes,Over,1.5,152,42.30%,4.30%,LOSS,1.6,0,-5,39.70%,Friday,2026-06
2026-06-06,Chelsea Gray,Assists,Under,3.5,-172,55.10%,-22.00%,WIN,3.5,3,2.91,63.20%,Saturday,2026-06
2026-06-06,Chelsea Gray,Assists,Over,2.5,-123,57.10%,4.30%,LOSS,3.4,1,-5,55.20%,Saturday,2026-06
2026-06-06,Chelsea Gray,Assists,Under,2.5,-140,55.80%,-6.10%,WIN,3.3,0,3.57,58.30%,Saturday,2026-06
2026-06-06,Chelsea Gray,Assists,Under,2.5,118,47.60%,3.10%,WIN,2.4,2,5.9,45.90%,Saturday,2026-06
2026-06-06,Chelsea Gray,Assists,Over,7.5,-154,63.80%,8.10%,WIN,9.4,9,3.25,60.60%,Saturday,2026-06
2026-06-06,Chelsea Gray,Assists,Over,6.5,-136,59.80%,5.10%,LOSS,7.8,6,-5,57.60%,Saturday,2026-06
2026-06-06,Chelsea Gray,Assists,Over,3.5,-172,65.00%,4.90%,WIN,5,7,2.91,63.20%,Saturday,2026-06
2026-06-06,Chelsea Gray,Assists,Over,2.5,-162,62.50%,1.80%,LOSS,3.5,1,-5,61.80%,Saturday,2026-06
2026-06-06,Chelsea Gray,Assists,Under,3.5,126,46.10%,3.30%,WIN,3.4,1,6.3,44.20%,Saturday,2026-06
2026-06-06,Chelsea Gray,Assists,Over,6.5,106,49.20%,1.20%,LOSS,6.7,5,-5,48.50%,Saturday,2026-06
2026-06-06,Chelsea Gray,Assists,Under,2.5,-104,51.60%,1.30%,LOSS,2.4,4,-5,51.00%,Saturday,2026-06
2026-06-06,Chelsea Gray,Assists,Over,6.5,124,47.30%,4.80%,LOSS,7.5,5,-5,44.60%,Saturday,2026-06
2026-06-06,Chelsea Gray,Assists,Under,2.5,-188,56.90%,-24.10%,LOSS,2.5,3,-5,65.30%,Saturday,2026-06
2026-06-06,Chelsea Gray,Assists,Under,3.5,-122,57.10%,4.70%,WIN,3.1,0,4.1,55.00%,Saturday,2026-06
2026-06-06,Chelsea Gray,Assists,Over,2.5,-154,52.60%,-20.40%,LOSS,2.6,1,-5,60.60%,Saturday,2026-06
2026-06-06,Chelsea Gray,Assists,Over,3.5,-122,51.30%,-8.00%,WIN,3.5,5,4.1,55.00%,Saturday,2026-06
2026-06-06,Chelsea Gray,Assists,Over,6.5,116,48.80%,4.60%,LOSS,7.6,6,-5,46.30%,Saturday,2026-06
2026-06-06,Chelsea Gray,Assists,Under,4.5,-144,53.20%,-14.20%,WIN,4.2,3,3.47,59.00%,Saturday,2026-06
2026-06-06,Chelsea Gray,Assists,Over,3.5,-154,62.80%,5.50%,LOSS,4.5,3,-5,60.60%,Saturday,2026-06
2026-06-06,Chelsea Gray,Assists,Under,2.5,-155,61.30%,1.40%,LOSS,2.1,4,-5,60.80%,Saturday,2026-06
2026-06-06,Chelsea Gray,Assists,Over,2.5,-164,53.20%,-23.50%,WIN,2.6,6,3.05,62.10%,Saturday,2026-06
2026-06-06,Chelsea Gray,Assists,Over,6.5,122,50.50%,9.90%,LOSS,8.1,3,-5,45.00%,Saturday,2026-06
2026-06-06,Chelsea Gray,Points,Over,26.5,-110,54.70%,4.90%,WIN,29.2,28,4.55,52.40%,Saturday,2026-06
2026-06-06,Chelsea Gray,Points,Over,14.5,-130,52.90%,-8.30%,LOSS,16.1,13,-5,56.50%,Saturday,2026-06
2026-06-06,Chelsea Gray,Points,Over,19.5,-125,53.70%,-4.10%,LOSS,20,15,-5,55.60%,Saturday,2026-06
2026-06-06,Chelsea Gray,Points,Over,13.5,-106,49.20%,-4.60%,WIN,13.6,18,4.72,51.50%,Saturday,2026-06
2026-06-06,Chelsea Gray,Points,Over,8.5,-114,54.40%,2.30%,LOSS,10.1,5,-5,53.30%,Saturday,2026-06
2026-06-06,Chelsea Gray,Points,Under,19.5,-122,56.10%,2.60%,LOSS,18.6,30,-5,55.00%,Saturday,2026-06
2026-06-06,Chelsea Gray,Points,Over,18.5,-114,54.50%,2.70%,LOSS,19.9,10,-5,53.30%,Saturday,2026-06
2026-06-06,Chelsea Gray,Points,Over,10.5,-108,55.30%,7.10%,LOSS,13.5,4,-5,51.90%,Saturday,2026-06
2026-06-06,Chelsea Gray,Points,Under,12.5,-114,56.80%,7.50%,WIN,9.8,12,4.39,53.30%,Saturday,2026-06
2026-06-06,Chelsea Gray,Points,Over,17.5,-102,49.10%,-2.80%,LOSS,18,11,-5,50.50%,Saturday,2026-06
2026-06-06,Chelsea Gray,Points,Under,12.5,100,54.00%,8.00%,WIN,9.9,7,5,50.00%,Saturday,2026-06
2026-06-06,Chelsea Gray,Points,Over,10.5,-114,54.00%,1.60%,LOSS,11.7,10,-5,53.30%,Saturday,2026-06
2026-06-06,Chelsea Gray,Points,Under,13.5,-104,51.10%,0.20%,LOSS,13,27,-5,51.00%,Saturday,2026-06
2026-06-06,Chelsea Gray,Points,Under,6.5,102,51.80%,4.50%,WIN,3.8,0,5.1,49.50%,Saturday,2026-06
2026-06-06,Chelsea Gray,Points,Under,17.5,-108,52.70%,1.60%,LOSS,16.7,27,-5,51.90%,Saturday,2026-06
2026-06-06,Chelsea Gray,Points,Over,12.5,-125,55.60%,0.20%,LOSS,13.7,11,-5,55.60%,Saturday,2026-06
2026-06-06,Chelsea Gray,Points,Over,7.5,-110,53.70%,2.80%,LOSS,9.3,5,-5,52.40%,Saturday,2026-06
2026-06-06,Chelsea Gray,Points,Over,12.5,-128,58.20%,4.70%,WIN,14.8,8,3.91,56.10%,Saturday,2026-06
2026-06-06,Chelsea Gray,Points,Over,11.5,-114,55.10%,4.00%,LOSS,12.6,11,-5,53.30%,Saturday,2026-06
2026-06-06,Chelsea Gray,Points,Over,12.5,-113,56.50%,7.40%,LOSS,15.1,11,-5,53.10%,Saturday,2026-06
2026-06-06,Chelsea Gray,Points,Under,10.5,-120,56.00%,3.10%,WIN,9.5,10,4.17,54.50%,Saturday,2026-06
2026-06-06,Chelsea Gray,Points,Over,18.5,-122,56.80%,4.00%,WIN,23.3,21,4.1,55.00%,Saturday,2026-06
2026-06-06,Chelsea Gray,Points,Over,13.5,-108,52.10%,0.50%,WIN,14,24,4.63,51.90%,Saturday,2026-06
2026-06-06,Chelsea Gray,Points,Under,8.5,-130,53.40%,-7.20%,WIN,7.8,4,3.85,56.50%,Saturday,2026-06
2026-06-06,Chelsea Gray,Points,Under,6.5,-112,54.40%,3.20%,WIN,4.9,5,4.46,52.80%,Saturday,2026-06
2026-06-06,Chelsea Gray,Points,Under,10.5,-120,56.50%,4.40%,WIN,9.1,8,4.17,54.50%,Saturday,2026-06
2026-06-06,Chelsea Gray,Points,Under,11.5,-125,58.60%,6.80%,WIN,8.8,6,4,55.60%,Saturday,2026-06
2026-06-06,Chelsea Gray,Points,Under,14.5,-102,52.40%,3.90%,LOSS,13.5,27,-5,50.50%,Saturday,2026-06
2026-06-06,Chelsea Gray,Points,Over,12.5,-108,53.10%,2.50%,WIN,13.9,14,4.63,51.90%,Saturday,2026-06
2026-06-06,Chelsea Gray,Points,Under,8.5,-107,52.20%,1.00%,WIN,7.7,6,4.67,51.70%,Saturday,2026-06
2026-06-06,Chelsea Gray,Points,Over,15.5,-114,57.50%,8.90%,WIN,19.5,19,4.39,53.30%,Saturday,2026-06
2026-06-06,Chelsea Gray,Points,Over,10.5,-132,61.70%,11.00%,WIN,14.9,12,3.79,56.90%,Saturday,2026-06
2026-06-06,Chelsea Gray,Points,Over,16.5,-115,58.30%,10.30%,WIN,20.6,19,4.35,53.50%,Saturday,2026-06
2026-06-06,Chelsea Gray,Points,Under,15.5,-125,57.40%,4.20%,WIN,13.5,7,4,55.60%,Saturday,2026-06
2026-06-06,Chelsea Gray,Points,Under,16.5,-106,52.60%,2.40%,LOSS,15.6,18,-5,51.50%,Saturday,2026-06
2026-06-06,Chelsea Gray,Points,Over,8.5,-118,55.10%,2.10%,LOSS,10.3,2,-5,54.10%,Saturday,2026-06
2026-06-06,Chelsea Gray,Points,Over,12.5,-114,51.50%,-3.80%,WIN,12.8,15,4.39,53.30%,Saturday,2026-06
2026-06-06,Chelsea Gray,Pts + Asts,Over,29.5,-120,55.00%,1.10%,WIN,30.9,31,4.17,54.50%,Saturday,2026-06
2026-06-06,Chelsea Gray,Pts + Asts,Over,14.5,-114,54.90%,3.40%,LOSS,18.9,14,-5,53.30%,Saturday,2026-06
2026-06-06,Chelsea Gray,Pts + Asts,Over,16.5,-125,50.00%,-12.60%,WIN,16.7,18,4,55.60%,Saturday,2026-06
2026-06-06,Chelsea Gray,Pts + Asts,Under,22.5,-122,55.60%,1.50%,LOSS,21.3,32,-5,55.00%,Saturday,2026-06
2026-06-06,Chelsea Gray,Pts + Asts,Over,26.5,-125,57.40%,4.20%,LOSS,29.5,19,-5,55.60%,Saturday,2026-06
2026-06-06,Chelsea Gray,Pts + Asts,Under,19.5,-112,55.80%,6.60%,WIN,16.7,18,4.46,52.80%,Saturday,2026-06
2026-06-06,Chelsea Gray,Pts + Asts,Over,21.5,-108,51.60%,-0.60%,LOSS,22.4,18,-5,51.90%,Saturday,2026-06
2026-06-06,Chelsea Gray,Pts + Asts,Under,14.5,-127,57.00%,2.40%,WIN,10.8,7,3.94,55.90%,Saturday,2026-06
2026-06-06,Chelsea Gray,Pts + Asts,Over,12.5,-102,53.10%,5.30%,LOSS,14.4,12,-5,50.50%,Saturday,2026-06
2026-06-06,Chelsea Gray,Pts + Asts,Over,16.5,-130,56.50%,0.10%,WIN,18,28,3.85,56.50%,Saturday,2026-06
2026-06-06,Chelsea Gray,Pts + Asts,Under,11.5,-130,47.60%,-20.50%,WIN,7.9,1,3.85,56.50%,Saturday,2026-06
2026-06-06,Chelsea Gray,Pts + Asts,Under,24.5,-125,57.80%,5.00%,LOSS,23.1,32,-5,55.60%,Saturday,2026-06
2026-06-06,Chelsea Gray,Pts + Asts,Under,16.5,-126,55.80%,0.00%,WIN,16,12,3.97,55.80%,Saturday,2026-06
2026-06-06,Chelsea Gray,Pts + Asts,Over,17.5,-125,56.90%,3.00%,LOSS,19.2,16,-5,55.60%,Saturday,2026-06
2026-06-06,Chelsea Gray,Pts + Asts,Over,15.5,-104,51.10%,0.60%,LOSS,16.3,14,-5,51.00%,Saturday,2026-06
2026-06-06,Chelsea Gray,Pts + Asts,Over,11.5,-114,54.20%,2.00%,LOSS,12,11,-5,53.30%,Saturday,2026-06
2026-06-06,Chelsea Gray,Pts + Asts,Over,14.5,-124,56.20%,1.90%,WIN,16.1,27,4.03,55.40%,Saturday,2026-06
2026-06-06,Chelsea Gray,Pts + Asts,Under,13.5,-106,52.30%,1.70%,WIN,13.1,8,4.72,51.50%,Saturday,2026-06
2026-06-06,Chelsea Gray,Pts + Asts,Under,17.5,-102,53.20%,5.50%,LOSS,15.6,28,-5,50.50%,Saturday,2026-06
2026-06-06,Chelsea Gray,Pts + Asts,Under,16.5,-130,53.50%,-6.90%,LOSS,16.3,19,-5,56.50%,Saturday,2026-06
2026-06-06,Chelsea Gray,Pts + Asts,Over,10.5,-115,55.70%,4.70%,WIN,8.8,11,4.35,53.50%,Saturday,2026-06
2026-06-06,Chelsea Gray,Pts + Asts,Over,21.5,-130,59.10%,6.00%,WIN,25.7,25,3.85,56.50%,Saturday,2026-06
2026-06-06,Chelsea Gray,Pts + Asts,Over,15.5,-114,56.60%,7.20%,LOSS,19,15,-5,53.30%,Saturday,2026-06
2026-06-06,Chelsea Gray,Pts + Asts,Over,20.5,-120,57.70%,7.00%,WIN,24.8,22,4.17,54.50%,Saturday,2026-06
2026-06-06,Chelsea Gray,Pts + Asts,Under,17.5,-116,56.10%,5.10%,WIN,15.3,11,4.31,53.70%,Saturday,2026-06
2026-06-06,Chelsea Gray,Pts + Asts,Under,18.5,-111,53.60%,2.00%,LOSS,17.1,24,-5,52.60%,Saturday,2026-06
2026-06-06,Chelsea Gray,Pts + Asts,Over,18.5,-130,57.50%,2.20%,LOSS,20.5,18,-5,56.50%,Saturday,2026-06
2026-06-06,Chelsea Gray,Pts + Rebs,Over,35.5,-125,57.20%,3.70%,WIN,38.3,42,4,55.60%,Saturday,2026-06
2026-06-06,Chelsea Gray,Pts + Rebs,Over,22.5,-120,56.70%,4.80%,LOSS,25.2,22,-5,54.50%,Saturday,2026-06
2026-06-06,Chelsea Gray,Pts + Rebs,Over,24.5,-106,50.50%,-2.00%,LOSS,25.5,16,-5,51.50%,Saturday,2026-06
2026-06-06,Chelsea Gray,Pts + Rebs,Over,24.5,-128,54.60%,-3.40%,WIN,25.9,35,3.91,56.10%,Saturday,2026-06
2026-06-06,Chelsea Gray,Pts + Rebs,Over,13.5,-112,54.70%,3.90%,LOSS,15.5,9,-5,52.80%,Saturday,2026-06
2026-06-06,Chelsea Gray,Pts + Rebs,Under,27.5,-120,57.40%,6.20%,LOSS,25.3,38,-5,54.50%,Saturday,2026-06
2026-06-06,Chelsea Gray,Pts + Rebs,Over,22.5,-114,55.30%,4.30%,LOSS,24.7,17,-5,53.30%,Saturday,2026-06
2026-06-06,Chelsea Gray,Pts + Rebs,Under,16.5,-118,54.80%,1.50%,LOSS,14.2,18,-5,54.10%,Saturday,2026-06
2026-06-06,Chelsea Gray,Pts + Rebs,Under,22.5,-104,48.50%,-5.00%,WIN,22,16,4.81,51.00%,Saturday,2026-06
2026-06-06,Chelsea Gray,Pts + Rebs,Under,20.5,-122,59.90%,11.00%,WIN,15.3,9,4.1,55.00%,Saturday,2026-06
2026-06-06,Chelsea Gray,Pts + Rebs,Over,15.5,-114,54.30%,2.20%,WIN,16.6,16,4.39,53.30%,Saturday,2026-06
2026-06-06,Chelsea Gray,Pts + Rebs,Over,17.5,-130,56.80%,0.60%,WIN,18.4,33,3.85,56.50%,Saturday,2026-06
2026-06-06,Chelsea Gray,Pts + Rebs,Under,22.5,-112,53.00%,0.30%,LOSS,21.4,32,-5,52.80%,Saturday,2026-06
2026-06-06,Chelsea Gray,Pts + Rebs,Over,16.5,-130,57.70%,2.60%,LOSS,18.5,14,-5,56.50%,Saturday,2026-06
2026-06-06,Chelsea Gray,Pts + Rebs,Over,10.5,-112,55.70%,6.10%,LOSS,13.3,10,-5,52.80%,Saturday,2026-06
2026-06-06,Chelsea Gray,Pts + Rebs,Under,22.5,-128,48.80%,-16.80%,WIN,22.1,20,3.91,56.10%,Saturday,2026-06
2026-06-06,Chelsea Gray,Pts + Rebs,Over,15.5,-104,51.80%,1.60%,LOSS,16,13,-5,51.00%,Saturday,2026-06
2026-06-06,Chelsea Gray,Pts + Rebs,Over,16.5,-120,56.80%,5.00%,LOSS,18.8,13,-5,54.50%,Saturday,2026-06
2026-06-06,Chelsea Gray,Pts + Rebs,Over,15.5,-114,54.20%,16.60%,WIN,16.6,19,4.39,53.30%,Saturday,2026-06
2026-06-06,Chelsea Gray,Pts + Rebs,Over,22.5,-114,54.60%,2.90%,WIN,24.1,27,4.39,53.30%,Saturday,2026-06
2026-06-06,Chelsea Gray,Pts + Rebs,Under,10.5,-110,48.30%,-8.50%,LOSS,8.7,11,-5,52.40%,Saturday,2026-06
2026-06-06,Chelsea Gray,Pts + Rebs,Under,13.5,-127,49.50%,-14.70%,WIN,12.9,11,3.94,55.90%,Saturday,2026-06
2026-06-06,Chelsea Gray,Pts + Rebs,Under,18.5,-107,57.40%,11.90%,WIN,13.4,12,4.67,51.70%,Saturday,2026-06
2026-06-06,Chelsea Gray,Pts + Rebs,Under,22.5,-110,56.70%,9.10%,LOSS,19.5,32,-5,52.40%,Saturday,2026-06
2026-06-06,Chelsea Gray,Pts + Rebs,Over,13.5,-127,56.90%,2.30%,WIN,15.4,18,3.94,55.90%,Saturday,2026-06
2026-06-06,Chelsea Gray,Pts + Rebs,Under,14.5,-107,52.40%,1.40%,WIN,13.3,14,4.67,51.70%,Saturday,2026-06
2026-06-06,Chelsea Gray,Pts + Rebs,Over,20.5,-118,55.80%,3.50%,WIN,22.5,25,4.24,54.10%,Saturday,2026-06
2026-06-06,Chelsea Gray,Pts + Rebs,Over,14.5,-125,57.80%,5.10%,WIN,17.5,15,4,55.60%,Saturday,2026-06
2026-06-06,Chelsea Gray,Pts + Rebs,Over,20.5,-106,54.60%,6.40%,LOSS,23.8,19,-5,51.50%,Saturday,2026-06
2026-06-06,Chelsea Gray,Pts + Rebs,Under,23.5,-122,58.10%,7.00%,WIN,20.4,12,4.1,55.00%,Saturday,2026-06
2026-06-06,Chelsea Gray,Pts + Rebs,Under,18.5,-118,52.50%,-3.60%,LOSS,18.1,20,-5,54.10%,Saturday,2026-06
2026-06-06,Chelsea Gray,Pts + Rebs,Over,16.5,-102,53.40%,5.80%,WIN,18.7,20,4.9,50.50%,Saturday,2026-06
2026-06-06,Chelsea Gray,Rebs + Asts,Over,12.5,-136,53.00%,-10.90%,WIN,13.3,17,3.68,57.60%,Saturday,2026-06
2026-06-06,Chelsea Gray,Rebs + Asts,Over,10.5,-113,56.60%,7.50%,LOSS,12.4,10,-5,53.10%,Saturday,2026-06
2026-06-06,Chelsea Gray,Rebs + Asts,Over,14.5,-136,58.90%,3.00%,WIN,16,17,3.68,57.60%,Saturday,2026-06
2026-06-06,Chelsea Gray,Rebs + Asts,Under,10.5,102,53.80%,8.50%,WIN,9.8,10,5.1,49.50%,Saturday,2026-06
2026-06-06,Chelsea Gray,Rebs + Asts,Over,12.5,108,49.70%,3.20%,WIN,13.6,16,5.4,48.10%,Saturday,2026-06
2026-06-06,Chelsea Gray,Rebs + Asts,Over,10.5,-125,56.50%,2.10%,WIN,11.2,12,4,55.60%,Saturday,2026-06
2026-06-06,Chelsea Gray,Rebs + Asts,Over,9.5,-130,59.60%,7.20%,WIN,10.8,12,3.85,56.50%,Saturday,2026-06
2026-06-06,Chelsea Gray,Rebs + Asts,Under,8.5,-122,60.40%,12.10%,WIN,6.1,2,4.1,55.00%,Saturday,2026-06
2026-06-06,Chelsea Gray,Rebs + Asts,Over,6.5,-102,52.20%,3.50%,WIN,6.8,8,4.9,50.50%,Saturday,2026-06
2026-06-06,Chelsea Gray,Rebs + Asts,Over,6.5,-154,62.60%,5.00%,WIN,7.4,7,3.25,60.60%,Saturday,2026-06
2026-06-06,Chelsea Gray,Rebs + Asts,Under,11.5,-136,53.00%,-10.90%,WIN,10.9,10,3.68,57.60%,Saturday,2026-06
2026-06-06,Chelsea Gray,Rebs + Asts,Under,11.5,-118,49.80%,9.40%,LOSS,11.4,16,-5,54.10%,Saturday,2026-06
2026-06-06,Chelsea Gray,Rebs + Asts,Over,9.5,-118,55.50%,3.00%,LOSS,10.3,7,-5,54.10%,Saturday,2026-06
2026-06-06,Chelsea Gray,Rebs + Asts,Under,6.5,-145,49.30%,-24.10%,WIN,6.4,5,3.45,59.20%,Saturday,2026-06
2026-06-06,Chelsea Gray,Rebs + Asts,Under,6.5,-150,49.90%,-25.40%,LOSS,6.4,10,-5,60.00%,Saturday,2026-06
2026-06-06,Chelsea Gray,Rebs + Asts,Over,10.5,-139,52.30%,-14.10%,LOSS,10.6,6,-5,58.20%,Saturday,2026-06
2026-06-06,Chelsea Gray,Rebs + Asts,Over,6.5,-120,55.20%,1.40%,LOSS,5.9,4,-5,54.50%,Saturday,2026-06
2026-06-06,Chelsea Gray,Rebs + Asts,Under,10.5,-114,59.50%,13.30%,WIN,8.9,6,4.39,53.30%,Saturday,2026-06
2026-06-06,Chelsea Gray,Rebs + Asts,Under,7.5,-106,53.60%,4.40%,LOSS,6.1,13,-5,51.50%,Saturday,2026-06
2026-06-06,Chelsea Gray,Rebs + Asts,Over,11.5,112,48.80%,3.00%,WIN,11.8,12,5.6,47.20%,Saturday,2026-06
2026-06-06,Chelsea Gray,Rebs + Asts,Under,7.5,114,46.20%,-0.90%,WIN,7.2,6,5.7,46.70%,Saturday,2026-06
2026-06-06,Chelsea Gray,Rebs + Asts,Over,7.5,-102,53.80%,6.60%,LOSS,8.1,3,-5,50.50%,Saturday,2026-06
2026-06-06,Chelsea Gray,Rebs + Asts,Under,9.5,103,52.10%,5.50%,WIN,9.4,9,5.15,49.30%,Saturday,2026-06
2026-06-06,Chelsea Gray,Rebs + Asts,Under,6.5,-120,45.90%,-19.00%,LOSS,6,8,-5,54.50%,Saturday,2026-06
2026-06-06,Chelsea Gray,Rebs + Asts,Over,9.5,-110,58.10%,12.00%,LOSS,11.7,8,-5,52.40%,Saturday,2026-06
2026-06-06,Chelsea Gray,Threes,Under,1.5,-162,64.90%,8.00%,LOSS,0.95,2,-5,61.80%,Saturday,2026-06
2026-06-06,Chelsea Gray,Threes,Over,1.5,-200,64.80%,-5.60%,LOSS,2.1,1,-5,66.70%,Saturday,2026-06
2026-06-06,Chelsea Gray,Threes,Over,0.5,-270,58.00%,-55.50%,LOSS,0.56,0,-5,73.00%,Saturday,2026-06
2026-06-06,Chelsea Gray,Threes,Over,2.5,116,49.50%,6.00%,LOSS,2.9,2,-5,46.30%,Saturday,2026-06
2026-06-06,Chelsea Gray,Threes,Over,1.5,-130,65.70%,21.20%,LOSS,3,0,-5,56.50%,Saturday,2026-06
2026-06-06,Chelsea Gray,Threes,Over,1.5,-188,51.90%,-38.60%,WIN,1.6,2,2.66,65.30%,Saturday,2026-06
2026-06-06,Chelsea Gray,Threes,Over,1.5,-130,54.30%,-5.10%,LOSS,1.7,1,-5,56.50%,Saturday,2026-06
2026-06-06,Chelsea Gray,Threes,Over,1.5,178,37.50%,2.50%,WIN,1.5,2,8.9,36.00%,Saturday,2026-06
2026-06-06,Chelsea Gray,Threes,Over,1.5,-158,64.80%,9.10%,WIN,2.2,3,3.16,61.20%,Saturday,2026-06
2026-06-06,Chelsea Gray,Threes,Under,1.5,154,45.20%,9.70%,WIN,0.42,0,7.7,39.40%,Saturday,2026-06
2026-06-06,Chelsea Gray,Threes,Over,1.5,-200,64.60%,-6.30%,WIN,2.1,6,2.5,66.70%,Saturday,2026-06
2026-06-06,Chelsea Gray,Threes,Over,1.5,-174,70.10%,18.10%,WIN,3.1,3,2.87,63.50%,Saturday,2026-06
2026-06-06,Chelsea Gray,Threes,Over,1.5,126,49.20%,8.90%,LOSS,1.8,0,-5,44.20%,Saturday,2026-06
2026-06-06,Chelsea Gray,Threes,Over,1.5,-122,58.20%,7.20%,WIN,2,2,4.1,55.00%,Saturday,2026-06
2026-06-06,Chelsea Gray,Threes,Over,1.5,118,58.90%,24.10%,WIN,2.5,2,5.9,45.90%,Saturday,2026-06
2026-06-06,Chelsea Gray,Threes,Under,2.5,-188,56.60%,-25.00%,WIN,2.4,2,2.66,65.30%,Saturday,2026-06
2026-06-06,Chelsea Gray,Threes,Under,1.5,-154,62.20%,4.00%,WIN,1.2,0,3.25,60.60%,Saturday,2026-06
2026-06-06,Chelsea Gray,Threes,Over,2.5,-114,53.00%,-0.70%,LOSS,2.8,2,-5,53.30%,Saturday,2026-06
2026-06-06,Chelsea Gray,Threes,Under,1.5,-132,56.90%,0.10%,LOSS,1.6,3,-5,56.90%,Saturday,2026-06
2026-06-06,Chelsea Gray,Threes,Over,1.5,135,46.60%,7.00%,WIN,1.7,2,6.75,42.60%,Saturday,2026-06
2026-06-06,Chelsea Gray,Threes,Over,0.5,-246,69.20%,-6.60%,WIN,1.1,1,2.03,71.10%,Saturday,2026-06
2026-06-06,Chelsea Gray,Threes,Over,2.5,-160,74.80%,34.40%,WIN,5.2,4,3.13,61.50%,Saturday,2026-06
2026-06-06,Chelsea Gray,Threes,Over,1.5,152,41.70%,3.30%,WIN,1.6,2,7.6,39.70%,Saturday,2026-06
2026-06-06,Chelsea Gray,Threes,Over,1.5,138,42.20%,0.30%,LOSS,1.6,0,-5,42.00%,Saturday,2026-06
2026-06-06,Chelsea Gray,Threes,Over,1.5,116,51.80%,10.20%,LOSS,1.8,1,-5,46.30%,Saturday,2026-06
2026-06-07,Chelsea Gray,Assists,Over,2.5,120,45.90%,0.80%,LOSS,2.6,2,-5,45.50%,Sunday,2026-06
2026-06-07,Chelsea Gray,Assists,Under,3.5,112,50.00%,5.30%,WIN,3.2,3,5.6,47.20%,Sunday,2026-06
2026-06-07,Chelsea Gray,Assists,Under,5.5,-148,64.10%,10.90%,WIN,3.8,4,3.38,59.70%,Sunday,2026-06
2026-06-07,Chelsea Gray,Assists,Under,3.5,-159,54.90%,-16.90%,WIN,3.4,3,3.14,61.40%,Sunday,2026-06
2026-06-07,Chelsea Gray,Assists,Over,4.5,-130,51.40%,-11.80%,LOSS,4.6,4,-5,56.50%,Sunday,2026-06
2026-06-07,Chelsea Gray,Assists,Over,2.5,114,46.90%,0.40%,LOSS,2.6,2,-5,46.70%,Sunday,2026-06
2026-06-07,Chelsea Gray,Assists,Over,5.5,-106,57.40%,12.30%,WIN,7.9,7,4.72,51.50%,Sunday,2026-06
2026-06-07,Chelsea Gray,Assists,Over,3.5,122,49.10%,7.30%,WIN,4.3,6,6.1,45.00%,Sunday,2026-06
2026-06-07,Chelsea Gray,Assists,Under,2.5,-168,55.00%,-20.70%,WIN,2.4,2,2.98,62.70%,Sunday,2026-06
2026-06-07,Chelsea Gray,Assists,Under,5.5,-132,57.60%,1.50%,WIN,5.3,3,3.79,56.90%,Sunday,2026-06
2026-06-07,Chelsea Gray,Points,Over,9.5,-130,53.20%,-7.60%,LOSS,10.8,6,-5,56.50%,Sunday,2026-06
2026-06-07,Chelsea Gray,Points,Over,8.5,-114,54.50%,2.50%,WIN,9.9,18,4.39,53.30%,Sunday,2026-06
2026-06-07,Chelsea Gray,Points,Under,13.5,-110,58.40%,12.70%,WIN,8,7,4.55,52.40%,Sunday,2026-06
2026-06-07,Chelsea Gray,Points,Under,18.5,-104,57.30%,12.80%,LOSS,13.6,25,-5,51.00%,Sunday,2026-06
2026-06-07,Chelsea Gray,Points,Under,8.5,-115,54.40%,2.00%,WIN,7.3,2,4.35,53.50%,Sunday,2026-06
2026-06-07,Chennedy Carter,Points,Under,14.5,-114,59.50%,13.30%,WIN,10.6,10,4.39,53.30%,Sunday,2026-06
2026-06-07,Chennedy Carter,Points,Over,15.5,-120,56.90%,5.30%,WIN,18.5,22,4.17,54.50%,Sunday,2026-06
2026-06-07,Chennedy Carter,Points,Under,10.5,-132,59.00%,4.80%,WIN,7.8,10,3.79,56.90%,Sunday,2026-06
2026-06-07,Chennedy Carter,Points,Over,8.5,-110,52.40%,0.10%,LOSS,9.5,6,-5,52.40%,Sunday,2026-06
2026-06-07,Chennedy Carter,Points,Under,13.5,-125,51.50%,-9.10%,WIN,13.4,9,4,55.60%,Sunday,2026-06
2026-06-07,Chennedy Carter,Points,Over,20.5,-128,59.90%,8.50%,LOSS,25.4,16,-5,56.10%,Sunday,2026-06
2026-06-07,Chennedy Carter,Points,Under,18.5,-122,58.20%,7.20%,WIN,14.8,9,4.1,55.00%,Sunday,2026-06
2026-06-07,Chennedy Carter,Points,Under,10.5,-133,58.30%,2.90%,LOSS,9.2,16,-5,57.10%,Sunday,2026-06
2026-06-07,Chennedy Carter,Points,Over,14.5,-118,58.60%,9.80%,WIN,18.5,20,4.24,54.10%,Sunday,2026-06
2026-06-07,Chennedy Carter,Points,Under,10.5,-117,56.30%,5.30%,LOSS,8.9,15,-5,53.90%,Sunday,2026-06
2026-06-07,Chennedy Carter,Points,Under,9.5,100,51.60%,3.30%,WIN,8.3,6,5,50.00%,Sunday,2026-06
2026-06-07,Chennedy Carter,Points,Under,15.5,-102,47.30%,-6.50%,WIN,15.3,7,4.9,50.50%,Sunday,2026-06
2026-06-07,Cheyenne Parker-Tyus,Pts + Asts,Over,11.5,-130,58.60%,4.80%,LOSS,13.7,8,-5,56.50%,Sunday,2026-06
2026-06-07,Cheyenne Parker-Tyus,Pts + Asts,Over,10.5,-105,53.90%,5.50%,WIN,12.3,18,4.76,51.20%,Sunday,2026-06
2026-06-07,Cheyenne Parker-Tyus,Pts + Asts,Under,16.5,-129,60.20%,8.80%,WIN,11.8,9,3.88,56.30%,Sunday,2026-06
2026-06-07,Courtney Vandersloot,Pts + Asts,Under,22.5,-106,56.90%,11.20%,LOSS,17.3,28,-5,51.50%,Sunday,2026-06
2026-06-07,Courtney Vandersloot,Pts + Asts,Over,10.5,-113,55.30%,4.90%,LOSS,8.7,2,-5,53.10%,Sunday,2026-06
2026-06-07,Courtney Vandersloot,Pts + Asts,Under,20.5,-130,62.20%,13.00%,WIN,14.2,14,3.85,56.50%,Sunday,2026-06
2026-06-07,Courtney Vandersloot,Pts + Asts,Over,20.5,-104,51.80%,1.70%,WIN,21.4,22,4.81,51.00%,Sunday,2026-06
2026-06-07,Courtney Vandersloot,Pts + Asts,Over,13.5,-108,53.70%,3.70%,LOSS,15.3,10,-5,51.90%,Sunday,2026-06
2026-06-07,Courtney Vandersloot,Pts + Asts,Under,16.5,-131,57.50%,1.80%,WIN,15.4,11,3.82,56.70%,Sunday,2026-06
2026-06-07,Courtney Vandersloot,Pts + Asts,Over,26.5,-118,57.50%,7.20%,LOSS,30.7,23,-5,54.10%,Sunday,2026-06
2026-06-07,Courtney Vandersloot,Pts + Asts,Under,21.5,-114,54.20%,2.00%,WIN,19.5,15,4.39,53.30%,Sunday,2026-06
2026-06-07,Courtney Vandersloot,Pts + Asts,Over,11.5,-128,56.50%,0.70%,WIN,9.2,16,3.91,56.10%,Sunday,2026-06
2026-06-07,Courtney Vandersloot,Pts + Asts,Over,16.5,-116,58.10%,9.50%,WIN,21.4,32,4.31,53.70%,Sunday,2026-06
2026-06-07,Courtney Vandersloot,Pts + Asts,Under,12.5,-108,47.80%,-8.50%,LOSS,9.9,16,-5,51.90%,Sunday,2026-06
2026-06-07,Courtney Vandersloot,Pts + Asts,Under,12.5,-128,48.40%,-17.70%,LOSS,9.6,13,-5,56.10%,Sunday,2026-06
2026-06-07,Courtney Vandersloot,Pts + Asts,Under,21.5,-114,53.50%,0.60%,WIN,20.9,10,4.39,53.30%,Sunday,2026-06
2026-06-07,Courtney Vandersloot,Pts + Rebs,Over,12.5,-133,58.60%,3.50%,LOSS,14.7,8,-5,57.10%,Sunday,2026-06
2026-06-07,Courtney Vandersloot,Pts + Rebs,Over,12.5,-128,60.00%,8.80%,WIN,16.6,28,3.91,56.10%,Sunday,2026-06
2026-06-07,Courtney Vandersloot,Pts + Rebs,Under,17.5,-122,58.80%,8.60%,WIN,12.9,14,4.1,55.00%,Sunday,2026-06
2026-06-07,Courtney Vandersloot,Pts + Rebs,Under,22.5,-108,59.50%,15.80%,LOSS,16.7,32,-5,51.90%,Sunday,2026-06
2026-06-07,Courtney Vandersloot,Pts + Rebs,Under,13.5,-130,52.00%,-10.40%,WIN,12.3,2,3.85,56.50%,Sunday,2026-06
2026-06-07,Courtney Vandersloot,Pts + Rebs,Under,16.5,-116,59.50%,12.50%,WIN,11.3,14,4.31,53.70%,Sunday,2026-06
2026-06-07,Courtney Vandersloot,Pts + Rebs,Over,23.5,-108,53.10%,2.40%,WIN,25.2,34,4.63,51.90%,Sunday,2026-06
2026-06-07,Courtney Vandersloot,Pts + Rebs,Under,14.5,-110,56.40%,8.40%,LOSS,11.8,18,-5,52.40%,Sunday,2026-06
2026-06-07,Courtney Vandersloot,Pts + Rebs,Over,10.5,-132,58.70%,4.10%,LOSS,13.1,7,-5,56.90%,Sunday,2026-06
2026-06-07,Courtney Vandersloot,Pts + Rebs,Under,22.5,-104,50.70%,-0.60%,WIN,28,17,4.81,51.00%,Sunday,2026-06
2026-06-07,Courtney Vandersloot,Pts + Rebs,Over,22.5,-122,57.80%,6.30%,LOSS,26.5,22,-5,55.00%,Sunday,2026-06
2026-06-07,Courtney Vandersloot,Pts + Rebs,Under,22.5,-120,59.90%,11.70%,WIN,18.1,13,4.17,54.50%,Sunday,2026-06
2026-06-07,Courtney Vandersloot,Pts + Rebs,Under,15.5,-118,58.60%,9.70%,LOSS,11.6,27,-5,54.10%,Sunday,2026-06
2026-06-07,Courtney Vandersloot,Pts + Rebs,Over,21.5,-130,60.80%,9.80%,WIN,26.5,37,3.85,56.50%,Sunday,2026-06
2026-06-07,Courtney Vandersloot,Pts + Rebs,Under,16.5,-130,58.70%,4.90%,LOSS,13.3,21,-5,56.50%,Sunday,2026-06
2026-06-07,Courtney Vandersloot,Pts + Rebs,Under,14.5,-106,55.70%,8.70%,WIN,11.6,8,4.72,51.50%,Sunday,2026-06
2026-06-07,Courtney Vandersloot,Pts + Rebs,Under,19.5,-112,53.50%,1.50%,WIN,18.5,8,4.46,52.80%,Sunday,2026-06
2026-06-07,Courtney Vandersloot,Rebs + Asts,Under,7.5,102,52.20%,5.20%,LOSS,6.3,10,-5,49.50%,Sunday,2026-06
2026-06-07,Courtney Vandersloot,Rebs + Asts,Under,7.5,-144,59.10%,0.20%,LOSS,5.2,8,-5,59.00%,Sunday,2026-06
2026-06-07,Courtney Vandersloot,Rebs + Asts,Under,10.5,-122,55.90%,2.10%,LOSS,10,12,-5,55.00%,Sunday,2026-06
2026-06-07,Courtney Vandersloot,Rebs + Asts,Over,6.5,-141,57.00%,-3.70%,LOSS,6.7,5,-5,58.50%,Sunday,2026-06
2026-06-07,Courtney Vandersloot,Rebs + Asts,Over,11.5,-124,53.10%,-5.10%,LOSS,11.8,10,-5,55.40%,Sunday,2026-06
2026-06-07,Courtney Vandersloot,Rebs + Asts,Over,7.5,113,52.80%,11.00%,WIN,8.9,13,5.65,46.90%,Sunday,2026-06
2026-06-07,Courtney Vandersloot,Rebs + Asts,Under,7.5,-136,49.20%,-19.80%,LOSS,7.3,10,-5,57.60%,Sunday,2026-06
2026-06-07,Courtney Vandersloot,Rebs + Asts,Over,9.5,-110,52.60%,0.40%,WIN,10,19,4.55,52.40%,Sunday,2026-06
2026-06-07,Courtney Vandersloot,Rebs + Asts,Under,7.5,-121,56.00%,2.70%,WIN,6.3,7,4.13,54.80%,Sunday,2026-06
2026-06-07,Courtney Vandersloot,Rebs + Asts,Under,7.5,-152,59.30%,-2.50%,LOSS,5.1,9,-5,60.30%,Sunday,2026-06
2026-06-07,Courtney Vandersloot,Rebs + Asts,Over,8.5,-152,58.50%,-4.70%,LOSS,8.8,4,-5,60.30%,Sunday,2026-06
2026-06-07,Courtney Williams,Threes,Over,1.5,130,48.70%,9.20%,LOSS,1.8,0,-5,43.50%,Sunday,2026-06
2026-06-07,Courtney Williams,Threes,Under,2.5,-188,70.00%,13.60%,WIN,1.7,1,2.66,65.30%,Sunday,2026-06
2026-06-07,Courtney Williams,Threes,Under,1.5,-200,72.70%,18.00%,WIN,0.64,0,2.5,66.70%,Sunday,2026-06
2026-06-07,Courtney Williams,Threes,Under,1.5,-220,64.70%,-13.00%,WIN,1.1,0,2.27,68.80%,Sunday,2026-06
2026-06-07,Courtney Williams,Threes,Over,0.5,-216,72.80%,14.00%,WIN,1.6,2,2.31,68.40%,Sunday,2026-06
2026-06-07,Courtney Williams,Threes,Under,2.5,-162,57.70%,-10.90%,WIN,2.3,1,3.09,61.80%,Sunday,2026-06
2026-06-07,Courtney Williams,Threes,Under,2.5,106,63.10%,28.30%,WIN,1.4,1,5.3,48.50%,Sunday,2026-06
2026-06-07,Courtney Williams,Threes,Over,0.5,-207,54.40%,-40.10%,LOSS,0.65,0,-5,67.40%,Sunday,2026-06
2026-06-07,Courtney Williams,Threes,Under,1.5,-186,64.50%,-1.60%,WIN,1.3,1,2.69,65.00%,Sunday,2026-06
2026-06-07,Courtney Williams,Threes,Under,1.5,-245,64.60%,-22.10%,WIN,1.2,0,2.04,71.00%,Sunday,2026-06
2026-06-08,Courtney Williams,Assists,Under,3.5,-192,57.60%,-23.80%,LOSS,3.4,9,-5,65.80%,Monday,2026-06
2026-06-08,Courtney Williams,Assists,Over,2.5,116,48.70%,4.50%,WIN,3.2,3,5.8,46.30%,Monday,2026-06
2026-06-08,Courtney Williams,Assists,Under,2.5,122,47.20%,4.00%,LOSS,2.3,3,-5,45.00%,Monday,2026-06
2026-06-08,Courtney Williams,Assists,Over,7.5,-144,63.20%,10.30%,LOSS,9.7,5,-5,59.00%,Monday,2026-06
2026-06-08,Courtney Williams,Assists,Over,6.5,-120,57.40%,6.30%,WIN,7.8,8,4.17,54.50%,Monday,2026-06
2026-06-08,Courtney Williams,Assists,Under,6.5,-154,53.50%,-18.00%,WIN,6.4,6,3.25,60.60%,Monday,2026-06
2026-06-08,Courtney Williams,Assists,Over,2.5,108,50.00%,3.70%,WIN,3.1,3,5.4,48.10%,Monday,2026-06
2026-06-08,Courtney Williams,Assists,Under,4.5,118,51.30%,10.10%,WIN,3.5,7,5.9,45.90%,Monday,2026-06
2026-06-08,Courtney Williams,Assists,Over,2.5,-118,52.10%,-9.30%,WIN,2.9,3,4.24,54.10%,Monday,2026-06
2026-06-08,Courtney Williams,Assists,Under,3.5,126,48.00%,6.80%,LOSS,3.1,5,-5,44.20%,Monday,2026-06
2026-06-08,Courtney Williams,Assists,Under,4.5,-158,62.10%,2.20%,WIN,3.9,4,3.16,61.20%,Monday,2026-06
2026-06-08,Courtney Williams,Assists,Under,3.5,-172,64.40%,3.30%,WIN,2.8,3,2.91,63.20%,Monday,2026-06
2026-06-08,Courtney Williams,Assists,Under,2.5,-138,59.10%,2.60%,LOSS,2,4,-5,58.00%,Monday,2026-06
2026-06-08,Courtney Williams,Assists,Under,4.5,-132,62.80%,13.70%,LOSS,2.6,5,-5,56.90%,Monday,2026-06
2026-06-08,Courtney Williams,Points,Over,25.5,-115,56.30%,6.00%,WIN,28.8,34,4.35,53.50%,Monday,2026-06
2026-06-08,Courtney Williams,Points,Under,9.5,-131,60.00%,7.60%,LOSS,6.2,15,-5,56.70%,Monday,2026-06
2026-06-08,Courtney Williams,Points,Over,14.5,102,51.20%,3.30%,LOSS,15.4,14,-5,49.50%,Monday,2026-06
2026-06-08,Courtney Williams,Points,Under,9.5,-135,57.10%,-0.90%,LOSS,9,16,-5,57.40%,Monday,2026-06
2026-06-08,Courtney Williams,Points,Under,19.5,-122,51.00%,-8.70%,LOSS,19.2,28,-5,55.00%,Monday,2026-06
2026-06-08,Courtney Williams,Points,Over,17.4,-125,54.50%,-2.40%,WIN,18.7,19,4,55.60%,Monday,2026-06
2026-06-08,Courtney Williams,Points,Under,11.5,-110,53.80%,2.90%,LOSS,10.2,12,-5,52.40%,Monday,2026-06
2026-06-08,Courtney Williams,Points,Under,8.5,-120,58.80%,9.40%,LOSS,4.6,10,-5,54.50%,Monday,2026-06
2026-06-08,Courtney Williams,Points,Under,9.5,-135,57.50%,0.10%,LOSS,8.7,19,-5,57.40%,Monday,2026-06
2026-06-08,Courtney Williams,Points,Under,11.5,-128,50.20%,-13.50%,LOSS,11.4,13,-5,56.10%,Monday,2026-06
2026-06-08,Courtney Williams,Points,Over,17.5,-110,51.30%,-2.30%,WIN,18.3,29,4.55,52.40%,Monday,2026-06
2026-06-08,Courtney Williams,Points,Over,6.5,-118,56.40%,5.00%,LOSS,9.3,6,-5,54.10%,Monday,2026-06
2026-06-08,Courtney Williams,Points,Over,7.5,-122,56.30%,3.10%,LOSS,9.6,5,-5,55.00%,Monday,2026-06
2026-06-08,Courtney Williams,Points,Over,18.5,-128,57.60%,3.40%,LOSS,23.1,15,-5,56.10%,Monday,2026-06
2026-06-08,Courtney Williams,Points,Over,13.5,-118,55.80%,3.60%,LOSS,15.6,2,-5,54.10%,Monday,2026-06
2026-06-08,Courtney Williams,Points,Under,12.5,-118,57.10%,6.60%,WIN,9.9,7,4.24,54.10%,Monday,2026-06
2026-06-08,Courtney Williams,Points,Over,7.5,-120,49.80%,-10.50%,LOSS,7.6,5,-5,54.50%,Monday,2026-06
2026-06-08,Courtney Williams,Points,Under,5.5,-122,48.30%,-14.70%,LOSS,5.3,8,-5,55.00%,Monday,2026-06
2026-06-08,Courtney Williams,Points,Under,10.5,-106,54.40%,6.10%,WIN,8.7,7,4.72,51.50%,Monday,2026-06
2026-06-08,Courtney Williams,Points,Under,6.5,-106,53.30%,3.80%,WIN,5.2,4,4.72,51.50%,Monday,2026-06
2026-06-08,Courtney Williams,Points,Under,10.5,-130,58.20%,3.90%,LOSS,8.2,16,-5,56.50%,Monday,2026-06
2026-06-08,Courtney Williams,Points,Over,12.5,-110,51.50%,-1.90%,WIN,12.8,17,4.55,52.40%,Monday,2026-06
2026-06-08,Courtney Williams,Points,Over,9.5,-128,62.50%,14.50%,LOSS,14.9,6,-5,56.10%,Monday,2026-06
2026-06-08,Courtney Williams,Points,Under,8.5,-113,53.50%,0.90%,LOSS,7.6,12,-5,53.10%,Monday,2026-06
2026-06-08,Courtney Williams,Points,Under,14.5,100,49.10%,-1.80%,WIN,14.2,10,5,50.00%,Monday,2026-06
2026-06-08,Courtney Williams,Points,Over,14.5,-128,56.00%,-0.30%,LOSS,16.5,12,-5,56.10%,Monday,2026-06
2026-06-08,Courtney Williams,Points,Over,7.5,-104,53.80%,5.70%,WIN,9.8,8,4.81,51.00%,Monday,2026-06
2026-06-08,Courtney Williams,Pts + Asts,Over,28.5,-122,50.40%,-10.10%,WIN,28.6,43,4.1,55.00%,Monday,2026-06
2026-06-08,Courtney Williams,Pts + Asts,Over,16.5,-112,55.40%,5.40%,WIN,18.9,17,4.46,52.80%,Monday,2026-06
2026-06-08,Courtney Williams,Pts + Asts,Under,22.5,-108,52.30%,0.70%,LOSS,22.4,31,-5,51.90%,Monday,2026-06
2026-06-08,Courtney Williams,Pts + Asts,Over,26.5,-102,52.70%,4.40%,LOSS,28.7,24,-5,50.50%,Monday,2026-06
2026-06-08,Courtney Williams,Pts + Asts,Under,18.5,-114,55.20%,4.10%,LOSS,16.5,20,-5,53.30%,Monday,2026-06
2026-06-08,Courtney Williams,Pts + Asts,Over,23.5,-125,51.70%,-8.70%,WIN,24.8,35,4,55.60%,Monday,2026-06
2026-06-08,Courtney Williams,Pts + Asts,Over,21.5,-112,56.20%,7.10%,LOSS,25.5,18,-5,52.80%,Monday,2026-06
2026-06-08,Courtney Williams,Pts + Asts,Under,17.5,-110,56.60%,8.80%,WIN,13.4,17,4.55,52.40%,Monday,2026-06
2026-06-08,Courtney Williams,Pts + Asts,Under,13.5,-118,54.40%,0.60%,WIN,12.9,10,4.24,54.10%,Monday,2026-06
2026-06-08,Courtney Williams,Pts + Asts,Under,16.5,-112,54.40%,3.40%,LOSS,15.4,22,-5,52.80%,Monday,2026-06
2026-06-08,Courtney Williams,Pts + Asts,Over,14.5,-108,56.70%,10.00%,LOSS,18.6,10,-5,51.90%,Monday,2026-06
2026-06-08,Courtney Williams,Pts + Asts,Over,11.5,-130,56.80%,0.50%,WIN,10.9,15,3.85,56.50%,Monday,2026-06
2026-06-08,Courtney Williams,Pts + Asts,Under,17.5,-112,54.30%,3.10%,WIN,16.1,14,4.46,52.80%,Monday,2026-06
2026-06-08,Courtney Williams,Pts + Asts,Under,19.5,-118,48.70%,-11.90%,WIN,19,17,4.24,54.10%,Monday,2026-06
2026-06-08,Courtney Williams,Pts + Rebs,Under,35.5,-118,54.80%,1.50%,LOSS,34,46,-5,54.10%,Monday,2026-06
2026-06-08,Courtney Williams,Pts + Rebs,Over,21.5,-120,57.70%,6.90%,WIN,24.7,24,4.17,54.50%,Monday,2026-06
2026-06-08,Courtney Williams,Pts + Rebs,Over,14.5,100,51.30%,2.70%,WIN,14.9,19,5,50.00%,Monday,2026-06
2026-06-08,Courtney Williams,Pts + Rebs,Under,27.5,-122,56.00%,2.30%,LOSS,26.3,37,-5,55.00%,Monday,2026-06
2026-06-08,Courtney Williams,Pts + Rebs,Over,22.5,-106,52.70%,2.60%,LOSS,23.6,22,-5,51.50%,Monday,2026-06
2026-06-08,Courtney Williams,Pts + Rebs,Under,15.5,-114,51.70%,-3.50%,LOSS,14.4,17,-5,53.30%,Monday,2026-06
2026-06-08,Courtney Williams,Pts + Rebs,Under,10.5,-106,48.30%,-6.40%,LOSS,6.7,12,-5,51.50%,Monday,2026-06
2026-06-08,Courtney Williams,Pts + Rebs,Over,14.5,-106,52.40%,2.00%,WIN,14.6,24,4.72,51.50%,Monday,2026-06
2026-06-08,Courtney Williams,Pts + Rebs,Over,16.5,-112,51.10%,-3.60%,LOSS,16.6,15,-5,52.80%,Monday,2026-06
2026-06-08,Courtney Williams,Pts + Rebs,Under,22.5,-132,49.30%,-17.70%,LOSS,22.2,32,-5,56.90%,Monday,2026-06
2026-06-08,Courtney Williams,Pts + Rebs,Over,10.5,-114,56.30%,6.50%,LOSS,13.7,7,-5,53.30%,Monday,2026-06
2026-06-08,Courtney Williams,Pts + Rebs,Over,22.5,-122,56.80%,4.00%,LOSS,24.9,4,-5,55.00%,Monday,2026-06
2026-06-08,Courtney Williams,Pts + Rebs,Under,15.5,-110,55.30%,6.00%,WIN,12.1,7,4.55,52.40%,Monday,2026-06
2026-06-08,Courtney Williams,Pts + Rebs,Over,9.5,104,52.10%,6.00%,WIN,9.5,11,5.2,49.00%,Monday,2026-06
2026-06-08,Courtney Williams,Pts + Rebs,Over,12.5,-125,55.70%,0.40%,LOSS,13.1,12,-5,55.60%,Monday,2026-06
2026-06-08,Courtney Williams,Pts + Rebs,Under,12.5,-131,57.70%,2.40%,WIN,9.4,6,3.82,56.70%,Monday,2026-06
2026-06-08,Courtney Williams,Pts + Rebs,Under,16.5,100,53.00%,6.00%,LOSS,13.5,25,-5,50.00%,Monday,2026-06
2026-06-08,Courtney Williams,Pts + Rebs,Over,13.5,100,54.80%,9.50%,LOSS,17.4,9,-5,50.00%,Monday,2026-06
2026-06-08,Courtney Williams,Pts + Rebs,Under,23.5,-125,57.60%,4.50%,WIN,21.1,19,4,55.60%,Monday,2026-06
2026-06-08,Courtney Williams,Pts + Rebs,Over,17.5,-130,58.90%,5.40%,LOSS,20,12,-5,56.50%,Monday,2026-06
2026-06-08,Courtney Williams,Rebs + Asts,Under,12.5,104,52.10%,6.00%,LOSS,12.1,21,-5,49.00%,Monday,2026-06
2026-06-08,Courtney Williams,Rebs + Asts,Over,9.5,-146,63.30%,9.70%,WIN,11.7,13,3.42,59.30%,Monday,2026-06
2026-06-08,Courtney Williams,Rebs + Asts,Under,10.5,110,55.30%,14.60%,LOSS,9.2,12,-5,47.60%,Monday,2026-06
2026-06-08,Courtney Williams,Rebs + Asts,Over,12.5,-104,51.90%,1.80%,LOSS,13.5,8,-5,51.00%,Monday,2026-06
2026-06-08,Courtney Williams,Rebs + Asts,Over,10.5,-114,54.70%,3.00%,WIN,11.1,13,4.39,53.30%,Monday,2026-06
2026-06-08,Courtney Williams,Rebs + Asts,Over,10.5,-130,52.00%,-10.50%,LOSS,10.6,9,-5,56.50%,Monday,2026-06
2026-06-08,Courtney Williams,Rebs + Asts,Under,7.5,-102,52.90%,4.80%,WIN,5.9,7,4.9,50.50%,Monday,2026-06
2026-06-08,Courtney Williams,Rebs + Asts,Over,4.5,-138,63.40%,13.00%,WIN,6,7,3.62,58.00%,Monday,2026-06
2026-06-08,Courtney Williams,Rebs + Asts,Under,7.5,-130,49.10%,-17.20%,WIN,7.1,7,3.85,56.50%,Monday,2026-06
2026-06-08,Courtney Williams,Rebs + Asts,Under,10.5,-130,61.90%,12.30%,LOSS,9,13,-5,56.50%,Monday,2026-06
2026-06-08,Courtney Williams,Rebs + Asts,Under,7.5,-122,56.10%,2.60%,WIN,6.1,5,4.1,55.00%,Monday,2026-06
2026-06-08,Courtney Williams,Threes,Under,1.5,-245,64.60%,-22.30%,LOSS,1.2,3,-5,71.00%,Monday,2026-06
2026-06-08,Courtney Williams,Threes,Under,0.5,194,42.00%,12.20%,LOSS,0.43,1,-5,34.00%,Monday,2026-06
2026-06-08,Courtney Williams,Threes,Over,2.5,108,50.30%,4.40%,WIN,2.8,4,5.4,48.10%,Monday,2026-06
2026-06-08,Courtney Williams,Threes,Over,1.5,-130,58.10%,3.70%,LOSS,1.8,1,-5,56.50%,Monday,2026-06
2026-06-08,Courtney Williams,Threes,Over,1.5,140,46.60%,8.50%,LOSS,1.7,1,-5,41.70%,Monday,2026-06
2026-06-08,Courtney Williams,Threes,Over,1.5,-144,66.80%,19.10%,WIN,2.6,4,3.47,59.00%,Monday,2026-06
2026-06-08,Courtney Williams,Threes,Over,1.5,-120,61.30%,14.80%,LOSS,2.3,1,-5,54.50%,Monday,2026-06
2026-06-08,Courtney Williams,Threes,Under,2.5,-210,64.60%,-9.70%,WIN,2.1,1,2.38,67.70%,Monday,2026-06
2026-06-08,Courtney Williams,Threes,Under,1.5,-220,73.90%,16.50%,WIN,0.64,1,2.27,68.80%,Monday,2026-06
2026-06-08,Courtney Williams,Threes,Under,1.5,-245,64.80%,-21.60%,WIN,1.1,1,2.04,71.00%,Monday,2026-06
2026-06-08,Courtney Williams,Threes,Over,2.5,-128,51.00%,-11.70%,LOSS,2.6,1,-5,56.10%,Monday,2026-06
2026-06-08,Courtney Williams,Threes,Under,1.5,102,54.30%,9.40%,LOSS,1.5,4,-5,49.50%,Monday,2026-06
2026-06-08,Courtney Williams,Threes,Over,1.5,162,41.60%,5.60%,WIN,1.6,2,8.1,38.20%,Monday,2026-06
2026-06-08,Courtney Williams,Threes,Under,1.5,-220,63.70%,-16.20%,LOSS,1.4,2,-5,68.80%,Monday,2026-06
2026-06-09,Courtney Williams,Assists,Over,7.5,-144,53.10%,-14.40%,WIN,7.7,9,3.47,59.00%,Tuesday,2026-06
2026-06-09,Courtney Williams,Assists,Under,3.5,-192,59.90%,-17.00%,LOSS,3.4,4,-5,65.80%,Tuesday,2026-06
2026-06-09,Courtney Williams,Assists,Over,3.5,-152,62.50%,5.40%,LOSS,5,2,-5,60.30%,Tuesday,2026-06
2026-06-09,Courtney Williams,Assists,Under,4.5,-130,50.80%,-13.10%,WIN,4.4,4,3.85,56.50%,Tuesday,2026-06
2026-06-09,Courtney Williams,Assists,Over,6.5,-106,52.10%,1.40%,LOSS,7.3,6,-5,51.50%,Tuesday,2026-06
2026-06-09,Courtney Williams,Assists,Under,4.5,-154,62.60%,5.00%,WIN,3.8,4,3.25,60.60%,Tuesday,2026-06
2026-06-09,Courtney Williams,Assists,Over,6.5,110,51.10%,6.70%,LOSS,7.5,6,-5,47.60%,Tuesday,2026-06
2026-06-09,Courtney Williams,Assists,Over,6.5,122,46.40%,2.40%,LOSS,6.8,2,-5,45.00%,Tuesday,2026-06
2026-06-09,Courtney Williams,Assists,Over,3.5,142,47.40%,10.30%,WIN,4.4,5,7.1,41.30%,Tuesday,2026-06
2026-06-09,Courtney Williams,Assists,Over,5.5,-102,50.80%,0.50%,LOSS,5.7,3,-5,50.50%,Tuesday,2026-06
2026-06-09,Courtney Williams,Assists,Over,6.5,116,50.50%,7.80%,WIN,7.7,8,5.8,46.30%,Tuesday,2026-06
2026-06-09,Courtney Williams,Points,Over,19.5,-102,51.10%,1.20%,LOSS,19.5,14,-5,50.50%,Tuesday,2026-06
2026-06-09,Courtney Williams,Points,Under,15.5,-110,53.90%,3.20%,LOSS,14.2,22,-5,52.40%,Tuesday,2026-06
2026-06-09,Courtney Williams,Points,Under,13.5,-104,48.20%,-5.70%,LOSS,13.4,17,-5,51.00%,Tuesday,2026-06
2026-06-09,Courtney Williams,Points,Over,14.5,-114,54.50%,2.70%,WIN,16.1,16,4.39,53.30%,Tuesday,2026-06
2026-06-09,Courtney Williams,Points,Over,10.5,-125,50.40%,11.70%,LOSS,10.8,8,-5,55.60%,Tuesday,2026-06
2026-06-09,Courtney Williams,Points,Under,14.5,-128,53.90%,-5.20%,WIN,13.1,6,3.91,56.10%,Tuesday,2026-06
2026-06-09,Courtney Williams,Points,Over,8.5,-128,59.40%,7.40%,LOSS,11.9,0,-5,56.10%,Tuesday,2026-06
2026-06-09,Courtney Williams,Points,Under,16.5,-106,52.10%,1.20%,WIN,16.2,16,4.72,51.50%,Tuesday,2026-06
2026-06-09,Courtney Williams,Points,Over,14.5,-106,50.00%,-3.00%,WIN,14.5,25,4.72,51.50%,Tuesday,2026-06
2026-06-09,Courtney Williams,Points,Over,6.5,-126,53.30%,-5.50%,LOSS,7,6,-5,55.80%,Tuesday,2026-06
2026-06-09,Courtney Williams,Points,Over,13.5,-102,51.30%,1.70%,LOSS,14.2,11,-5,50.50%,Tuesday,2026-06
2026-06-09,Courtney Williams,Points,Under,12.5,-120,57.50%,6.60%,WIN,10.3,12,4.17,54.50%,Tuesday,2026-06
2026-06-09,Courtney Williams,Points,Over,11.5,-122,49.30%,-12.50%,WIN,11.7,14,4.1,55.00%,Tuesday,2026-06
2026-06-09,Courtney Williams,Points,Under,18.5,-120,57.70%,6.80%,WIN,15.6,9,4.17,54.50%,Tuesday,2026-06
2026-06-09,Courtney Williams,Points,Under,12.5,-110,53.70%,2.70%,LOSS,11.8,13,-5,52.40%,Tuesday,2026-06
2026-06-09,Courtney Williams,Points,Over,13.5,-104,51.50%,1.00%,WIN,14.1,22,4.81,51.00%,Tuesday,2026-06
2026-06-09,Courtney Williams,Points,Under,10.5,-135,58.70%,3.00%,LOSS,9,12,-5,57.40%,Tuesday,2026-06
2026-06-09,Courtney Williams,Points,Over,8.5,-112,53.10%,0.50%,WIN,9.7,18,4.46,52.80%,Tuesday,2026-06
2026-06-09,Courtney Williams,Points,Under,15.5,-110,56.50%,8.60%,LOSS,12.4,21,-5,52.40%,Tuesday,2026-06
2026-06-09,Courtney Williams,Points,Under,9.5,-104,51.90%,1.90%,WIN,8.5,9,4.81,51.00%,Tuesday,2026-06
2026-06-09,Courtney Williams,Points,Under,8.5,-106,53.50%,4.20%,WIN,7.1,6,4.72,51.50%,Tuesday,2026-06
2026-06-09,Courtney Williams,Points,Over,16.5,-104,55.10%,8.40%,WIN,19.4,24,4.81,51.00%,Tuesday,2026-06
2026-06-09,Courtney Williams,Points,Over,18.5,-125,51.60%,-9.00%,WIN,19,23,4,55.60%,Tuesday,2026-06
2026-06-09,Courtney Williams,Points,Over,17.5,-114,52.60%,-1.40%,LOSS,17.9,17,-5,53.30%,Tuesday,2026-06
2026-06-09,Courtney Williams,Points,Under,15.5,-115,55.50%,4.40%,LOSS,13.9,17,-5,53.50%,Tuesday,2026-06
2026-06-09,Courtney Williams,Points,Over,12.5,-102,52.20%,3.50%,WIN,13.2,25,4.9,50.50%,Tuesday,2026-06
2026-06-09,Courtney Williams,Pts + Asts,Under,23.5,-102,52.30%,3.70%,LOSS,23.1,31,-5,50.50%,Tuesday,2026-06
2026-06-09,Courtney Williams,Pts + Asts,Over,16.5,-136,56.10%,-3.70%,WIN,17.9,21,3.68,57.60%,Tuesday,2026-06
2026-06-09,Courtney Williams,Pts + Asts,Over,20.5,-122,53.90%,-2.30%,LOSS,21.7,18,-5,55.00%,Tuesday,2026-06
2026-06-09,Courtney Williams,Pts + Asts,Under,16.5,100,52.30%,4.70%,WIN,14.9,16,5,50.00%,Tuesday,2026-06
2026-06-09,Courtney Williams,Pts + Asts,Over,18.5,-114,53.40%,0.30%,WIN,19.2,20,4.39,53.30%,Tuesday,2026-06
2026-06-09,Courtney Williams,Pts + Asts,Over,12.5,-118,56.50%,5.20%,WIN,14.1,22,4.24,54.10%,Tuesday,2026-06
2026-06-09,Courtney Williams,Pts + Asts,Over,22.5,-118,56.60%,5.30%,WIN,25.4,30,4.24,54.10%,Tuesday,2026-06
2026-06-09,Courtney Williams,Pts + Asts,Under,25.5,-122,52.80%,-4.80%,WIN,25.1,25,4.1,55.00%,Tuesday,2026-06
2026-06-09,Courtney Williams,Pts + Asts,Over,20.5,-122,57.30%,5.20%,WIN,23.6,22,4.1,55.00%,Tuesday,2026-06
2026-06-09,Courtney Williams,Pts + Asts,Under,21.5,-130,54.00%,-5.90%,WIN,20.8,20,3.85,56.50%,Tuesday,2026-06
2026-06-09,Courtney Williams,Pts + Asts,Over,18.5,-118,55.30%,2.60%,WIN,20.2,33,4.24,54.10%,Tuesday,2026-06
2026-06-09,Courtney Williams,Pts + Rebs,Over,22.5,-130,57.90%,3.20%,LOSS,25.3,18,-5,56.50%,Tuesday,2026-06
2026-06-09,Courtney Williams,Pts + Rebs,Under,24.5,-120,55.20%,1.30%,LOSS,23.3,30,-5,54.50%,Tuesday,2026-06
2026-06-09,Courtney Williams,Pts + Rebs,Over,25.5,-118,53.90%,-0.60%,WIN,26.7,34,4.24,54.10%,Tuesday,2026-06
2026-06-09,Courtney Williams,Pts + Rebs,Under,17.5,-122,55.20%,0.50%,WIN,17.1,15,4.1,55.00%,Tuesday,2026-06
2026-06-09,Courtney Williams,Pts + Rebs,Under,22.5,-122,48.00%,-15.50%,LOSS,21.7,24,-5,55.00%,Tuesday,2026-06
2026-06-09,Courtney Williams,Pts + Rebs,Over,18.5,-114,48.20%,-10.80%,WIN,19.8,29,4.39,53.30%,Tuesday,2026-06
2026-06-09,Courtney Williams,Pts + Rebs,Over,17.5,-110,55.40%,6.30%,LOSS,18.4,16,-5,52.40%,Tuesday,2026-06
2026-06-09,Courtney Williams,Pts + Rebs,Under,23.5,-118,59.90%,12.60%,WIN,18.6,21,4.24,54.10%,Tuesday,2026-06
2026-06-09,Courtney Williams,Pts + Rebs,Under,15.5,-118,47.10%,-15.30%,WIN,15,15,4.24,54.10%,Tuesday,2026-06
2026-06-09,Courtney Williams,Pts + Rebs,Under,21.5,-125,60.60%,11.30%,WIN,17.5,13,4,55.60%,Tuesday,2026-06
2026-06-09,Courtney Williams,Pts + Rebs,Under,21.5,-102,54.10%,6.40%,WIN,20.4,15,4.9,50.50%,Tuesday,2026-06
2026-06-09,Courtney Williams,Pts + Rebs,Over,17.5,-114,54.30%,2.10%,WIN,18,27,4.39,53.30%,Tuesday,2026-06
2026-06-09,Courtney Williams,Pts + Rebs,Over,15.5,-122,55.40%,1.00%,WIN,17.2,16,4.1,55.00%,Tuesday,2026-06
2026-06-09,Courtney Williams,Pts + Rebs,Over,11.5,-124,56.10%,1.60%,WIN,13.1,24,4.03,55.40%,Tuesday,2026-06
2026-06-09,Courtney Williams,Pts + Rebs,Under,22.5,-115,59.20%,12.30%,LOSS,19.5,25,-5,53.50%,Tuesday,2026-06
2026-06-09,Courtney Williams,Pts + Rebs,Under,18.5,-102,54.90%,8.90%,LOSS,14.5,19,-5,50.50%,Tuesday,2026-06
2026-06-09,Courtney Williams,Pts + Rebs,Under,15.5,-132,58.20%,3.10%,WIN,12.1,14,3.79,56.90%,Tuesday,2026-06
2026-06-09,Courtney Williams,Pts + Rebs,Over,21.5,-108,54.30%,4.90%,WIN,23,31,4.63,51.90%,Tuesday,2026-06
2026-06-09,Courtney Williams,Pts + Rebs,Over,22.5,-112,54.00%,2.40%,WIN,22.9,24,4.46,52.80%,Tuesday,2026-06
2026-06-09,Courtney Williams,Pts + Rebs,Over,20.5,-128,57.30%,2.70%,LOSS,22.5,20,-5,56.10%,Tuesday,2026-06
2026-06-09,Courtney Williams,Pts + Rebs,Under,18.5,-106,48.50%,-6.20%,LOSS,18.1,20,-5,51.50%,Tuesday,2026-06
2026-06-09,Courtney Williams,Pts + Rebs,Over,15.5,-114,56.50%,6.90%,WIN,19.5,28,4.39,53.30%,Tuesday,2026-06
2026-06-09,Courtney Williams,Rebs + Asts,Under,16.5,-122,56.40%,3.20%,LOSS,15.2,17,-5,55.00%,Tuesday,2026-06
2026-06-09,Courtney Williams,Rebs + Asts,Over,14.5,-136,59.80%,5.10%,WIN,16.4,21,3.68,57.60%,Tuesday,2026-06
2026-06-09,Courtney Williams,Rebs + Asts,Over,9.5,104,51.90%,5.60%,WIN,10.5,10,5.2,49.00%,Tuesday,2026-06
2026-06-09,Courtney Williams,Rebs + Asts,Under,15.5,-120,57.30%,6.00%,WIN,14.7,13,4.17,54.50%,Tuesday,2026-06
2026-06-09,Dearica Hamby,Rebs + Asts,Over,9.5,-148,56.70%,-7.40%,LOSS,10.2,7,-5,59.70%,Tuesday,2026-06
2026-06-09,Dearica Hamby,Rebs + Asts,Under,7.5,-114,49.10%,-8.90%,LOSS,7.2,10,-5,53.30%,Tuesday,2026-06
2026-06-09,Dearica Hamby,Rebs + Asts,Over,11.5,100,52.10%,4.20%,WIN,12.2,13,5,50.00%,Tuesday,2026-06
2026-06-09,Dearica Hamby,Rebs + Asts,Over,9.5,-118,54.40%,0.50%,LOSS,10.1,3,-5,54.10%,Tuesday,2026-06
2026-06-09,Dearica Hamby,Rebs + Asts,Over,6.5,-102,55.50%,10.10%,WIN,7.7,8,4.9,50.50%,Tuesday,2026-06
2026-06-09,Dearica Hamby,Rebs + Asts,Over,8.5,-125,55.70%,0.30%,LOSS,8.8,6,-5,55.60%,Tuesday,2026-06
2026-06-09,Dearica Hamby,Rebs + Asts,Over,9.5,-106,56.70%,10.80%,WIN,11.5,11,4.72,51.50%,Tuesday,2026-06
2026-06-09,Dearica Hamby,Threes,Over,1.5,-162,65.90%,10.80%,LOSS,2.3,0,-5,61.80%,Tuesday,2026-06
2026-06-09,Dearica Hamby,Threes,Over,1.5,-154,54.00%,-16.80%,WIN,1.8,2,3.25,60.60%,Tuesday,2026-06
2026-06-09,Dearica Hamby,Threes,Under,1.5,-245,75.10%,14.10%,WIN,0.66,0,2.04,71.00%,Tuesday,2026-06
2026-06-09,Dearica Hamby,Threes,Under,1.5,-102,54.40%,8.00%,LOSS,1.3,2,-5,50.50%,Tuesday,2026-06
2026-06-09,Dearica Hamby,Threes,Over,1.5,-114,59.40%,13.10%,LOSS,2.2,0,-5,53.30%,Tuesday,2026-06
2026-06-09,Dearica Hamby,Threes,Over,1.5,108,50.10%,3.90%,LOSS,1.7,0,-5,48.10%,Tuesday,2026-06
2026-06-09,Dearica Hamby,Threes,Over,1.5,-144,64.90%,14.30%,WIN,2.3,3,3.47,59.00%,Tuesday,2026-06
2026-06-09,Dearica Hamby,Threes,Over,2.5,158,45.20%,10.40%,LOSS,3.1,2,-5,38.80%,Tuesday,2026-06
2026-06-09,Dearica Hamby,Threes,Under,1.5,104,62.10%,25.60%,WIN,0.69,1,5.2,49.00%,Tuesday,2026-06
2026-06-09,Dearica Hamby,Threes,Over,1.5,-136,54.00%,-8.50%,WIN,1.8,4,3.68,57.60%,Tuesday,2026-06
2026-06-09,Dearica Hamby,Threes,Over,1.5,118,57.50%,21.50%,WIN,2.5,2,5.9,45.90%,Tuesday,2026-06
2026-06-09,Dearica Hamby,Threes,Over,1.5,118,48.90%,5.60%,LOSS,1.7,0,-5,45.90%,Tuesday,2026-06
2026-06-09,Dearica Hamby,Threes,Over,1.5,110,50.00%,4.60%,WIN,1.7,3,5.5,47.60%,Tuesday,2026-06
2026-06-09,Dearica Hamby,Threes,Over,2.5,-162,75.50%,35.90%,LOSS,5.4,1,-5,61.80%,Tuesday,2026-06
2026-06-09,Dearica Hamby,Threes,Under,1.5,-270,64.90%,-29.90%,LOSS,1.2,4,-5,73.00%,Tuesday,2026-06
2026-06-09,Dearica Hamby,Threes,Over,1.5,152,45.70%,9.90%,WIN,1.9,2,7.6,39.70%,Tuesday,2026-06
2026-06-10,Dearica Hamby,Assists,Over,2.5,158,42.10%,5.50%,WIN,2.9,3,7.9,38.80%,Wednesday,2026-06
2026-06-10,Dearica Hamby,Assists,Under,3.5,106,51.10%,5.00%,WIN,3.3,1,5.3,48.50%,Wednesday,2026-06
2026-06-10,Dearica Hamby,Assists,Over,2.5,-136,58.60%,2.30%,LOSS,3.5,0,-5,57.60%,Wednesday,2026-06
2026-06-10,Dearica Hamby,Assists,Under,4.5,-128,53.70%,-5.70%,WIN,4.3,1,3.91,56.10%,Wednesday,2026-06
2026-06-10,Dearica Hamby,Assists,Over,3.5,144,41.10%,0.10%,LOSS,3.6,3,-5,41.00%,Wednesday,2026-06
2026-06-10,Dearica Hamby,Assists,Over,6.5,120,51.50%,11.10%,WIN,8.3,11,6,45.50%,Wednesday,2026-06
2026-06-10,Dearica Hamby,Assists,Under,4.5,112,49.90%,5.20%,LOSS,4.1,7,-5,47.20%,Wednesday,2026-06
2026-06-10,Dearica Hamby,Assists,Under,4.5,-172,63.50%,0.70%,WIN,4,1,2.91,63.20%,Wednesday,2026-06
2026-06-10,Dearica Hamby,Assists,Under,4.5,-180,66.50%,6.30%,LOSS,3.6,5,-5,64.30%,Wednesday,2026-06
2026-06-10,Dearica Hamby,Assists,Over,2.5,-108,50.90%,-2.10%,LOSS,2.5,1,-5,51.90%,Wednesday,2026-06
2026-06-10,Dearica Hamby,Points,Under,10.5,-104,56.10%,10.40%,LOSS,6.8,24,-5,51.00%,Wednesday,2026-06
2026-06-10,Dearica Hamby,Points,Under,9.5,100,50.70%,1.30%,WIN,9.4,7,5,50.00%,Wednesday,2026-06
2026-06-10,Dearica Hamby,Points,Over,10.5,-108,45.30%,-13.80%,WIN,10.5,12,4.63,51.90%,Wednesday,2026-06
2026-06-10,Dearica Hamby,Points,Under,19.5,-114,59.50%,13.40%,LOSS,14,38,-5,53.30%,Wednesday,2026-06
2026-06-10,Dearica Hamby,Points,Under,7.5,-114,56.00%,5.90%,LOSS,6,15,-5,53.30%,Wednesday,2026-06
2026-06-10,Dearica Hamby,Points,Over,15.5,-104,56.00%,10.20%,LOSS,19.9,5,-5,51.00%,Wednesday,2026-06
2026-06-10,Dearica Hamby,Points,Under,9.5,-135,63.10%,13.40%,LOSS,5.7,11,-5,57.40%,Wednesday,2026-06
2026-06-10,Dearica Hamby,Points,Under,13.5,-120,59.10%,10.00%,LOSS,10.6,15,-5,54.50%,Wednesday,2026-06
2026-06-10,Dearica Hamby,Points,Over,8.5,-113,53.10%,0.00%,WIN,9.2,10,4.42,53.10%,Wednesday,2026-06
2026-06-10,Dearica Hamby,Points,Over,11.5,-120,55.00%,1.00%,WIN,12.4,14,4.17,54.50%,Wednesday,2026-06
2026-06-10,Dearica Hamby,Points,Under,7.5,-130,51.30%,-11.90%,WIN,7.2,4,3.85,56.50%,Wednesday,2026-06
2026-06-10,Dearica Hamby,Points,Over,20.5,-122,58.30%,7.30%,LOSS,24.7,19,-5,55.00%,Wednesday,2026-06
2026-06-10,Dearica Hamby,Points,Under,8.5,-130,56.80%,0.60%,LOSS,7.4,19,-5,56.50%,Wednesday,2026-06
2026-06-10,Dearica Hamby,Points,Under,11.5,-128,58.30%,4.90%,LOSS,9.7,24,-5,56.10%,Wednesday,2026-06
2026-06-10,Dearica Hamby,Points,Under,18.5,-128,58.80%,6.00%,LOSS,15.7,21,-5,56.10%,Wednesday,2026-06
2026-06-10,Dearica Hamby,Points,Over,12.5,-130,57.60%,2.40%,WIN,14.1,16,3.85,56.50%,Wednesday,2026-06
2026-06-10,Dearica Hamby,Points,Over,14.5,-114,59.50%,13.30%,WIN,20.4,24,4.39,53.30%,Wednesday,2026-06
2026-06-10,Dearica Hamby,Points,Under,11.5,100,51.70%,3.30%,LOSS,10.6,15,-5,50.00%,Wednesday,2026-06
2026-06-10,Dearica Hamby,Points,Under,9.5,-115,54.00%,1.00%,LOSS,8.9,12,-5,53.50%,Wednesday,2026-06
2026-06-10,Dearica Hamby,Pts + Asts,Over,11.5,100,50.60%,1.30%,LOSS,13.2,10,-5,50.00%,Wednesday,2026-06
2026-06-10,Dearica Hamby,Pts + Asts,Under,23.5,-114,58.00%,10.20%,LOSS,19.1,39,-5,53.30%,Wednesday,2026-06
2026-06-10,Dearica Hamby,Pts + Asts,Over,18.5,-102,55.50%,10.20%,LOSS,23.4,6,-5,50.50%,Wednesday,2026-06
2026-06-10,Dearica Hamby,Pts + Asts,Over,13.5,100,51.20%,2.40%,LOSS,13.7,11,-5,50.00%,Wednesday,2026-06
2026-06-10,Dearica Hamby,Pts + Asts,Under,14.5,-104,47.30%,-7.40%,LOSS,14.2,20,-5,51.00%,Wednesday,2026-06
2026-06-10,Dearica Hamby,Pts + Asts,Over,10.5,-110,54.60%,4.60%,LOSS,12,7,-5,52.40%,Wednesday,2026-06
2026-06-10,Dearica Hamby,Pts + Asts,Over,27.5,-106,54.10%,5.40%,WIN,30.4,30,4.72,51.50%,Wednesday,2026-06
2026-06-10,Dearica Hamby,Pts + Asts,Under,16.5,-125,57.60%,4.60%,LOSS,13.6,31,-5,55.60%,Wednesday,2026-06
2026-06-10,Dearica Hamby,Pts + Asts,Under,22.5,-122,57.70%,6.00%,WIN,19.6,22,4.1,55.00%,Wednesday,2026-06
2026-06-10,Dearica Hamby,Pts + Asts,Under,17.5,-122,49.50%,-12.10%,LOSS,17.4,21,-5,55.00%,Wednesday,2026-06
2026-06-10,Dearica Hamby,Pts + Asts,Over,17.5,-102,55.00%,9.00%,WIN,21.8,25,4.9,50.50%,Wednesday,2026-06
2026-06-10,Dearica Hamby,Pts + Rebs,Under,16.5,-130,62.00%,12.50%,LOSS,11.2,28,-5,56.50%,Wednesday,2026-06
2026-06-10,Dearica Hamby,Pts + Rebs,Under,13.5,-128,48.70%,-16.90%,WIN,13,13,3.91,56.10%,Wednesday,2026-06
2026-06-10,Dearica Hamby,Pts + Rebs,Under,15.5,-132,48.20%,-20.20%,LOSS,15.2,18,-5,56.90%,Wednesday,2026-06
2026-06-10,Dearica Hamby,Pts + Rebs,Under,23.5,-108,58.10%,12.80%,LOSS,18.9,42,-5,51.90%,Wednesday,2026-06
2026-06-10,Dearica Hamby,Pts + Rebs,Under,11.5,-104,52.60%,3.20%,LOSS,10.4,21,-5,51.00%,Wednesday,2026-06
2026-06-10,Dearica Hamby,Pts + Rebs,Over,22.5,-122,58.90%,8.70%,LOSS,27.4,16,-5,55.00%,Wednesday,2026-06
2026-06-10,Dearica Hamby,Pts + Rebs,Under,11.5,-125,56.10%,1.20%,LOSS,8,15,-5,55.60%,Wednesday,2026-06
2026-06-10,Dearica Hamby,Pts + Rebs,Under,19.5,-114,56.20%,6.30%,LOSS,15.7,22,-5,53.30%,Wednesday,2026-06
2026-06-10,Dearica Hamby,Pts + Rebs,Over,16.5,-118,53.60%,-1.20%,WIN,17.3,26,4.24,54.10%,Wednesday,2026-06
2026-06-10,Dearica Hamby,Pts + Rebs,Over,23.5,-108,55.20%,6.90%,LOSS,27.1,20,-5,51.90%,Wednesday,2026-06
2026-06-10,Dearica Hamby,Pts + Rebs,Under,12.5,102,51.40%,3.80%,LOSS,10.5,25,-5,49.50%,Wednesday,2026-06
2026-06-10,Dearica Hamby,Pts + Rebs,Under,21.5,-102,54.50%,8.20%,LOSS,18.4,22,-5,50.50%,Wednesday,2026-06
2026-06-10,Dearica Hamby,Pts + Rebs,Over,15.5,-109,53.80%,3.50%,WIN,16.4,17,4.59,52.20%,Wednesday,2026-06
2026-06-10,Dearica Hamby,Pts + Rebs,Over,22.5,-112,56.40%,7.50%,WIN,26.6,33,4.46,52.80%,Wednesday,2026-06
2026-06-10,Dearica Hamby,Pts + Rebs,Under,18.5,-130,57.90%,3.10%,LOSS,15.9,20,-5,56.50%,Wednesday,2026-06
2026-06-10,Dearica Hamby,Pts + Rebs,Under,12.5,-111,54.80%,4.70%,LOSS,11.2,19,-5,52.60%,Wednesday,2026-06
2026-06-10,Dearica Hamby,Rebs + Asts,Over,5.5,-104,55.70%,9.70%,WIN,5.7,9,4.81,51.00%,Wednesday,2026-06
2026-06-10,Dearica Hamby,Rebs + Asts,Under,8.5,118,46.10%,0.50%,WIN,7.5,5,5.9,45.90%,Wednesday,2026-06
2026-06-10,Dearica Hamby,Rebs + Asts,Over,10.5,-110,51.20%,-2.40%,LOSS,11,10,-5,52.40%,Wednesday,2026-06
2026-06-10,Dearica Hamby,Rebs + Asts,Over,6.5,-148,61.80%,5.30%,WIN,7.5,18,3.38,59.70%,Wednesday,2026-06
2026-06-10,Dearica Hamby,Rebs + Asts,Over,8.5,-112,55.20%,5.10%,WIN,9.4,12,4.46,52.80%,Wednesday,2026-06
2026-06-10,Dearica Hamby,Rebs + Asts,Under,7.5,104,47.40%,-3.10%,WIN,7.4,2,5.2,49.00%,Wednesday,2026-06
2026-06-10,Dearica Hamby,Rebs + Asts,Over,6.5,-131,56.90%,0.50%,LOSS,6.8,6,-5,56.70%,Wednesday,2026-06
2026-06-10,Dearica Hamby,Rebs + Asts,Over,10.5,-106,47.10%,-8.90%,LOSS,10.6,10,-5,51.50%,Wednesday,2026-06
2026-06-10,Dearica Hamby,Threes,Over,1.5,148,45.00%,7.80%,LOSS,1.7,1,-5,40.30%,Wednesday,2026-06
2026-06-10,Dearica Hamby,Threes,Under,1.5,-270,76.30%,12.30%,LOSS,0.65,3,-5,73.00%,Wednesday,2026-06
2026-06-10,Dearica Hamby,Threes,Over,1.5,162,45.20%,11.40%,LOSS,1.9,1,-5,38.20%,Wednesday,2026-06
2026-06-10,Dearica Hamby,Threes,Under,2.5,-162,63.80%,5.20%,WIN,2,2,3.09,61.80%,Wednesday,2026-06
2026-06-10,Dearica Hamby,Threes,Under,2.5,100,60.00%,20.00%,LOSS,1.7,4,-5,50.00%,Wednesday,2026-06
2026-06-10,Dearica Hamby,Threes,Over,1.5,-146,57.20%,-5.40%,WIN,2,2,3.42,59.30%,Wednesday,2026-06
2026-06-10,Dearica Hamby,Threes,Over,1.5,178,44.50%,13.30%,LOSS,2,1,-5,36.00%,Wednesday,2026-06
2026-06-11,Dearica Hamby,Assists,Under,3.5,-194,60.00%,-17.60%,LOSS,3.4,4,-5,66.00%,Thursday,2026-06
2026-06-11,Dearica Hamby,Assists,Over,2.5,116,48.50%,4.10%,WIN,3.2,3,5.8,46.30%,Thursday,2026-06
2026-06-11,Dearica Hamby,Assists,Under,2.5,-215,59.60%,-27.40%,WIN,2.3,2,2.33,68.30%,Thursday,2026-06
2026-06-11,Dearica Hamby,Assists,Under,8.5,-140,58.40%,0.10%,LOSS,7.9,10,-5,58.30%,Thursday,2026-06
2026-06-11,Dearica Hamby,Assists,Under,3.5,-200,61.00%,-17.00%,WIN,3.3,3,2.5,66.70%,Thursday,2026-06
2026-06-11,Dearica Hamby,Assists,Over,2.5,-166,64.30%,5.50%,LOSS,3.8,1,-5,62.40%,Thursday,2026-06
2026-06-11,Dearica Hamby,Assists,Under,2.5,124,46.20%,2.80%,LOSS,2.3,5,-5,44.60%,Thursday,2026-06
2026-06-11,Dearica Hamby,Assists,Under,2.5,-169,63.10%,0.90%,WIN,1.9,0,2.96,62.80%,Thursday,2026-06
2026-06-11,Dearica Hamby,Assists,Over,7.5,-146,62.10%,6.80%,WIN,9.1,10,3.42,59.30%,Thursday,2026-06
2026-06-11,Dearica Hamby,Assists,Under,5.5,-162,66.30%,11.70%,LOSS,3.8,8,-5,61.80%,Thursday,2026-06
2026-06-11,Dearica Hamby,Assists,Over,6.5,-144,60.50%,3.50%,LOSS,7.6,3,-5,59.00%,Thursday,2026-06
2026-06-11,Dearica Hamby,Assists,Over,6.5,100,50.50%,0.90%,WIN,6.9,10,5,50.00%,Thursday,2026-06
2026-06-11,Dearica Hamby,Assists,Over,4.5,-125,51.60%,8.80%,WIN,4.5,7,4,55.60%,Thursday,2026-06
2026-06-11,Dearica Hamby,Assists,Under,2.5,100,50.60%,1.20%,LOSS,2.3,5,-5,50.00%,Thursday,2026-06
2026-06-11,Dearica Hamby,Assists,Over,5.5,-138,59.90%,4.60%,WIN,6.6,7,3.62,58.00%,Thursday,2026-06
2026-06-11,Dearica Hamby,Assists,Over,2.5,-108,51.90%,0.00%,LOSS,2.6,1,-5,51.90%,Thursday,2026-06
2026-06-11,Dearica Hamby,Assists,Over,2.5,102,52.80%,6.60%,WIN,3.6,3,5.1,49.50%,Thursday,2026-06
2026-06-11,Dearica Hamby,Assists,Over,2.5,-125,54.60%,-2.20%,LOSS,2.8,0,-5,55.60%,Thursday,2026-06
2026-06-11,Dearica Hamby,Assists,Under,3.5,-154,61.30%,1.80%,WIN,2.7,1,3.25,60.60%,Thursday,2026-06
2026-06-11,Dearica Hamby,Assists,Under,4.5,-162,55.50%,-16.60%,LOSS,4.2,5,-5,61.80%,Thursday,2026-06
2026-06-11,Dearica Hamby,Assists,Over,5.5,-152,60.50%,0.40%,LOSS,6.3,5,-5,60.30%,Thursday,2026-06
2026-06-11,Dearica Hamby,Assists,Over,3.5,-158,53.80%,-19.20%,WIN,3.9,5,3.16,61.20%,Thursday,2026-06
2026-06-11,Dearica Hamby,Assists,Over,2.5,-172,66.90%,9.90%,WIN,4.2,3,2.91,63.20%,Thursday,2026-06
2026-06-11,Dearica Hamby,Assists,Under,2.5,-110,54.80%,5.10%,LOSS,2.2,4,-5,52.40%,Thursday,2026-06
2026-06-11,Dearica Hamby,Assists,Over,4.5,-125,56.00%,1.00%,LOSS,5.3,1,-5,55.60%,Thursday,2026-06
2026-06-11,Dearica Hamby,Points,Over,26.5,-106,53.90%,5.10%,WIN,29.1,32,4.72,51.50%,Thursday,2026-06
2026-06-11,Dearica Hamby,Points,Over,14.5,-114,54.50%,2.60%,WIN,15.8,34,4.39,53.30%,Thursday,2026-06
2026-06-11,Dearica Hamby,Points,Over,17.5,-125,55.90%,0.80%,WIN,18.4,18,4,55.60%,Thursday,2026-06
2026-06-11,Dearica Hamby,Points,Over,15.5,-114,52.00%,-2.60%,LOSS,15.6,6,-5,53.30%,Thursday,2026-06
2026-06-11,Dearica Hamby,Points,Over,13.5,-122,51.70%,-7.10%,WIN,13.5,25,4.1,55.00%,Thursday,2026-06
2026-06-11,Dearica Hamby,Points,Under,15.5,-113,53.70%,1.30%,WIN,14.5,2,4.42,53.10%,Thursday,2026-06
2026-06-11,DeWanna Bonner,Points,Over,6.5,-120,52.00%,-5.50%,WIN,6.8,7,4.17,54.50%,Thursday,2026-06
2026-06-11,DeWanna Bonner,Points,Under,10.5,-125,55.90%,0.90%,WIN,10.3,10,4,55.60%,Thursday,2026-06
2026-06-11,DeWanna Bonner,Points,Over,12.5,-122,54.90%,-0.10%,WIN,12.7,17,4.1,55.00%,Thursday,2026-06
2026-06-11,DeWanna Bonner,Points,Under,19.5,-122,55.40%,1.00%,WIN,18.9,19,4.1,55.00%,Thursday,2026-06
2026-06-11,DeWanna Bonner,Points,Under,13.5,-130,62.40%,13.60%,WIN,7.2,13,3.85,56.50%,Thursday,2026-06
2026-06-11,DeWanna Bonner,Points,Under,19.5,-132,54.20%,-6.40%,LOSS,19.1,32,-5,56.90%,Thursday,2026-06
2026-06-11,DeWanna Bonner,Points,Under,13.5,-114,57.50%,9.00%,LOSS,10.9,18,-5,53.30%,Thursday,2026-06
2026-06-11,DeWanna Bonner,Points,Under,11.5,-114,52.00%,-2.80%,LOSS,10.9,29,-5,53.30%,Thursday,2026-06
2026-06-11,DeWanna Bonner,Points,Over,13.5,-110,59.40%,14.80%,LOSS,21.1,0,-5,52.40%,Thursday,2026-06
2026-06-11,DeWanna Bonner,Points,Over,8.5,-122,55.40%,1.00%,WIN,10.3,9,4.1,55.00%,Thursday,2026-06
2026-06-11,DeWanna Bonner,Points,Under,10.5,-110,55.70%,7.00%,WIN,7.7,11,4.55,52.40%,Thursday,2026-06
2026-06-11,DeWanna Bonner,Points,Over,8.5,-110,53.20%,1.70%,LOSS,10.2,6,-5,52.40%,Thursday,2026-06
2026-06-11,DeWanna Bonner,Points,Over,17.5,-125,55.80%,0.60%,WIN,18.3,18,4,55.60%,Thursday,2026-06
2026-06-11,DeWanna Bonner,Points,Under,11.5,-118,56.20%,4.60%,LOSS,10,17,-5,54.10%,Thursday,2026-06
2026-06-11,DeWanna Bonner,Points,Over,8.5,-102,51.30%,1.60%,LOSS,9.7,2,-5,50.50%,Thursday,2026-06
2026-06-11,DeWanna Bonner,Points,Under,13.5,-110,57.50%,10.70%,LOSS,10.3,16,-5,52.40%,Thursday,2026-06
2026-06-11,DeWanna Bonner,Points,Over,11.5,100,54.00%,8.10%,LOSS,13.7,3,-5,50.00%,Thursday,2026-06
2026-06-11,DeWanna Bonner,Points,Under,17.5,-106,53.40%,4.00%,WIN,16.6,13,4.72,51.50%,Thursday,2026-06
2026-06-11,DeWanna Bonner,Points,Over,11.5,-122,48.80%,-13.70%,LOSS,11.9,10,-5,55.00%,Thursday,2026-06
2026-06-11,DeWanna Bonner,Points,Over,18.5,-128,60.40%,9.70%,WIN,24,19,3.91,56.10%,Thursday,2026-06
2026-06-11,DeWanna Bonner,Points,Under,6.5,-108,54.00%,4.40%,WIN,5,6,4.63,51.90%,Thursday,2026-06
2026-06-11,DeWanna Bonner,Points,Over,7.5,-132,58.10%,2.70%,WIN,6.6,11,3.79,56.90%,Thursday,2026-06
2026-06-11,DeWanna Bonner,Points,Over,10.5,-108,54.40%,5.10%,LOSS,9.1,17,-5,51.90%,Thursday,2026-06
2026-06-11,DeWanna Bonner,Points,Under,11.5,-115,56.60%,6.60%,LOSS,9.4,17,-5,53.50%,Thursday,2026-06
2026-06-11,DeWanna Bonner,Points,Under,10.5,-115,58.00%,9.70%,WIN,6.8,6,4.35,53.50%,Thursday,2026-06
2026-06-11,DeWanna Bonner,Points,Under,5.5,-110,50.10%,-4.90%,WIN,5.3,0,4.55,52.40%,Thursday,2026-06
2026-06-11,DeWanna Bonner,Points,Under,10.5,-135,58.80%,3.20%,LOSS,8.5,12,-5,57.40%,Thursday,2026-06
2026-06-11,DeWanna Bonner,Points,Over,9.5,-108,54.20%,4.70%,LOSS,11.9,6,-5,51.90%,Thursday,2026-06
2026-06-11,DeWanna Bonner,Points,Under,9.5,-125,55.20%,-0.80%,WIN,8.5,8,4,55.60%,Thursday,2026-06
2026-06-11,DeWanna Bonner,Points,Over,18.5,-114,54.00%,1.60%,WIN,19.4,31,4.39,53.30%,Thursday,2026-06
2026-06-11,DeWanna Bonner,Points,Over,9.5,-130,61.90%,12.30%,WIN,13.1,16,3.85,56.50%,Thursday,2026-06
2026-06-11,DeWanna Bonner,Points,Over,16.5,-128,58.30%,5.00%,WIN,18.9,24,3.91,56.10%,Thursday,2026-06
2026-06-11,DeWanna Bonner,Points,Under,10.5,-132,58.90%,4.80%,LOSS,7.8,14,-5,56.90%,Thursday,2026-06
2026-06-11,DeWanna Bonner,Points,Under,15.5,-130,57.80%,3.00%,LOSS,13.8,21,-5,56.50%,Thursday,2026-06
2026-06-11,DeWanna Bonner,Pts + Asts,Over,29.5,-108,53.30%,3.00%,WIN,31.3,36,4.63,51.90%,Thursday,2026-06
2026-06-11,DeWanna Bonner,Pts + Asts,Over,16.5,100,52.40%,4.70%,WIN,19.5,37,5,50.00%,Thursday,2026-06
2026-06-11,DeWanna Bonner,Pts + Asts,Over,20.5,100,50.70%,1.40%,LOSS,20.8,20,-5,50.00%,Thursday,2026-06
2026-06-11,DeWanna Bonner,Pts + Asts,Over,23.5,-132,49.70%,-16.70%,LOSS,24.3,16,-5,56.90%,Thursday,2026-06
2026-06-11,DeWanna Bonner,Pts + Asts,Over,16.5,-130,55.60%,-2.20%,WIN,17.8,28,3.85,56.50%,Thursday,2026-06
2026-06-11,DeWanna Bonner,Pts + Asts,Under,18.5,-121,50.30%,-9.90%,WIN,18.5,3,4.13,54.80%,Thursday,2026-06
2026-06-11,DeWanna Bonner,Pts + Asts,Over,8.5,100,55.80%,11.60%,WIN,7.8,11,5,50.00%,Thursday,2026-06
2026-06-11,DeWanna Bonner,Pts + Asts,Under,14.5,-112,46.90%,-12.50%,LOSS,14.3,21,-5,52.80%,Thursday,2026-06
2026-06-11,DeWanna Bonner,Pts + Asts,Under,22.5,-118,55.50%,3.10%,LOSS,21.2,24,-5,54.10%,Thursday,2026-06
2026-06-11,DeWanna Bonner,Pts + Asts,Under,15.5,-120,57.40%,6.40%,WIN,10.3,13,4.17,54.50%,Thursday,2026-06
2026-06-11,DeWanna Bonner,Pts + Asts,Over,27.5,-104,51.50%,1.00%,WIN,28.2,42,4.81,51.00%,Thursday,2026-06
2026-06-11,DeWanna Bonner,Pts + Asts,Under,18.5,-110,56.70%,9.00%,LOSS,14.6,26,-5,52.40%,Thursday,2026-06
2026-06-11,DeWanna Bonner,Pts + Asts,Under,18.5,-112,51.40%,-3.00%,LOSS,18,32,-5,52.80%,Thursday,2026-06
2026-06-11,DeWanna Bonner,Pts + Asts,Over,24.5,-114,46.40%,-14.70%,WIN,24.7,28,4.39,53.30%,Thursday,2026-06
2026-06-11,DeWanna Bonner,Pts + Asts,Under,16.5,-130,57.40%,2.00%,LOSS,15,24,-5,56.50%,Thursday,2026-06
2026-06-11,DeWanna Bonner,Pts + Asts,Over,9.5,102,52.30%,5.50%,LOSS,11.3,4,-5,49.50%,Thursday,2026-06
2026-06-11,DeWanna Bonner,Pts + Asts,Under,16.5,-114,57.60%,9.20%,LOSS,13.4,21,-5,53.30%,Thursday,2026-06
2026-06-11,DeWanna Bonner,Pts + Asts,Over,17.5,-102,53.30%,5.60%,LOSS,20.2,10,-5,50.50%,Thursday,2026-06
2026-06-11,DeWanna Bonner,Pts + Asts,Under,18.5,-105,52.50%,2.60%,WIN,16.9,16,4.76,51.20%,Thursday,2026-06
2026-06-11,DeWanna Bonner,Pts + Asts,Over,14.5,-112,53.60%,1.60%,LOSS,15.1,11,-5,52.80%,Thursday,2026-06
2026-06-11,DeWanna Bonner,Pts + Asts,Over,21.5,-112,56.60%,7.90%,WIN,25.1,22,4.46,52.80%,Thursday,2026-06
2026-06-11,DeWanna Bonner,Pts + Asts,Under,13.5,-114,53.50%,0.60%,LOSS,12.4,17,-5,53.30%,Thursday,2026-06
2026-06-11,DeWanna Bonner,Pts + Asts,Under,14.5,-102,51.30%,1.70%,WIN,10.1,7,4.9,50.50%,Thursday,2026-06
2026-06-11,DeWanna Bonner,Pts + Asts,Over,13.5,-122,57.30%,5.10%,LOSS,16.4,11,-5,55.00%,Thursday,2026-06
2026-06-11,DeWanna Bonner,Pts + Asts,Over,24.5,-118,52.20%,-4.20%,WIN,25.2,36,4.24,54.10%,Thursday,2026-06
2026-06-11,DeWanna Bonner,Pts + Asts,Over,14.5,102,52.80%,6.40%,WIN,16.9,21,5.1,49.50%,Thursday,2026-06
2026-06-11,DeWanna Bonner,Pts + Asts,Over,20.5,-102,53.30%,5.60%,WIN,23.4,27,4.9,50.50%,Thursday,2026-06
2026-06-11,DeWanna Bonner,Pts + Asts,Under,12.5,-104,46.90%,-8.20%,LOSS,9.9,18,-5,51.00%,Thursday,2026-06
2026-06-11,DeWanna Bonner,Pts + Asts,Over,19.5,-130,56.50%,0.00%,WIN,20.5,22,3.85,56.50%,Thursday,2026-06
2026-06-11,DeWanna Bonner,Pts + Rebs,Over,36.5,-118,54.90%,1.60%,WIN,38.1,37,4.24,54.10%,Thursday,2026-06
2026-06-11,DeWanna Bonner,Pts + Rebs,Over,22.5,-114,54.80%,3.20%,WIN,23.9,46,4.39,53.30%,Thursday,2026-06
2026-06-11,DeWanna Bonner,Pts + Rebs,Over,21.5,-118,55.70%,3.40%,LOSS,22.7,21,-5,54.10%,Thursday,2026-06
2026-06-11,DeWanna Bonner,Pts + Rebs,Over,23.5,-118,53.80%,-0.70%,LOSS,24.2,15,-5,54.10%,Thursday,2026-06
2026-06-11,DeWanna Bonner,Pts + Rebs,Over,25.5,-130,49.40%,-16.30%,WIN,26.2,34,3.85,56.50%,Thursday,2026-06
2026-06-11,DeWanna Bonner,Pts + Rebs,Under,18.5,-128,55.00%,-2.60%,WIN,17.7,8,3.91,56.10%,Thursday,2026-06
2026-06-11,DeWanna Bonner,Pts + Rebs,Over,9.5,-120,55.80%,2.70%,LOSS,9.9,8,-5,54.50%,Thursday,2026-06
2026-06-11,Diamond Miller,Pts + Rebs,Over,16.5,-112,52.00%,-1.70%,WIN,16.9,19,4.46,52.80%,Thursday,2026-06
2026-06-11,Diamond Miller,Pts + Rebs,Over,14.5,-112,54.80%,4.20%,WIN,15.4,20,4.46,52.80%,Thursday,2026-06
2026-06-11,Diamond Miller,Pts + Rebs,Under,27.5,-110,54.50%,4.40%,LOSS,26.6,30,-5,52.40%,Thursday,2026-06
2026-06-11,Diamond Miller,Pts + Rebs,Under,16.5,-106,55.00%,7.30%,WIN,12.7,14,4.72,51.50%,Thursday,2026-06
2026-06-11,Diamond Miller,Pts + Rebs,Under,23.5,-122,51.70%,-7.30%,LOSS,22.9,39,-5,55.00%,Thursday,2026-06
2026-06-11,Diamond Miller,Pts + Rebs,Under,15.5,-131,57.80%,2.50%,LOSS,12.4,21,-5,56.70%,Thursday,2026-06
2026-06-11,Diamond Miller,Pts + Rebs,Under,15.5,-114,46.10%,15.30%,LOSS,15.2,34,-5,53.30%,Thursday,2026-06
2026-06-11,Diamond Miller,Pts + Rebs,Over,12.5,-130,58.00%,3.40%,WIN,14.2,16,3.85,56.50%,Thursday,2026-06
2026-06-11,Diamond Miller,Pts + Rebs,Under,15.5,-104,53.50%,5.10%,WIN,12.3,13,4.81,51.00%,Thursday,2026-06
2026-06-11,Diamond Miller,Pts + Rebs,Over,13.5,-102,51.90%,2.90%,LOSS,14.2,8,-5,50.50%,Thursday,2026-06
2026-06-11,Diamond Miller,Pts + Rebs,Over,22.5,-118,55.00%,2.00%,WIN,23.1,26,4.24,54.10%,Thursday,2026-06
2026-06-11,Diamond Miller,Pts + Rebs,Under,22.5,-118,58.70%,10.00%,LOSS,18.2,27,-5,54.10%,Thursday,2026-06
2026-06-11,Diamond Miller,Pts + Rebs,Over,11.5,102,53.30%,7.50%,LOSS,14.3,4,-5,49.50%,Thursday,2026-06
2026-06-11,Diamond Miller,Pts + Rebs,Under,22.5,-106,56.70%,10.80%,LOSS,18.8,26,-5,51.50%,Thursday,2026-06
2026-06-11,Diamond Miller,Pts + Rebs,Over,14.5,-114,55.90%,5.70%,LOSS,16.4,6,-5,53.30%,Thursday,2026-06
2026-06-11,Diamond Miller,Pts + Rebs,Under,19.5,-124,51.40%,-9.00%,WIN,18.6,15,4.03,55.40%,Thursday,2026-06
2026-06-11,Diamond Miller,Pts + Rebs,Under,20.5,-112,55.00%,4.70%,WIN,20,14,4.46,52.80%,Thursday,2026-06
2026-06-11,Diamond Miller,Pts + Rebs,Over,20.5,-128,58.20%,4.80%,LOSS,23.2,20,-5,56.10%,Thursday,2026-06
2026-06-11,Diamond Miller,Pts + Rebs,Under,10.5,-106,50.20%,-2.60%,WIN,8.4,9,4.72,51.50%,Thursday,2026-06
2026-06-11,Diamond Miller,Pts + Rebs,Over,12.5,-132,57.10%,0.60%,WIN,13.1,18,3.79,56.90%,Thursday,2026-06
2026-06-11,Diamond Miller,Pts + Rebs,Under,16.5,-125,56.80%,2.90%,LOSS,13.8,19,-5,55.60%,Thursday,2026-06
2026-06-11,Diamond Miller,Pts + Rebs,Under,13.5,-114,56.00%,5.90%,WIN,10.1,6,4.39,53.30%,Thursday,2026-06
2026-06-11,DiJonai Carrington,Pts + Rebs,Under,10.5,-118,50.20%,-8.60%,WIN,9.7,2,4.24,54.10%,Thursday,2026-06
2026-06-11,Dominique Malonga,Pts + Rebs,Under,17.5,-125,57.10%,3.50%,LOSS,14.3,22,-5,55.60%,Thursday,2026-06
2026-06-11,Dominique Malonga,Pts + Rebs,Over,12.5,100,54.10%,8.20%,LOSS,15.4,10,-5,50.00%,Thursday,2026-06
2026-06-11,Dominique Malonga,Pts + Rebs,Under,18.5,-120,57.50%,6.40%,WIN,14.9,11,4.17,54.50%,Thursday,2026-06
2026-06-11,Dominique Malonga,Pts + Rebs,Over,21.5,-130,57.90%,3.10%,WIN,23.1,37,3.85,56.50%,Thursday,2026-06
2026-06-11,Dominique Malonga,Pts + Rebs,Over,13.5,100,54.60%,9.30%,WIN,16.3,24,5,50.00%,Thursday,2026-06
2026-06-11,Dominique Malonga,Pts + Rebs,Over,20.5,-114,55.70%,5.30%,WIN,23,28,4.39,53.30%,Thursday,2026-06
2026-06-11,Dominique Malonga,Pts + Rebs,Under,14.5,-108,56.10%,8.80%,LOSS,11.1,15,-5,51.90%,Thursday,2026-06
2026-06-11,Dominique Malonga,Pts + Rebs,Under,17.5,-132,49.60%,-16.90%,LOSS,18.1,24,-5,56.90%,Thursday,2026-06
2026-06-11,Dominique Malonga,Rebs + Asts,Under,13.5,-114,54.50%,2.60%,WIN,13,9,4.39,53.30%,Thursday,2026-06
2026-06-11,Dominique Malonga,Rebs + Asts,Over,10.5,110,52.70%,9.70%,WIN,12.2,15,5.5,47.60%,Thursday,2026-06
2026-06-11,Dominique Malonga,Rebs + Asts,Over,5.5,-132,62.60%,13.20%,LOSS,7.2,5,-5,56.90%,Thursday,2026-06
2026-06-11,Dominique Malonga,Rebs + Asts,Under,16.5,-136,54.80%,-6.70%,LOSS,15.9,19,-5,57.60%,Thursday,2026-06
2026-06-11,Dominique Malonga,Rebs + Asts,Over,15.5,104,51.70%,5.20%,LOSS,16.6,12,-5,49.00%,Thursday,2026-06
2026-06-11,Dominique Malonga,Rebs + Asts,Under,6.5,-143,48.80%,-24.30%,LOSS,6.3,7,-5,58.80%,Thursday,2026-06
2026-06-11,Dominique Malonga,Rebs + Asts,Under,11.5,-130,62.60%,14.00%,LOSS,9.6,16,-5,56.50%,Thursday,2026-06
2026-06-11,Dominique Malonga,Rebs + Asts,Over,12.5,102,50.80%,2.60%,WIN,13.2,17,5.1,49.50%,Thursday,2026-06
2026-06-11,Dominique Malonga,Rebs + Asts,Under,7.5,-129,57.20%,2.00%,LOSS,5.6,11,-5,56.30%,Thursday,2026-06
2026-06-11,Dominique Malonga,Rebs + Asts,Over,10.5,-136,55.60%,-4.80%,LOSS,11.3,8,-5,57.60%,Thursday,2026-06
2026-06-11,Dominique Malonga,Rebs + Asts,Under,11.5,-138,55.50%,-6.00%,LOSS,11.2,18,-5,58.00%,Thursday,2026-06
2026-06-11,Dominique Malonga,Rebs + Asts,Under,15.5,-114,57.20%,8.50%,LOSS,14.2,17,-5,53.30%,Thursday,2026-06
2026-06-11,Dominique Malonga,Rebs + Asts,Over,4.5,102,57.20%,15.30%,LOSS,5.4,4,-5,49.50%,Thursday,2026-06
2026-06-11,Dominique Malonga,Rebs + Asts,Under,11.5,104,49.60%,1.10%,LOSS,11.5,15,-5,49.00%,Thursday,2026-06
2026-06-11,Dominique Malonga,Rebs + Asts,Over,9.5,106,49.40%,1.80%,WIN,9.9,10,5.3,48.50%,Thursday,2026-06
2026-06-11,Dominique Malonga,Rebs + Asts,Under,11.5,-130,58.50%,3.90%,WIN,10.7,5,3.85,56.50%,Thursday,2026-06
2026-06-11,Dominique Malonga,Rebs + Asts,Over,4.5,-154,65.40%,12.00%,LOSS,6.1,1,-5,60.60%,Thursday,2026-06
2026-06-11,Dominique Malonga,Rebs + Asts,Under,6.5,-140,49.00%,-22.40%,WIN,5.5,1,3.57,58.30%,Thursday,2026-06
2026-06-11,Dominique Malonga,Rebs + Asts,Over,7.5,-130,54.10%,-5.50%,WIN,7.6,9,3.85,56.50%,Thursday,2026-06
2026-06-11,Dominique Malonga,Rebs + Asts,Under,9.5,-130,56.50%,0.10%,LOSS,9.4,11,-5,56.50%,Thursday,2026-06
2026-06-11,Dominique Malonga,Rebs + Asts,Under,7.5,-154,52.60%,-20.40%,LOSS,7.1,13,-5,60.60%,Thursday,2026-06
2026-06-11,Dominique Malonga,Rebs + Asts,Over,6.5,-112,57.30%,9.40%,WIN,7.7,7,4.46,52.80%,Thursday,2026-06
2026-06-11,Dominique Malonga,Rebs + Asts,Under,7.5,-144,59.20%,0.40%,WIN,5.5,5,3.47,59.00%,Thursday,2026-06
2026-06-11,Dominique Malonga,Rebs + Asts,Over,7.5,-125,57.70%,4.80%,LOSS,8.4,4,-5,55.60%,Thursday,2026-06
2026-06-11,Dominique Malonga,Threes,Under,1.5,-270,64.10%,-32.80%,WIN,1.4,1,1.85,73.00%,Thursday,2026-06
2026-06-11,Dominique Malonga,Threes,Over,1.5,-130,46.20%,-23.80%,LOSS,1.5,0,-5,56.50%,Thursday,2026-06
2026-06-11,Dominique Malonga,Threes,Under,1.5,140,48.90%,12.40%,WIN,1.2,0,7,41.70%,Thursday,2026-06
2026-06-11,Dominique Malonga,Threes,Over,0.5,-108,48.80%,-6.50%,LOSS,0.66,0,-5,51.90%,Thursday,2026-06
2026-06-11,Dominique Malonga,Threes,Over,1.5,-166,54.80%,-20.10%,LOSS,1.8,1,-5,62.40%,Thursday,2026-06
2026-06-11,Dominique Malonga,Threes,Under,0.5,126,47.00%,5.00%,WIN,0.41,0,6.3,44.20%,Thursday,2026-06
2026-06-11,Dominique Malonga,Threes,Under,1.5,148,48.40%,13.60%,LOSS,1.3,3,-5,40.30%,Thursday,2026-06
2026-06-11,Dominique Malonga,Threes,Over,2.5,-120,52.00%,-5.50%,LOSS,2.8,1,-5,54.50%,Thursday,2026-06
2026-06-11,Dominique Malonga,Threes,Under,0.5,-149,51.80%,-20.10%,LOSS,0.47,1,-5,59.80%,Thursday,2026-06
2026-06-11,Dominique Malonga,Threes,Over,1.5,-114,54.40%,2.40%,WIN,1.9,9,4.39,53.30%,Thursday,2026-06
2026-06-11,Dominique Malonga,Threes,Over,1.5,-200,69.70%,9.00%,WIN,2.4,2,2.5,66.70%,Thursday,2026-06
2026-06-11,Dominique Malonga,Threes,Over,1.5,-114,56.90%,7.70%,LOSS,2.1,0,-5,53.30%,Thursday,2026-06
2026-06-11,Dominique Malonga,Threes,Under,1.5,-205,60.50%,-20.40%,LOSS,1.4,4,-5,67.20%,Thursday,2026-06
2026-06-11,Dominique Malonga,Threes,Over,0.5,-208,58.80%,-26.90%,LOSS,0.75,0,-5,67.50%,Thursday,2026-06
2026-06-11,Dominique Malonga,Threes,Under,1.5,-108,62.20%,21.30%,LOSS,0.73,2,-5,51.90%,Thursday,2026-06
2026-06-11,Dominique Malonga,Threes,Under,2.5,-215,71.20%,9.40%,WIN,1.7,2,2.33,68.30%,Thursday,2026-06
2026-06-11,Dominique Malonga,Threes,Under,1.5,-188,60.80%,-12.80%,LOSS,1.2,2,-5,65.30%,Thursday,2026-06
2026-06-11,Dominique Malonga,Threes,Over,2.5,104,50.40%,2.60%,LOSS,2.8,2,-5,49.00%,Thursday,2026-06
2026-06-11,Dominique Malonga,Threes,Under,0.5,139,45.60%,6.40%,LOSS,0.48,2,-5,41.80%,Thursday,2026-06
2026-06-11,Dominique Malonga,Threes,Under,1.5,-220,62.10%,-21.20%,WIN,1.2,0,2.27,68.80%,Thursday,2026-06
2026-06-11,Dominique Malonga,Threes,Over,1.5,-114,54.00%,1.50%,WIN,1.9,3,4.39,53.30%,Thursday,2026-06
2026-06-11,Dominique Malonga,Threes,Over,2.5,-152,71.30%,27.70%,WIN,4.4,5,3.29,60.30%,Thursday,2026-06
2026-06-11,Dominique Malonga,Threes,Under,1.5,-168,60.90%,-4.80%,LOSS,1.3,2,-5,62.70%,Thursday,2026-06
2026-06-11,Dominique Malonga,Threes,Under,1.5,-270,64.10%,-32.90%,LOSS,1.4,2,-5,73.00%,Thursday,2026-06
2026-06-12,Dominique Malonga,Assists,Under,3.5,-180,59.60%,-13.10%,WIN,3.4,3,2.78,64.30%,Friday,2026-06
2026-06-12,Dominique Malonga,Assists,Over,2.5,-146,56.00%,-8.30%,LOSS,3,1,-5,59.30%,Friday,2026-06
2026-06-12,Dominique Malonga,Assists,Over,2.5,-146,56.40%,-7.20%,WIN,3,4,3.42,59.30%,Friday,2026-06
2026-06-12,Dominque Malonga,Assists,Under,3.5,-114,54.80%,3.30%,LOSS,3.1,7,-5,53.30%,Friday,2026-06
2026-06-12,Dominque Malonga,Assists,Under,1.5,-125,45.50%,-22.60%,WIN,0.46,1,4,55.60%,Friday,2026-06
2026-06-12,Dominque Malonga,Assists,Over,3.5,-110,54.20%,3.90%,LOSS,4.2,3,-5,52.40%,Friday,2026-06
2026-06-12,Dominque Malonga,Assists,Under,4.5,-120,59.10%,9.90%,LOSS,3.3,5,-5,54.50%,Friday,2026-06
2026-06-12,Dominque Malonga,Assists,Under,2.5,-122,51.00%,-8.80%,LOSS,2.4,3,-5,55.00%,Friday,2026-06
2026-06-12,Dominque Malonga,Assists,Under,3.5,100,52.10%,4.30%,WIN,3,3,5,50.00%,Friday,2026-06
2026-06-12,Dominque Malonga,Assists,Over,6.5,-112,56.10%,6.90%,WIN,7.8,8,4.46,52.80%,Friday,2026-06
2026-06-12,Dominque Malonga,Points,Over,10.5,-122,53.70%,-2.80%,LOSS,11.7,8,-5,55.00%,Friday,2026-06
2026-06-12,Dorka Juhasz,Points,Under,20.5,100,55.80%,11.70%,WIN,15.8,20,5,50.00%,Friday,2026-06
2026-06-12,Dorka Juhasz,Points,Over,8.5,100,52.90%,5.70%,LOSS,10.7,2,-5,50.00%,Friday,2026-06
2026-06-12,Elizabeth Williams,Points,Under,14.5,-110,59.30%,14.40%,WIN,10.1,9,4.55,52.40%,Friday,2026-06
2026-06-12,Elizabeth Williams,Points,Over,11.5,-128,57.60%,3.40%,LOSS,12.8,8,-5,56.10%,Friday,2026-06
2026-06-12,Elizabeth Williams,Points,Under,15.5,-128,54.20%,-4.40%,LOSS,14.8,19,-5,56.10%,Friday,2026-06
2026-06-12,Elizabeth Williams,Points,Under,7.5,-121,57.20%,5.40%,WIN,13.6,1,4.13,54.80%,Friday,2026-06
2026-06-12,Elizabeth Williams,Points,Over,13.5,104,50.70%,3.20%,WIN,14.4,22,5.2,49.00%,Friday,2026-06
2026-06-12,Elizabeth Williams,Points,Under,10.5,-114,55.10%,4.00%,WIN,9.3,2,4.39,53.30%,Friday,2026-06
2026-06-12,Elizabeth Williams,Points,Over,8.5,-128,53.40%,-6.20%,LOSS,9.4,8,-5,56.10%,Friday,2026-06
2026-06-12,Emily Engstler,Points,Under,18.5,-114,56.50%,7.00%,LOSS,15.7,27,-5,53.30%,Friday,2026-06
2026-06-12,Emily Engstler,Points,Over,13.5,100,50.80%,1.60%,WIN,14.1,26,5,50.00%,Friday,2026-06
2026-06-12,Emily Engstler,Points,Under,14.5,-104,52.30%,2.80%,WIN,13.6,12,4.81,51.00%,Friday,2026-06
2026-06-12,Emily Engstler,Points,Under,15.5,-106,48.80%,-5.40%,LOSS,15.3,17,-5,51.50%,Friday,2026-06
2026-06-12,Emily Engstler,Points,Over,13.5,-118,54.60%,1.10%,LOSS,14.4,11,-5,54.10%,Friday,2026-06
2026-06-12,Emily Engstler,Pts + Asts,Under,24.5,-120,59.00%,9.70%,WIN,19.8,23,4.17,54.50%,Friday,2026-06
2026-06-12,Emily Engstler,Pts + Asts,Over,14.5,-128,55.00%,-2.70%,LOSS,14.8,9,-5,56.10%,Friday,2026-06
2026-06-12,Emily Engstler,Pts + Asts,Under,18.5,-130,51.50%,-11.60%,LOSS,18,23,-5,56.50%,Friday,2026-06
2026-06-12,Emily Engstler,Pts + Asts,Under,11.5,-132,48.20%,-20.10%,WIN,8.6,8,3.79,56.90%,Friday,2026-06
2026-06-12,Emily Engstler,Pts + Asts,Under,12.5,-128,48.60%,-17.20%,WIN,11.2,3,3.91,56.10%,Friday,2026-06
2026-06-12,Emily Engstler,Pts + Asts,Under,22.5,-125,58.10%,5.80%,LOSS,19.6,20,-5,55.60%,Friday,2026-06
2026-06-12,Emily Engstler,Pts + Asts,Under,17.5,-112,50.80%,-4.40%,LOSS,17.3,21,-5,52.80%,Friday,2026-06
2026-06-12,Emily Engstler,Pts + Asts,Under,17.5,-114,54.30%,2.20%,WIN,16.4,15,4.39,53.30%,Friday,2026-06
2026-06-12,Emily Engstler,Pts + Asts,Under,19.5,-108,52.70%,1.70%,LOSS,18.6,20,-5,51.90%,Friday,2026-06
2026-06-12,Emily Engstler,Pts + Asts,Over,20.5,-114,53.30%,0.10%,LOSS,21.1,19,-5,53.30%,Friday,2026-06
2026-06-12,Emily Engstler,Pts + Rebs,Over,15.5,-110,53.60%,2.60%,LOSS,16.7,14,-5,52.40%,Friday,2026-06
2026-06-12,Emily Engstler,Pts + Rebs,Under,25.5,-118,60.80%,14.50%,WIN,20,22,4.24,54.10%,Friday,2026-06
2026-06-12,Emily Engstler,Pts + Rebs,Under,20.5,-106,57.20%,11.90%,WIN,15,17,4.72,51.50%,Friday,2026-06
2026-06-12,Emily Engstler,Pts + Rebs,Under,17.5,-125,53.70%,-4.10%,WIN,17.3,13,4,55.60%,Friday,2026-06
2026-06-12,Emily Engstler,Pts + Rebs,Under,19.5,-120,53.80%,-1.60%,LOSS,19.3,20,-5,54.50%,Friday,2026-06
2026-06-12,Emily Engstler,Pts + Rebs,Over,17.5,-104,54.40%,7.00%,WIN,18.7,29,4.81,51.00%,Friday,2026-06
2026-06-12,Emily Engstler,Pts + Rebs,Under,16.5,-103,51.00%,0.50%,LOSS,17.1,6,-5,50.70%,Friday,2026-06
2026-06-12,Emily Engstler,Pts + Rebs,Under,13.5,-124,47.90%,-16.80%,WIN,13,8,4.03,55.40%,Friday,2026-06
2026-06-12,Emily Engstler,Pts + Rebs,Under,22.5,-125,59.70%,9.40%,LOSS,18.6,28,-5,55.60%,Friday,2026-06
2026-06-12,Emily Engstler,Pts + Rebs,Over,15.5,-108,53.60%,3.50%,WIN,16,30,4.63,51.90%,Friday,2026-06
2026-06-12,Emily Engstler,Pts + Rebs,Under,22.5,-106,53.20%,3.60%,LOSS,20.9,23,-5,51.50%,Friday,2026-06
2026-06-12,Emily Engstler,Pts + Rebs,Over,18.5,-112,54.20%,2.80%,WIN,18.7,22,4.46,52.80%,Friday,2026-06
2026-06-12,Emily Engstler,Pts + Rebs,Over,17.5,-106,54.70%,6.70%,LOSS,18.5,16,-5,51.50%,Friday,2026-06
2026-06-12,Emily Engstler,Rebs + Asts,Under,7.5,-118,48.70%,-11.80%,WIN,7.2,5,4.24,54.10%,Friday,2026-06
2026-06-12,Emily Engstler,Rebs + Asts,Under,8.5,-140,57.20%,-2.70%,WIN,8.2,6,3.57,58.30%,Friday,2026-06
2026-06-12,Emily Engstler,Rebs + Asts,Over,6.5,-146,61.10%,4.20%,LOSS,7.2,5,-5,59.30%,Friday,2026-06
2026-06-12,Emily Engstler,Rebs + Asts,Over,6.5,-160,62.20%,1.80%,LOSS,6.9,5,-5,61.50%,Friday,2026-06
2026-06-12,Emily Engstler,Rebs + Asts,Under,7.5,-146,51.30%,-19.80%,WIN,7.3,4,3.42,59.30%,Friday,2026-06
2026-06-12,Emily Engstler,Rebs + Asts,Over,6.5,-121,55.50%,1.70%,WIN,6.5,9,4.13,54.80%,Friday,2026-06
2026-06-12,Emily Engstler,Rebs + Asts,Under,10.5,-120,59.90%,11.90%,LOSS,9.2,14,-5,54.50%,Friday,2026-06
2026-06-12,Emily Engstler,Rebs + Asts,Under,6.5,-132,48.00%,-20.70%,LOSS,6.4,8,-5,56.90%,Friday,2026-06
2026-06-12,Emily Engstler,Rebs + Asts,Over,10.5,104,53.00%,7.80%,WIN,11.8,13,5.2,49.00%,Friday,2026-06
2026-06-12,Emily Engstler,Threes,Under,1.5,-270,74.40%,5.20%,WIN,0.81,1,1.85,73.00%,Friday,2026-06
2026-06-12,Emily Engstler,Threes,Over,1.5,108,53.30%,10.00%,LOSS,2.1,0,-5,48.10%,Friday,2026-06
2026-06-12,Emily Engstler,Threes,Over,1.5,138,45.90%,6.80%,LOSS,1.6,0,-5,42.00%,Friday,2026-06
2026-06-12,Emily Engstler,Threes,Over,1.5,-178,68.20%,11.50%,WIN,2.4,2,2.81,64.00%,Friday,2026-06
2026-06-12,Emily Engstler,Threes,Over,2.5,130,48.10%,8.20%,WIN,3.1,5,6.5,43.50%,Friday,2026-06
2026-06-12,Emily Engstler,Threes,Over,1.5,102,61.00%,22.80%,LOSS,2.7,0,-5,49.50%,Friday,2026-06
2026-06-12,Emily Engstler,Threes,Under,2.5,-104,60.50%,19.40%,LOSS,1.7,5,-5,51.00%,Friday,2026-06
2026-06-12,Emily Engstler,Threes,Over,1.5,-166,54.80%,-20.30%,WIN,1.8,5,3.01,62.40%,Friday,2026-06
2026-06-12,Emily Engstler,Threes,Over,1.5,126,48.00%,6.80%,LOSS,1.7,1,-5,44.20%,Friday,2026-06
2026-06-12,Emily Engstler,Threes,Over,1.5,126,43.00%,-2.30%,LOSS,1.5,1,-5,44.20%,Friday,2026-06
2026-06-13,Emily Engstler,Assists,Over,3.5,146,40.70%,0.20%,LOSS,3.5,1,-5,40.70%,Saturday,2026-06
2026-06-13,Emily Engstler,Assists,Over,2.5,-153,57.50%,-7.30%,WIN,3.2,5,3.27,60.50%,Saturday,2026-06
2026-06-13,Emily Engstler,Assists,Over,7.5,-152,60.60%,0.80%,WIN,8.3,12,3.29,60.30%,Saturday,2026-06
2026-06-13,Emily Engstler,Assists,Over,2.5,107,48.90%,1.10%,WIN,2.5,3,5.35,48.30%,Saturday,2026-06
2026-06-13,Emily Engstler,Assists,Over,3.5,134,44.90%,3.70%,LOSS,3.9,2,-5,42.70%,Saturday,2026-06
2026-06-13,Emily Engstler,Assists,Under,2.5,-129,57.90%,3.70%,WIN,1.9,1,3.88,56.30%,Saturday,2026-06
2026-06-13,Emily Engstler,Assists,Under,2.5,-104,53.70%,5.50%,LOSS,1.5,4,-5,51.00%,Saturday,2026-06
2026-06-13,Emily Engstler,Assists,Over,8.5,116,50.10%,7.20%,LOSS,9.6,5,-5,46.30%,Saturday,2026-06
2026-06-13,Emily Engstler,Assists,Under,5.5,-144,61.80%,6.90%,LOSS,4.3,8,-5,59.00%,Saturday,2026-06
2026-06-13,Emily Engstler,Assists,Over,6.5,-114,56.20%,6.20%,WIN,7.7,7,4.39,53.30%,Saturday,2026-06
2026-06-13,Emily Engstler,Assists,Over,3.5,-144,61.50%,6.00%,WIN,4.9,4,3.47,59.00%,Saturday,2026-06
2026-06-13,Emily Engstler,Assists,Over,2.5,106,50.10%,3.00%,LOSS,3,0,-5,48.50%,Saturday,2026-06
2026-06-13,Emily Engstler,Assists,Under,4.5,-166,62.00%,-1.00%,LOSS,4,5,-5,62.40%,Saturday,2026-06
2026-06-13,Emily Engstler,Assists,Over,6.5,106,49.30%,1.40%,WIN,6.9,10,5.3,48.50%,Saturday,2026-06
2026-06-13,Emily Engstler,Assists,Under,5.5,-136,59.20%,3.60%,WIN,5,2,3.68,57.60%,Saturday,2026-06
2026-06-13,Erica Wheeler,Assists,Over,2.5,-117,54.50%,1.30%,WIN,3.1,5,4.27,53.90%,Saturday,2026-06
2026-06-13,Erica Wheeler,Assists,Over,6.5,124,50.80%,11.10%,WIN,8.2,7,6.2,44.60%,Saturday,2026-06
2026-06-13,Erica Wheeler,Assists,Under,4.5,116,47.10%,1.50%,LOSS,4.4,7,-5,46.30%,Saturday,2026-06
2026-06-13,Erica Wheeler,Assists,Under,3.5,-160,63.10%,4.20%,LOSS,2.3,5,-5,61.50%,Saturday,2026-06
2026-06-13,Erica Wheeler,Assists,Over,2.5,-125,50.90%,-10.50%,LOSS,2.5,2,-5,55.60%,Saturday,2026-06
2026-06-13,Erica Wheeler,Assists,Under,2.5,-162,54.70%,-18.80%,LOSS,2.2,3,-5,61.80%,Saturday,2026-06
2026-06-13,Erica Wheeler,Assists,Over,6.5,112,50.80%,6.90%,LOSS,7.5,1,-5,47.20%,Saturday,2026-06
2026-06-13,Erica Wheeler,Assists,Under,3.5,-118,55.40%,2.70%,LOSS,3.4,4,-5,54.10%,Saturday,2026-06
2026-06-13,Erica Wheeler,Assists,Under,2.5,-111,55.00%,5.00%,LOSS,2.1,3,-5,52.60%,Saturday,2026-06
2026-06-13,Erica Wheeler,Points,Over,25.5,-130,56.60%,0.10%,LOSS,26.8,24,-5,56.50%,Saturday,2026-06
2026-06-13,Erica Wheeler,Points,Under,13.5,-128,61.50%,12.20%,WIN,8.4,7,3.91,56.10%,Saturday,2026-06
2026-06-13,Erica Wheeler,Points,Over,15.5,-114,54.80%,3.20%,LOSS,17.7,13,-5,53.30%,Saturday,2026-06
2026-06-13,Erica Wheeler,Points,Under,15.5,-125,50.60%,-11.10%,WIN,15.1,10,4,55.60%,Saturday,2026-06
2026-06-13,Erica Wheeler,Points,Under,12.5,100,54.00%,8.10%,WIN,10.3,8,5,50.00%,Saturday,2026-06
2026-06-13,Erica Wheeler,Points,Over,9.5,-110,47.30%,-10.70%,LOSS,9.8,6,-5,52.40%,Saturday,2026-06
2026-06-13,Erica Wheeler,Points,Under,14.5,-102,51.20%,1.40%,LOSS,14.2,22,-5,50.50%,Saturday,2026-06
2026-06-13,Erica Wheeler,Points,Under,11.5,-104,55.70%,9.50%,LOSS,7.8,17,-5,51.00%,Saturday,2026-06
2026-06-13,Erica Wheeler,Points,Under,13.5,-130,56.40%,-0.20%,LOSS,12.5,18,-5,56.50%,Saturday,2026-06
2026-06-13,Erica Wheeler,Points,Under,12.5,-104,56.50%,11.20%,LOSS,7.9,20,-5,51.00%,Saturday,2026-06
2026-06-13,Erica Wheeler,Points,Under,13.5,-132,62.20%,12.40%,WIN,8.7,10,3.79,56.90%,Saturday,2026-06
2026-06-13,Erica Wheeler,Points,Over,19.5,-120,54.60%,0.10%,WIN,19.8,25,4.17,54.50%,Saturday,2026-06
2026-06-13,Erica Wheeler,Points,Under,8.5,-133,52.80%,-10.00%,LOSS,7.8,9,-5,57.10%,Saturday,2026-06
2026-06-13,Erica Wheeler,Points,Under,14.5,-128,59.00%,6.40%,WIN,11.8,10,3.91,56.10%,Saturday,2026-06
2026-06-13,Erica Wheeler,Points,Over,11.5,-114,56.50%,6.90%,WIN,13.5,23,4.39,53.30%,Saturday,2026-06
2026-06-13,Erica Wheeler,Points,Over,11.5,-110,59.70%,15.50%,LOSS,18,4,-5,52.40%,Saturday,2026-06
2026-06-13,Erica Wheeler,Points,Over,15.5,-110,54.80%,5.10%,WIN,17.9,17,4.55,52.40%,Saturday,2026-06
2026-06-13,Erica Wheeler,Points,Over,8.5,-128,53.10%,-6.80%,WIN,9.3,10,3.91,56.10%,Saturday,2026-06
2026-06-13,Erica Wheeler,Points,Over,14.5,-108,57.40%,11.40%,LOSS,19,8,-5,51.90%,Saturday,2026-06
2026-06-13,Erica Wheeler,Points,Under,9.5,-110,53.30%,1.80%,WIN,8,4,4.55,52.40%,Saturday,2026-06
2026-06-13,Erica Wheeler,Points,Under,8.5,-108,54.90%,6.10%,LOSS,6.3,11,-5,51.90%,Saturday,2026-06
2026-06-13,Erica Wheeler,Points,Over,8.5,-130,53.60%,-6.60%,LOSS,9.5,6,-5,56.50%,Saturday,2026-06
2026-06-13,Erica Wheeler,Points,Over,16.5,-113,54.40%,2.80%,LOSS,18,16,-5,53.10%,Saturday,2026-06
2026-06-13,Erica Wheeler,Points,Under,12.5,-132,58.10%,2.70%,LOSS,10.9,13,-5,56.90%,Saturday,2026-06
2026-06-13,Erica Wheeler,Points,Under,17.5,-122,56.00%,2.40%,LOSS,16.2,41,-5,55.00%,Saturday,2026-06
2026-06-13,Erica Wheeler,Points,Over,12.5,-125,57.00%,3.30%,WIN,14.8,19,4,55.60%,Saturday,2026-06
2026-06-13,Erica Wheeler,Points,Over,18.5,-128,57.50%,3.00%,WIN,23.3,19,3.91,56.10%,Saturday,2026-06
2026-06-13,Erica Wheeler,Points,Over,20.5,-118,51.20%,-6.30%,WIN,23.8,43,4.24,54.10%,Saturday,2026-06
2026-06-13,Erica Wheeler,Points,Under,12.5,-106,52.50%,2.20%,WIN,11.5,11,4.72,51.50%,Saturday,2026-06
2026-06-13,Erica Wheeler,Points,Under,11.5,-106,52.90%,2.90%,LOSS,10.6,16,-5,51.50%,Saturday,2026-06
2026-06-13,Erica Wheeler,Points,Under,9.5,-118,54.40%,0.60%,WIN,8.7,9,4.24,54.10%,Saturday,2026-06
2026-06-13,Erica Wheeler,Points,Under,10.5,-138,59.30%,3.00%,WIN,8.7,15,3.62,58.00%,Saturday,2026-06
2026-06-13,Erica Wheeler,Points,Under,15.5,-106,53.80%,4.70%,LOSS,13.8,22,-5,51.50%,Saturday,2026-06
2026-06-13,Erica Wheeler,Points,Under,9.5,-135,55.20%,-5.40%,LOSS,8.5,11,-5,57.40%,Saturday,2026-06
2026-06-13,Erica Wheeler,Points,Under,7.5,-126,66.30%,-1.00%,LOSS,6.4,3,-5,55.80%,Saturday,2026-06
2026-06-13,Erica Wheeler,Points,Over,14.5,-135,61.90%,10.40%,WIN,20,15,3.7,57.40%,Saturday,2026-06
2026-06-13,Erica Wheeler,Points,Over,16.5,-113,57.00%,8.50%,WIN,19.8,29,4.42,53.10%,Saturday,2026-06
2026-06-13,Erica Wheeler,Points,Under,10.5,-115,55.80%,4.90%,WIN,8.8,9,4.35,53.50%,Saturday,2026-06
2026-06-13,Erica Wheeler,Points,Under,10.5,-128,57.80%,3.80%,WIN,8.4,10,3.91,56.10%,Saturday,2026-06
2026-06-13,Erica Wheeler,Points,Over,8.5,-104,51.70%,1.60%,WIN,10,11,4.81,51.00%,Saturday,2026-06
2026-06-13,Erica Wheeler,Pts + Asts,Over,29.5,-102,52.10%,3.30%,LOSS,31.1,25,-5,50.50%,Saturday,2026-06
2026-06-13,Erica Wheeler,Pts + Asts,Over,18.5,-117,56.00%,4.50%,LOSS,21.1,18,-5,53.90%,Saturday,2026-06
2026-06-13,Erica Wheeler,Pts + Asts,Over,23.5,-118,52.10%,-4.40%,LOSS,24.7,22,-5,54.10%,Saturday,2026-06
2026-06-13,Erica Wheeler,Pts + Asts,Over,11.5,-125,56.20%,1.40%,LOSS,12.4,9,-5,55.60%,Saturday,2026-06
2026-06-13,Erica Wheeler,Pts + Asts,Under,18.5,-128,50.50%,-12.90%,LOSS,18.4,24,-5,56.10%,Saturday,2026-06
2026-06-13,Erica Wheeler,Pts + Asts,Over,14.5,-123,55.40%,0.50%,WIN,15.6,21,4.07,55.20%,Saturday,2026-06
2026-06-13,Erica Wheeler,Pts + Asts,Under,15.5,-122,57.80%,6.20%,LOSS,10.6,21,-5,55.00%,Saturday,2026-06
2026-06-13,Erica Wheeler,Pts + Asts,Under,15.5,-106,55.00%,7.30%,WIN,10.2,14,4.72,51.50%,Saturday,2026-06
2026-06-13,Erica Wheeler,Pts + Asts,Over,28.5,-102,51.80%,2.60%,LOSS,29.8,30,-5,50.50%,Saturday,2026-06
2026-06-13,Erica Wheeler,Pts + Asts,Under,9.5,-140,46.40%,-28.70%,LOSS,8.8,11,-5,58.30%,Saturday,2026-06
2026-06-13,Erica Wheeler,Pts + Asts,Under,19.5,-112,57.20%,9.30%,WIN,15.7,18,4.46,52.80%,Saturday,2026-06
2026-06-13,Erica Wheeler,Pts + Asts,Over,18.5,-106,54.00%,5.20%,WIN,21,30,4.72,51.50%,Saturday,2026-06
2026-06-13,Erica Wheeler,Pts + Asts,Over,19.5,-106,54.60%,6.60%,WIN,22.7,21,4.72,51.50%,Saturday,2026-06
2026-06-13,Erica Wheeler,Pts + Asts,Over,16.5,-128,60.50%,10.00%,LOSS,21.9,9,-5,56.10%,Saturday,2026-06
2026-06-13,Erica Wheeler,Pts + Asts,Over,13.5,-102,51.70%,2.40%,LOSS,13.8,11,-5,50.50%,Saturday,2026-06
2026-06-13,Erica Wheeler,Pts + Asts,Over,23.5,100,48.40%,-3.10%,WIN,24.2,26,5,50.00%,Saturday,2026-06
2026-06-13,Erica Wheeler,Pts + Asts,Under,17.5,-112,53.90%,2.20%,WIN,16.4,15,4.46,52.80%,Saturday,2026-06
2026-06-13,Erica Wheeler,Pts + Asts,Under,19.5,-126,59.40%,8.20%,LOSS,16.4,42,-5,55.80%,Saturday,2026-06
2026-06-13,Erica Wheeler,Pts + Asts,Over,15.5,-128,57.90%,4.10%,WIN,18.5,24,3.91,56.10%,Saturday,2026-06
2026-06-13,Erica Wheeler,Pts + Asts,Over,26.5,-130,58.60%,4.90%,WIN,29.9,50,3.85,56.50%,Saturday,2026-06
2026-06-13,Erica Wheeler,Pts + Asts,Under,17.5,-102,53.00%,5.20%,LOSS,15.6,18,-5,50.50%,Saturday,2026-06
2026-06-13,Erica Wheeler,Pts + Asts,Under,12.5,-102,46.80%,-7.20%,LOSS,9.4,14,-5,50.50%,Saturday,2026-06
2026-06-13,Erica Wheeler,Pts + Asts,Under,18.5,-109,55.00%,5.90%,LOSS,16.1,24,-5,52.20%,Saturday,2026-06
2026-06-13,Erica Wheeler,Pts + Asts,Over,8.5,-133,61.40%,10.00%,LOSS,8.1,5,-5,57.10%,Saturday,2026-06
2026-06-13,Erica Wheeler,Pts + Asts,Over,17.5,-114,56.50%,7.00%,WIN,21.4,18,4.39,53.30%,Saturday,2026-06
2026-06-13,Erica Wheeler,Pts + Asts,Over,22.5,-118,56.60%,5.40%,WIN,25.9,30,4.24,54.10%,Saturday,2026-06
2026-06-13,Erica Wheeler,Pts + Asts,Under,14.5,-125,56.30%,1.80%,WIN,11.9,13,4,55.60%,Saturday,2026-06
2026-06-13,Erica Wheeler,Pts + Asts,Under,13.5,-125,54.50%,-2.30%,WIN,10.5,13,4,55.60%,Saturday,2026-06
2026-06-13,Erica Wheeler,Pts + Rebs,Over,35.5,-122,57.60%,5.90%,LOSS,39.1,34,-5,55.00%,Saturday,2026-06
2026-06-13,Erica Wheeler,Pts + Rebs,Under,18.5,-118,59.90%,12.60%,WIN,13.3,10,4.24,54.10%,Saturday,2026-06
2026-06-13,Erica Wheeler,Pts + Rebs,Over,23.5,-128,56.70%,1.30%,WIN,25.8,24,3.91,56.10%,Saturday,2026-06
2026-06-13,Erica Wheeler,Pts + Rebs,Over,22.5,-130,57.90%,3.30%,LOSS,25.2,17,-5,56.50%,Saturday,2026-06
2026-06-13,Erica Wheeler,Pts + Rebs,Under,24.5,-122,61.20%,13.80%,WIN,18.4,13,4.1,55.00%,Saturday,2026-06
2026-06-13,Erica Wheeler,Pts + Rebs,Over,12.5,-132,57.00%,0.20%,LOSS,12.9,7,-5,56.90%,Saturday,2026-06
2026-06-13,Erica Wheeler,Pts + Rebs,Over,17.5,-130,56.40%,-0.20%,WIN,17.9,28,3.85,56.50%,Saturday,2026-06
2026-06-13,Erica Wheeler,Pts + Rebs,Over,14.5,-128,57.20%,2.30%,WIN,17.2,22,3.91,56.10%,Saturday,2026-06
2026-06-13,Erica Wheeler,Pts + Rebs,Under,16.5,-114,56.80%,7.60%,LOSS,12.2,24,-5,53.30%,Saturday,2026-06
2026-06-13,Erica Wheeler,Pts + Rebs,Under,18.5,-116,57.60%,8.00%,WIN,14.5,12,4.31,53.70%,Saturday,2026-06
2026-06-13,Erica Wheeler,Pts + Rebs,Over,24.5,-114,47.30%,-12.70%,WIN,24.9,28,4.39,53.30%,Saturday,2026-06
2026-06-13,Erica Wheeler,Pts + Rebs,Under,12.5,-120,47.40%,-15.70%,LOSS,12.1,18,-5,54.50%,Saturday,2026-06
2026-06-13,Erica Wheeler,Pts + Rebs,Under,16.5,-130,62.00%,12.50%,WIN,11.5,15,3.85,56.50%,Saturday,2026-06
2026-06-13,Erica Wheeler,Pts + Rebs,Over,15.5,-110,55.30%,6.10%,WIN,18,27,4.55,52.40%,Saturday,2026-06
2026-06-13,Erica Wheeler,Pts + Rebs,Over,20.5,-114,56.20%,4.50%,WIN,22.8,22,4.39,53.30%,Saturday,2026-06
2026-06-13,Erica Wheeler,Pts + Rebs,Over,13.5,-108,52.90%,2.00%,LOSS,14,11,-5,51.90%,Saturday,2026-06
2026-06-13,Erica Wheeler,Pts + Rebs,Over,22.5,-118,57.10%,6.60%,LOSS,26.4,14,-5,54.10%,Saturday,2026-06
2026-06-13,Erica Wheeler,Pts + Rebs,Under,14.5,-130,59.70%,7.30%,LOSS,10.6,17,-5,56.50%,Saturday,2026-06
2026-06-13,Erica Wheeler,Pts + Rebs,Over,21.5,-110,55.30%,6.20%,LOSS,23.8,21,-5,52.40%,Saturday,2026-06
2026-06-13,Erica Wheeler,Pts + Rebs,Under,22.5,-112,58.90%,12.80%,LOSS,19.6,27,-5,52.80%,Saturday,2026-06
2026-06-13,Erica Wheeler,Pts + Rebs,Under,20.5,-109,56.80%,9.70%,LOSS,17.7,51,-5,52.20%,Saturday,2026-06
2026-06-13,Erica Wheeler,Pts + Rebs,Over,16.5,-114,57.30%,6.00%,WIN,19.1,21,4.39,53.30%,Saturday,2026-06
2026-06-13,Erica Wheeler,Pts + Rebs,Over,23.5,-108,54.10%,4.50%,WIN,26.3,45,4.63,51.90%,Saturday,2026-06
2026-06-13,Erica Wheeler,Pts + Rebs,Under,16.5,-121,55.90%,2.50%,LOSS,14,22,-5,54.80%,Saturday,2026-06
2026-06-13,Erica Wheeler,Pts + Rebs,Under,12.5,-110,54.70%,4.80%,WIN,9.4,11,4.55,52.40%,Saturday,2026-06
2026-06-13,Erica Wheeler,Pts + Rebs,Under,17.5,-120,54.90%,0.80%,LOSS,15,21,-5,54.50%,Saturday,2026-06
2026-06-13,Erica Wheeler,Pts + Rebs,Under,23.5,-122,57.50%,5.80%,LOSS,20.9,31,-5,55.00%,Saturday,2026-06
2026-06-13,Erica Wheeler,Pts + Rebs,Under,17.5,-112,54.20%,3.00%,LOSS,14.7,23,-5,52.80%,Saturday,2026-06
2026-06-13,Erica Wheeler,Pts + Rebs,Under,13.5,-126,53.30%,-5.50%,WIN,11.9,6,3.97,55.80%,Saturday,2026-06
2026-06-13,Erica Wheeler,Pts + Rebs,Over,23.5,-128,57.70%,3.70%,WIN,26.6,30,3.91,56.10%,Saturday,2026-06
2026-06-13,Erica Wheeler,Pts + Rebs,Over,21.5,-118,58.30%,6.30%,WIN,24.3,33,4.24,54.10%,Saturday,2026-06
2026-06-13,Erica Wheeler,Pts + Rebs,Under,12.5,-116,55.70%,4.30%,WIN,11.2,12,4.31,53.70%,Saturday,2026-06
2026-06-13,Flau'jae Johnson,Pts + Rebs,Under,14.5,-110,56.50%,8.60%,LOSS,11.3,15,-5,52.40%,Saturday,2026-06
2026-06-13,Flau'jae Johnson,Rebs + Asts,Over,12.5,-132,53.70%,-7.30%,LOSS,13.1,11,-5,56.90%,Saturday,2026-06
2026-06-13,Flau'jae Johnson,Rebs + Asts,Over,11.5,107,50.90%,5.10%,WIN,12.2,16,5.35,48.30%,Saturday,2026-06
2026-06-13,Flau'jae Johnson,Rebs + Asts,Over,15.5,-125,55.80%,0.50%,WIN,16.3,19,4,55.60%,Saturday,2026-06
2026-06-13,Flau'jae Johnson,Rebs + Asts,Over,6.5,120,48.70%,6.00%,WIN,6.5,8,6,45.50%,Saturday,2026-06
2026-06-13,Flau'jae Johnson,Rebs + Asts,Over,4.5,112,55.50%,15.80%,WIN,3.8,7,5.6,47.20%,Saturday,2026-06
2026-06-13,Flau'jae Johnson,Rebs + Asts,Under,6.5,-157,50.50%,-27.20%,WIN,5.3,5,3.18,61.10%,Saturday,2026-06
2026-06-13,Flau'jae Johnson,Rebs + Asts,Under,8.5,-146,64.10%,11.60%,WIN,6,6,3.42,59.30%,Saturday,2026-06
2026-06-13,Flau'jae Johnson,Rebs + Asts,Over,12.5,-132,54.90%,-4.70%,LOSS,13.4,8,-5,56.90%,Saturday,2026-06
2026-06-13,Flau'jae Johnson,Rebs + Asts,Under,7.5,-136,58.10%,1.20%,LOSS,5.7,13,-5,57.60%,Saturday,2026-06
2026-06-13,Flau'jae Johnson,Rebs + Asts,Over,10.5,-106,54.30%,5.80%,WIN,11.7,11,4.72,51.50%,Saturday,2026-06
2026-06-13,Flau'jae Johnson,Rebs + Asts,Over,9.5,108,51.80%,7.10%,LOSS,10.7,9,-5,48.10%,Saturday,2026-06
2026-06-13,Flau'jae Johnson,Rebs + Asts,Over,10.5,-114,47.60%,-12.20%,LOSS,10.6,6,-5,53.30%,Saturday,2026-06
2026-06-13,Flau'jae Johnson,Rebs + Asts,Over,10.5,-138,59.50%,3.70%,WIN,11.8,15,3.62,58.00%,Saturday,2026-06
2026-06-13,Flau'jae Johnson,Rebs + Asts,Under,15.5,102,50.10%,1.30%,LOSS,15.3,16,-5,49.50%,Saturday,2026-06
2026-06-13,Flau'jae Johnson,Rebs + Asts,Over,6.5,-115,54.60%,2.40%,WIN,6.7,7,4.35,53.50%,Saturday,2026-06
2026-06-13,Flau'jae Johnson,Rebs + Asts,Over,8.5,-114,55.60%,4.90%,WIN,9.4,9,4.39,53.30%,Saturday,2026-06
2026-06-13,Flau'jae Johnson,Rebs + Asts,Under,6.5,-142,48.70%,-24.20%,LOSS,4.8,7,-5,58.70%,Saturday,2026-06
2026-06-13,Flau'jae Johnson,Rebs + Asts,Under,10.5,-127,61.20%,12.00%,LOSS,8.6,11,-5,55.90%,Saturday,2026-06
2026-06-13,Flau'jae Johnson,Rebs + Asts,Under,7.5,-115,55.10%,3.50%,WIN,6.5,5,4.35,53.50%,Saturday,2026-06
2026-06-13,Flau'jae Johnson,Rebs + Asts,Over,10.5,-138,49.90%,-19.30%,WIN,10.5,18,3.62,58.00%,Saturday,2026-06
2026-06-13,Flau'jae Johnson,Rebs + Asts,Over,11.5,-112,55.30%,5.30%,LOSS,12.8,5,-5,52.80%,Saturday,2026-06
2026-06-13,Flau'jae Johnson,Rebs + Asts,Under,6.5,-123,46.10%,-20.30%,LOSS,6.1,7,-5,55.20%,Saturday,2026-06
2026-06-13,Flau'jae Johnson,Rebs + Asts,Over,6.5,-150,58.60%,-6.00%,WIN,5.5,8,3.33,60.00%,Saturday,2026-06
2026-06-13,Flau'jae Johnson,Threes,Under,1.5,-245,62.80%,-28.50%,WIN,1.3,1,2.04,71.00%,Saturday,2026-06
2026-06-13,Flau'jae Johnson,Threes,Over,0.5,-203,55.30%,-35.40%,WIN,0.66,1,2.46,67.00%,Saturday,2026-06
2026-06-13,Flau'jae Johnson,Threes,Over,1.5,162,41.30%,5.10%,LOSS,1.6,1,-5,38.20%,Saturday,2026-06
2026-06-13,Flau'jae Johnson,Threes,Under,1.5,116,52.00%,10.70%,LOSS,1.3,2,-5,46.30%,Saturday,2026-06
2026-06-13,Flau'jae Johnson,Threes,Under,1.5,124,50.50%,10.50%,LOSS,1.5,3,-5,44.60%,Saturday,2026-06
2026-06-13,Flau'jae Johnson,Threes,Over,1.5,-186,51.40%,-39.10%,WIN,1.5,6,2.69,65.00%,Saturday,2026-06
2026-06-13,Flau'jae Johnson,Threes,Over,2.5,-128,48.60%,-17.20%,WIN,2.5,5,3.91,56.10%,Saturday,2026-06
2026-06-13,Flau'jae Johnson,Threes,Over,0.5,106,48.60%,0.20%,WIN,0.67,2,5.3,48.50%,Saturday,2026-06
2026-06-13,Flau'jae Johnson,Threes,Under,0.5,-126,51.20%,-10.30%,LOSS,0.42,2,-5,55.80%,Saturday,2026-06
2026-06-13,Flau'jae Johnson,Threes,Over,1.5,-154,65.90%,13.40%,WIN,2.4,6,3.25,60.60%,Saturday,2026-06
2026-06-13,Flau'jae Johnson,Threes,Over,1.5,118,59.20%,6.20%,LOSS,1.8,1,-5,45.90%,Saturday,2026-06
2026-06-13,Flau'jae Johnson,Threes,Under,1.5,-245,73.50%,8.90%,LOSS,0.74,3,-5,71.00%,Saturday,2026-06
2026-06-13,Flau'jae Johnson,Threes,Under,1.5,-200,61.10%,-16.80%,LOSS,1.4,2,-5,66.70%,Saturday,2026-06
2026-06-13,Flau'jae Johnson,Threes,Under,2.5,-192,59.80%,-17.30%,WIN,2.3,1,2.6,65.80%,Saturday,2026-06
2026-06-13,Flau'jae Johnson,Threes,Under,1.5,-108,61.40%,19.70%,LOSS,0.87,6,-5,51.90%,Saturday,2026-06
2026-06-13,Flau'jae Johnson,Threes,Over,1.5,-146,65.10%,14.20%,WIN,2.4,3,3.42,59.30%,Saturday,2026-06
2026-06-13,Flau'jae Johnson,Threes,Under,2.5,-188,60.80%,-13.00%,WIN,2.2,2,2.66,65.30%,Saturday,2026-06
2026-06-13,Flau'jae Johnson,Threes,Under,2.5,-154,66.80%,15.60%,LOSS,1.7,5,-5,60.60%,Saturday,2026-06
2026-06-13,Flau'jae Johnson,Threes,Under,1.5,-200,66.50%,-0.50%,WIN,1.1,1,2.5,66.70%,Saturday,2026-06
2026-06-13,Flau'jae Johnson,Threes,Under,1.5,-200,63.40%,-9.80%,WIN,1.2,1,2.5,66.70%,Saturday,2026-06
2026-06-13,Flau'jae Johnson,Threes,Over,1.5,168,43.00%,9.00%,LOSS,1.6,1,-5,37.30%,Saturday,2026-06
2026-06-13,Flau'jae Johnson,Threes,Over,1.5,162,43.90%,9.30%,WIN,1.7,3,8.1,38.20%,Saturday,2026-06
2026-06-13,Flau'jae Johnson,Threes,Over,0.5,-196,68.80%,7.60%,WIN,1.4,3,2.55,66.20%,Saturday,2026-06
2026-06-13,Flau'jae Johnson,Threes,Under,1.5,-148,60.20%,1.20%,LOSS,1.3,2,-5,59.70%,Saturday,2026-06
2026-06-13,Flau'jae Johnson,Threes,Over,1.5,138,42.50%,1.00%,WIN,1.5,3,6.9,42.00%,Saturday,2026-06
2026-06-14,Flau'jae Johnson,Assists,Under,3.5,-192,61.10%,-13.60%,WIN,3.2,1,2.6,65.80%,Sunday,2026-06
2026-06-14,Flau'jae Johnson,Assists,Under,3.5,-136,59.40%,4.20%,WIN,2.5,1,3.68,57.60%,Sunday,2026-06
2026-06-14,Flau'jae Johnson,Assists,Under,3.5,-172,61.30%,-5.40%,LOSS,3.3,4,-5,63.20%,Sunday,2026-06
2026-06-14,Flau'jae Johnson,Assists,Over,6.5,110,49.10%,2.90%,WIN,7.4,9,5.5,47.60%,Sunday,2026-06
2026-06-14,Flau'jae Johnson,Assists,Over,3.5,-104,52.20%,2.50%,LOSS,4,2,-5,51.00%,Sunday,2026-06
2026-06-14,Flau'jae Johnson,Assists,Over,3.5,-120,58.20%,8.10%,LOSS,4.6,2,-5,54.50%,Sunday,2026-06
2026-06-14,Flau'jae Johnson,Assists,Over,5.5,106,54.30%,11.30%,LOSS,7.5,3,-5,48.50%,Sunday,2026-06
2026-06-14,Flau'jae Johnson,Assists,Under,3.5,-180,67.20%,8.10%,LOSS,2,4,-5,64.30%,Sunday,2026-06
2026-06-14,Flau'jae Johnson,Assists,Under,3.5,-128,57.40%,2.80%,WIN,2.9,2,3.91,56.10%,Sunday,2026-06
2026-06-14,Flau'jae Johnson,Points,Over,17.5,-130,58.30%,4.00%,WIN,19.4,26,3.85,56.50%,Sunday,2026-06
2026-06-14,Flau'jae Johnson,Points,Over,14.5,-122,50.70%,-9.40%,WIN,14.7,15,4.1,55.00%,Sunday,2026-06
2026-06-14,Flau'jae Johnson,Points,Under,19.5,-122,48.90%,-13.50%,WIN,19.4,14,4.1,55.00%,Sunday,2026-06
2026-06-14,Flau'jae Johnson,Points,Under,20.5,-128,60.60%,10.20%,WIN,15.8,11,3.91,56.10%,Sunday,2026-06
2026-06-14,Flau'jae Johnson,Points,Under,13.5,-130,49.50%,-16.10%,LOSS,13.2,20,-5,56.50%,Sunday,2026-06
2026-06-14,Flau'jae Johnson,Points,Over,11.5,-102,48.30%,-4.40%,LOSS,11.9,5,-5,50.50%,Sunday,2026-06
2026-06-14,Flau'jae Johnson,Points,Under,6.5,-131,57.80%,2.50%,LOSS,5.9,13,-5,56.70%,Sunday,2026-06
2026-06-14,Flau'jae Johnson,Points,Under,9.5,100,51.10%,2.20%,WIN,8.2,5,5,50.00%,Sunday,2026-06
2026-06-14,Flau'jae Johnson,Points,Under,6.5,-120,56.10%,3.40%,LOSS,4.9,8,-5,54.50%,Sunday,2026-06
2026-06-14,Flau'jae Johnson,Points,Under,18.5,-118,57.30%,6.90%,WIN,15.6,9,4.24,54.10%,Sunday,2026-06
2026-06-14,Flau'jae Johnson,Points,Over,17.5,-106,55.10%,7.60%,WIN,20,24,4.72,51.50%,Sunday,2026-06
2026-06-14,Flau'jae Johnson,Points,Over,13.5,-128,58.20%,4.70%,LOSS,16.6,5,-5,56.10%,Sunday,2026-06
2026-06-14,Flau'jae Johnson,Points,Under,15.5,100,54.70%,9.40%,WIN,12.4,8,5,50.00%,Sunday,2026-06
2026-06-14,Flau'jae Johnson,Points,Under,16.5,-130,59.60%,7.10%,WIN,13,12,3.85,56.50%,Sunday,2026-06
2026-06-14,Flau'jae Johnson,Pts + Asts,Over,17.5,-130,56.80%,0.70%,LOSS,18.9,16,-5,56.50%,Sunday,2026-06
2026-06-14,Flau'jae Johnson,Pts + Asts,Over,22.5,-125,48.20%,-16.60%,LOSS,22.6,15,-5,55.60%,Sunday,2026-06
2026-06-14,Flau'jae Johnson,Pts + Asts,Under,23.5,-118,57.10%,6.50%,WIN,20.3,15,4.24,54.10%,Sunday,2026-06
2026-06-14,Flau'jae Johnson,Pts + Asts,Over,15.5,-128,51.20%,-11.30%,WIN,16.4,21,3.91,56.10%,Sunday,2026-06
2026-06-14,Flau'jae Johnson,Pts + Asts,Over,17.5,-118,55.90%,3.90%,LOSS,19.7,14,-5,54.10%,Sunday,2026-06
2026-06-14,Flau'jae Johnson,Pts + Asts,Under,22.5,-130,58.90%,5.40%,WIN,19.6,11,3.85,56.50%,Sunday,2026-06
2026-06-14,Flau'jae Johnson,Pts + Asts,Over,20.5,100,53.60%,7.10%,WIN,24.6,26,5,50.00%,Sunday,2026-06
2026-06-14,Flau'jae Johnson,Pts + Asts,Over,19.5,-118,57.50%,7.40%,LOSS,23.5,8,-5,54.10%,Sunday,2026-06
2026-06-14,Flau'jae Johnson,Pts + Asts,Under,19.5,-125,60.20%,10.50%,WIN,14.5,12,4,55.60%,Sunday,2026-06
2026-06-14,Flau'jae Johnson,Pts + Asts,Under,19.5,-112,57.20%,9.30%,WIN,15.7,14,4.46,52.80%,Sunday,2026-06
2026-06-14,Flau'jae Johnson,Pts + Rebs,Over,21.5,-122,57.70%,6.10%,WIN,24.2,29,4.1,55.00%,Sunday,2026-06
2026-06-14,Flau'jae Johnson,Pts + Rebs,Under,27.5,-122,54.40%,-1.30%,LOSS,27.5,32,-5,55.00%,Sunday,2026-06
2026-06-14,Flau'jae Johnson,Pts + Rebs,Under,27.5,-102,52.40%,3.90%,WIN,26.9,26,4.9,50.50%,Sunday,2026-06
2026-06-14,Flau'jae Johnson,Pts + Rebs,Under,24.5,-123,59.50%,9.60%,WIN,20.6,13,4.07,55.20%,Sunday,2026-06
2026-06-14,Flau'jae Johnson,Pts + Rebs,Under,22.5,-130,49.50%,-16.20%,LOSS,21.5,24,-5,56.50%,Sunday,2026-06
2026-06-14,Flau'jae Johnson,Pts + Rebs,Over,14.5,-114,55.40%,4.50%,LOSS,15.5,10,-5,53.30%,Sunday,2026-06
2026-06-14,Flau'jae Johnson,Pts + Rebs,Under,14.5,-125,56.10%,1.20%,WIN,12,7,4,55.60%,Sunday,2026-06
2026-06-14,Flau'jae Johnson,Pts + Rebs,Under,9.5,-132,47.70%,-21.30%,LOSS,9.1,10,-5,56.90%,Sunday,2026-06
2026-06-14,Flau'jae Johnson,Pts + Rebs,Under,22.5,-130,60.70%,9.60%,WIN,18.9,13,3.85,56.50%,Sunday,2026-06
2026-06-14,Flau'jae Johnson,Pts + Rebs,Over,11.5,-108,52.70%,1.70%,WIN,12.4,12,4.63,51.90%,Sunday,2026-06
2026-06-14,Flau'jae Johnson,Pts + Rebs,Over,21.5,-130,58.20%,4.00%,WIN,23,30,3.85,56.50%,Sunday,2026-06
2026-06-14,Flau'jae Johnson,Pts + Rebs,Over,17.5,-112,57.20%,9.20%,LOSS,22,8,-5,52.80%,Sunday,2026-06
2026-06-14,Flau'jae Johnson,Pts + Rebs,Under,25.5,-102,57.60%,14.20%,WIN,19.1,14,4.9,50.50%,Sunday,2026-06
2026-06-14,Flau'jae Johnson,Pts + Rebs,Under,18.5,-102,53.10%,5.30%,WIN,16.1,15,4.9,50.50%,Sunday,2026-06
2026-06-14,Flau'jae Johnson,Rebs + Asts,Over,15.5,-106,52.80%,2.80%,WIN,16.3,18,4.72,51.50%,Sunday,2026-06
2026-06-14,Flau'jae Johnson,Rebs + Asts,Under,12.5,-140,65.50%,17.20%,LOSS,9.7,13,-5,58.30%,Sunday,2026-06
2026-06-14,Flau'jae Johnson,Rebs + Asts,Under,7.5,-130,50.60%,-13.60%,WIN,7,6,3.85,56.50%,Sunday,2026-06
2026-06-14,Flau'jae Johnson,Rebs + Asts,Over,11.5,-123,55.80%,1.50%,LOSS,12.2,5,-5,55.20%,Sunday,2026-06
2026-06-14,Flau'jae Johnson,Rebs + Asts,Over,9.5,-108,50.40%,-3.20%,WIN,9.7,14,4.63,51.90%,Sunday,2026-06
2026-06-14,Flau'jae Johnson,Rebs + Asts,Under,7.5,-152,52.20%,-20.60%,WIN,7.2,6,3.29,60.30%,Sunday,2026-06
2026-06-14,Flau'jae Johnson,Rebs + Asts,Under,7.5,-130,48.80%,-17.80%,LOSS,7.5,8,-5,56.50%,Sunday,2026-06
2026-06-14,Flau'jae Johnson,Rebs + Asts,Over,8.5,112,53.10%,11.20%,LOSS,11.3,6,-5,47.20%,Sunday,2026-06
2026-06-14,Flau'jae Johnson,Rebs + Asts,Under,12.5,-138,66.50%,20.20%,WIN,9,10,3.62,58.00%,Sunday,2026-06
2026-06-14,Flau'jae Johnson,Rebs + Asts,Under,6.5,-120,46.20%,-18.30%,WIN,6.2,5,4.17,54.50%,Sunday,2026-06
2026-06-14,Flau'jae Johnson,Threes,Over,1.5,-130,57.90%,3.30%,WIN,2,5,3.85,56.50%,Sunday,2026-06
2026-06-14,Flau'jae Johnson,Threes,Under,0.5,112,48.80%,3.00%,LOSS,0.28,1,-5,47.20%,Sunday,2026-06
2026-06-14,Flau'jae Johnson,Threes,Under,1.5,-270,75.00%,7.50%,WIN,0.69,0,1.85,73.00%,Sunday,2026-06
2026-06-14,Flau'jae Johnson,Threes,Under,1.5,-146,59.20%,-0.30%,LOSS,1.5,3,-5,59.30%,Sunday,2026-06
2026-06-14,Flau'jae Johnson,Threes,Under,2.5,-104,61.60%,21.70%,WIN,1.5,2,4.81,51.00%,Sunday,2026-06
2026-06-14,Flau'jae Johnson,Threes,Over,1.5,-130,64.90%,19.30%,WIN,2.7,2,3.85,56.50%,Sunday,2026-06
2026-06-14,Flau'jae Johnson,Threes,Over,2.5,-182,76.00%,32.50%,WIN,4.9,4,2.75,64.50%,Sunday,2026-06
2026-06-14,Flau'jae Johnson,Threes,Over,1.5,-174,58.10%,-14.80%,LOSS,2,0,-5,63.50%,Sunday,2026-06
2026-06-14,Flau'jae Johnson,Threes,Over,1.5,126,45.30%,1.90%,LOSS,1.6,1,-5,44.20%,Sunday,2026-06
2026-06-15,Flau'jae Johnson,Assists,Under,3.5,-178,60.70%,-9.40%,WIN,3.3,2,2.81,64.00%,Monday,2026-06
2026-06-15,Flau'jae Johnson,Assists,Under,3.5,-138,57.30%,-1.50%,LOSS,3.6,7,-5,58.00%,Monday,2026-06
2026-06-15,Flau'jae Johnson,Assists,Under,2.5,-173,63.60%,0.60%,WIN,1.9,2,2.89,63.40%,Monday,2026-06
2026-06-15,Flau'jae Johnson,Assists,Under,5.5,-120,57.30%,6.10%,WIN,4.9,3,4.17,54.50%,Monday,2026-06
2026-06-15,Flau'jae Johnson,Assists,Over,6.5,-114,56.40%,6.70%,WIN,7.8,9,4.39,53.30%,Monday,2026-06
2026-06-15,Flau'jae Johnson,Assists,Over,3.5,-162,63.80%,5.20%,WIN,4.9,4,3.09,61.80%,Monday,2026-06
2026-06-15,Flau'jae Johnson,Assists,Under,2.5,-193,64.40%,-4.30%,LOSS,1.1,3,-5,65.90%,Monday,2026-06
2026-06-15,Flau'jae Johnson,Assists,Under,4.5,-140,51.20%,-17.10%,LOSS,4.4,5,-5,58.30%,Monday,2026-06
2026-06-15,Flau'jae Johnson,Assists,Under,3.5,-192,61.00%,-13.90%,WIN,3.2,1,2.6,65.80%,Monday,2026-06
2026-06-15,Flau'jae Johnson,Assists,Over,6.5,100,50.80%,1.60%,LOSS,7.2,5,-5,50.00%,Monday,2026-06
2026-06-15,Flau'jae Johnson,Assists,Under,5.5,-138,60.10%,5.00%,LOSS,4.7,9,-5,58.00%,Monday,2026-06
2026-06-15,Flau'jae Johnson,Assists,Over,2.5,-128,57.70%,3.50%,WIN,3.5,4,3.91,56.10%,Monday,2026-06
2026-06-15,Flau'jae Johnson,Assists,Over,6.5,118,51.70%,10.70%,LOSS,8.3,1,-5,45.90%,Monday,2026-06
2026-06-15,Flau'jae Johnson,Assists,Over,2.5,-146,52.60%,-16.60%,LOSS,2.6,1,-5,59.30%,Monday,2026-06
2026-06-15,Flau'jae Johnson,Assists,Under,2.5,-189,57.10%,-24.10%,WIN,2.2,2,2.65,65.40%,Monday,2026-06
2026-06-15,Frieda Buhner,Assists,Over,6.5,-106,52.10%,1.40%,LOSS,7.3,5,-5,51.50%,Monday,2026-06
2026-06-15,Frieda Buhner,Assists,Over,5.5,102,51.20%,3.40%,WIN,6.1,7,5.1,49.50%,Monday,2026-06
2026-06-15,Frieda Buhner,Assists,Under,2.5,122,48.90%,7.10%,WIN,2.2,2,6.1,45.00%,Monday,2026-06
2026-06-15,Frieda Buhner,Assists,Over,2.5,-154,53.20%,-18.80%,LOSS,2.5,2,-5,60.60%,Monday,2026-06
2026-06-15,Gabby Williams,Assists,Over,6.5,-132,60.30%,8.00%,LOSS,8.2,3,-5,56.90%,Monday,2026-06
2026-06-15,Gabby Williams,Points,Over,25.5,-108,53.20%,2.70%,LOSS,27.1,18,-5,51.90%,Monday,2026-06
2026-06-15,Gabby Williams,Points,Under,8.5,-130,49.70%,-15.70%,WIN,8.4,6,3.85,56.50%,Monday,2026-06
2026-06-15,Gabby Williams,Points,Under,14.5,100,51.60%,3.50%,LOSS,13.6,22,-5,50.00%,Monday,2026-06
2026-06-15,Gabby Williams,Points,Under,14.5,-130,55.00%,-3.50%,LOSS,14.1,19,-5,56.50%,Monday,2026-06
2026-06-15,Gabby Williams,Points,Under,12.5,-113,58.30%,11.10%,WIN,8.7,3,4.42,53.10%,Monday,2026-06
2026-06-15,Gabby Williams,Points,Over,7.5,-108,52.60%,1.40%,WIN,8.3,10,4.63,51.90%,Monday,2026-06
2026-06-15,Gabby Williams,Points,Under,13.5,-128,57.30%,2.70%,WIN,11.4,10,3.91,56.10%,Monday,2026-06
2026-06-15,Gabby Williams,Points,Over,11.5,-125,58.30%,6.30%,LOSS,13.7,0,-5,55.60%,Monday,2026-06
2026-06-15,Gabby Williams,Points,Over,16.5,100,51.60%,5.00%,LOSS,18.1,16,-5,50.00%,Monday,2026-06
2026-06-15,Gabby Williams,Points,Over,12.5,-130,62.90%,14.60%,LOSS,19.1,6,-5,56.50%,Monday,2026-06
2026-06-15,Gabby Williams,Points,Under,8.5,-114,55.70%,5.30%,LOSS,6.4,9,-5,53.30%,Monday,2026-06
2026-06-15,Gabby Williams,Points,Over,7.5,-125,56.10%,1.30%,LOSS,8.9,0,-5,55.60%,Monday,2026-06
2026-06-15,Gabby Williams,Points,Under,16.5,-106,55.60%,8.60%,WIN,13.3,8.6,4.72,51.50%,Monday,2026-06
2026-06-15,Gabby Williams,Points,Over,15.5,-132,57.90%,2.40%,LOSS,17.7,6,-5,56.90%,Monday,2026-06
2026-06-15,Gabby Williams,Points,Over,13.5,-120,56.50%,4.40%,LOSS,15.7,7,-5,54.50%,Monday,2026-06
2026-06-15,Gabby Williams,Points,Under,12.5,-114,56.60%,7.20%,LOSS,10.1,15,-5,53.30%,Monday,2026-06
2026-06-15,Gabby Williams,Points,Over,7.5,-114,54.40%,2.40%,WIN,8.9,21,4.39,53.30%,Monday,2026-06
2026-06-15,Gabby Williams,Points,Over,14.5,-108,52.80%,1.80%,LOSS,15.3,14,-5,51.90%,Monday,2026-06
2026-06-15,Gabby Williams,Points,Under,10.5,-118,55.70%,3.40%,WIN,9.4,6,4.24,54.10%,Monday,2026-06
2026-06-15,Gabby Williams,Points,Over,20.5,-108,55.70%,7.90%,LOSS,24.5,9,-5,51.90%,Monday,2026-06
2026-06-15,Gabby Williams,Points,Under,13.5,-128,57.30%,2.70%,WIN,11.4,9,3.91,56.10%,Monday,2026-06
2026-06-15,Gabby Williams,Points,Under,10.5,-130,58.10%,3.60%,LOSS,8.3,9,-5,56.50%,Monday,2026-06
2026-06-15,Gabby Williams,Points,Under,16.5,-114,53.40%,0.30%,LOSS,16,18,-5,53.30%,Monday,2026-06
2026-06-15,Gabby Williams,Points,Under,7.5,-125,55.80%,0.60%,LOSS,6.2,15,-5,55.60%,Monday,2026-06
2026-06-15,Gabby Williams,Points,Over,13.5,-132,62.70%,13.50%,LOSS,20,9,-5,56.90%,Monday,2026-06
2026-06-15,Gabby Williams,Points,Over,17.5,104,53.40%,8.60%,LOSS,21,12,-5,49.00%,Monday,2026-06
2026-06-15,Gabby Williams,Points,Over,19.5,100,51.10%,2.10%,LOSS,19.8,10,-5,50.00%,Monday,2026-06
2026-06-15,Gabby Williams,Points,Under,9.5,-114,53.80%,1.00%,WIN,8.7,8,4.39,53.30%,Monday,2026-06
2026-06-15,Gabby Williams,Points,Over,9.5,-120,56.20%,3.50%,LOSS,11.2,4,-5,54.50%,Monday,2026-06
2026-06-15,Gabby Williams,Points,Under,14.5,-128,50.80%,-12.10%,WIN,14.4,12,3.91,56.10%,Monday,2026-06
2026-06-15,Gabby Williams,Pts + Asts,Over,28.5,-114,55.40%,4.50%,LOSS,31.2,20,-5,53.30%,Monday,2026-06
2026-06-15,Gabby Williams,Pts + Asts,Over,10.5,-110,54.60%,4.60%,LOSS,12.2,8,-5,52.40%,Monday,2026-06
2026-06-15,Gabby Williams,Pts + Asts,Under,18.5,-114,54.20%,1.90%,LOSS,16.9,29,-5,53.30%,Monday,2026-06
2026-06-15,Gabby Williams,Pts + Asts,Over,15.5,-118,54.70%,1.20%,WIN,17.3,20,4.24,54.10%,Monday,2026-06
2026-06-15,Gabby Williams,Pts + Asts,Under,14.5,-110,53.80%,3.10%,WIN,10.9,5,4.55,52.40%,Monday,2026-06
2026-06-15,Gabby Williams,Pts + Asts,Over,9.5,-107,55.50%,8.00%,WIN,9,10,4.67,51.70%,Monday,2026-06
2026-06-15,Gabby Williams,Pts + Asts,Under,18.5,-104,54.60%,7.40%,WIN,15.5,13,4.81,51.00%,Monday,2026-06
2026-06-15,Gabby Williams,Pts + Asts,Over,18.5,-122,56.80%,4.10%,LOSS,21.1,9,-5,55.00%,Monday,2026-06
2026-06-15,Gabby Williams,Pts + Asts,Over,20.5,-102,51.80%,2.60%,LOSS,22.2,20,-5,50.50%,Monday,2026-06
2026-06-15,Gabby Williams,Pts + Asts,Over,14.5,-134,61.60%,10.10%,LOSS,21.1,9,-5,57.30%,Monday,2026-06
2026-06-15,Gabby Williams,Pts + Asts,Over,10.5,-126,57.20%,3.30%,WIN,7.2,12,3.97,55.80%,Monday,2026-06
2026-06-15,Gabby Williams,Pts + Asts,Over,12.5,-106,51.80%,0.70%,LOSS,12.8,5,-5,51.50%,Monday,2026-06
2026-06-15,Gabby Williams,Pts + Asts,Under,19.5,-102,52.50%,4.00%,WIN,17.5,17,4.9,50.50%,Monday,2026-06
2026-06-15,Gabby Williams,Pts + Asts,Over,22.5,-118,55.60%,3.20%,LOSS,24.7,11,-5,54.10%,Monday,2026-06
2026-06-15,Gabby Williams,Pts + Asts,Under,16.5,-123,53.30%,-4.10%,WIN,16.4,9,4.07,55.20%,Monday,2026-06
2026-06-15,Gabby Williams,Pts + Asts,Under,17.5,-132,59.10%,5.20%,LOSS,15.7,24,-5,56.90%,Monday,2026-06
2026-06-15,Gabby Williams,Pts + Asts,Over,8.5,-119,59.20%,10.70%,WIN,10.1,21,4.2,54.30%,Monday,2026-06
2026-06-15,Gabby Williams,Pts + Asts,Over,17.5,-102,52.10%,3.20%,WIN,19,18,4.9,50.50%,Monday,2026-06
2026-06-15,Gabby Williams,Pts + Asts,Over,11.5,-107,53.10%,3.00%,LOSS,11.6,7,-5,51.70%,Monday,2026-06
2026-06-15,Gabby Williams,Pts + Asts,Over,26.5,-114,57.60%,9.30%,LOSS,31.6,10,-5,53.30%,Monday,2026-06
2026-06-15,Gabby Williams,Pts + Asts,Under,14.5,-120,55.50%,2.20%,WIN,12.5,9,4.17,54.50%,Monday,2026-06
2026-06-15,Gabby Williams,Pts + Asts,Under,11.5,-124,46.50%,-19.80%,WIN,9.2,9,4.03,55.40%,Monday,2026-06
2026-06-15,Gabby Williams,Pts + Asts,Over,9.5,-106,55.40%,8.00%,WIN,8.1,19,4.72,51.50%,Monday,2026-06
2026-06-15,Gabby Williams,Pts + Asts,Over,16.5,-110,57.50%,10.80%,LOSS,21.9,11,-5,52.40%,Monday,2026-06
2026-06-15,Gabby Williams,Pts + Asts,Over,23.5,-122,55.70%,1.60%,LOSS,26.5,17,-5,55.00%,Monday,2026-06
2026-06-15,Gabby Williams,Pts + Asts,Over,24.5,-114,52.70%,-1.20%,LOSS,25.6,17,-5,53.30%,Monday,2026-06
2026-06-15,Gabby Williams,Pts + Asts,Under,12.5,-114,46.90%,-13.50%,WIN,10.7,10,4.39,53.30%,Monday,2026-06
2026-06-15,Gabby Williams,Pts + Asts,Over,12.5,-128,57.60%,3.40%,LOSS,13.6,6,-5,56.10%,Monday,2026-06
2026-06-15,Gabby Williams,Pts + Asts,Over,21.5,-102,47.90%,-5.20%,LOSS,21.8,15,-5,50.50%,Monday,2026-06
2026-06-15,Gabby Williams,Pts + Rebs,Over,35.5,-128,58.80%,6.00%,LOSS,38.4,23,-5,56.10%,Monday,2026-06
2026-06-15,Gabby Williams,Pts + Rebs,Over,11.5,-110,53.20%,1.80%,LOSS,12.5,6,-5,52.40%,Monday,2026-06
2026-06-15,Gabby Williams,Pts + Rebs,Under,18.5,-122,56.20%,2.80%,LOSS,17.3,26,-5,55.00%,Monday,2026-06
2026-06-15,Gabby Williams,Pts + Rebs,Over,16.5,-103,54.70%,8.10%,WIN,19,19,4.85,50.70%,Monday,2026-06
2026-06-15,Gabby Williams,Pts + Rebs,Under,16.5,-118,56.60%,5.40%,WIN,13.2,4,4.24,54.10%,Monday,2026-06
2026-06-15,Gabby Williams,Pts + Rebs,Under,12.5,-132,49.70%,-16.70%,WIN,11.9,12,3.79,56.90%,Monday,2026-06
2026-06-15,Gabby Williams,Pts + Rebs,Under,15.5,-110,53.90%,3.10%,WIN,13,12,4.55,52.40%,Monday,2026-06
2026-06-15,Gabby Williams,Pts + Rebs,Over,15.5,-128,59.20%,7.00%,LOSS,18.3,4,-5,56.10%,Monday,2026-06
2026-06-15,Gabby Williams,Pts + Rebs,Over,21.5,-108,52.90%,2.00%,LOSS,21.8,21,-5,51.90%,Monday,2026-06
2026-06-15,Gabby Williams,Pts + Rebs,Over,20.5,-114,58.70%,11.60%,LOSS,25.9,16,-5,53.30%,Monday,2026-06
2026-06-15,Gabby Williams,Pts + Rebs,Under,14.5,-122,58.50%,7.80%,WIN,10.3,11,4.1,55.00%,Monday,2026-06
2026-06-15,Gabby Williams,Pts + Rebs,Over,9.5,-116,55.10%,3.10%,LOSS,11.5,4,-5,53.70%,Monday,2026-06
2026-06-15,Gabby Williams,Pts + Rebs,Under,21.5,-102,52.90%,4.90%,WIN,19,20,4.9,50.50%,Monday,2026-06
2026-06-15,Gabby Williams,Pts + Rebs,Over,20.5,-125,58.40%,6.30%,LOSS,23.7,10,-5,55.60%,Monday,2026-06
2026-06-15,Gabby Williams,Pts + Rebs,Over,18.5,-118,53.40%,-1.60%,LOSS,19.3,11,-5,54.10%,Monday,2026-06
2026-06-15,Gabby Williams,Pts + Rebs,Under,23.5,-126,61.20%,12.20%,LOSS,19.2,30,-5,55.80%,Monday,2026-06
2026-06-15,Gabby Williams,Pts + Rebs,Over,9.5,-109,56.20%,8.50%,WIN,12.7,23,4.59,52.20%,Monday,2026-06
2026-06-15,Gabby Williams,Pts + Rebs,Over,18.5,-112,54.30%,3.10%,WIN,18.8,20,4.46,52.80%,Monday,2026-06
2026-06-15,Gabby Williams,Pts + Rebs,Over,15.5,-115,54.40%,2.10%,LOSS,16.7,8,-5,53.50%,Monday,2026-06
2026-06-15,Gabby Williams,Pts + Rebs,Over,22.5,-114,57.60%,9.20%,LOSS,27.4,10,-5,53.30%,Monday,2026-06
2026-06-15,Gabby Williams,Pts + Rebs,Under,18.5,-102,51.40%,1.90%,WIN,15.1,12,4.9,50.50%,Monday,2026-06
2026-06-15,Gabby Williams,Pts + Rebs,Under,16.5,-102,50.90%,0.90%,WIN,14.9,15,4.9,50.50%,Monday,2026-06
2026-06-15,Gabby Williams,Pts + Rebs,Under,24.5,-106,53.50%,4.20%,WIN,22.7,24,4.72,51.50%,Monday,2026-06
2026-06-15,Gabby Williams,Pts + Rebs,Under,13.5,-136,59.40%,4.20%,LOSS,11.1,20,-5,57.60%,Monday,2026-06
2026-06-15,Gabby Williams,Pts + Rebs,Over,22.5,-106,54.30%,5.80%,LOSS,26.6,16,-5,51.50%,Monday,2026-06
2026-06-15,Gabby Williams,Pts + Rebs,Over,22.5,-118,55.90%,4.00%,LOSS,24.9,16,-5,54.10%,Monday,2026-06
2026-06-15,Gabby Williams,Pts + Rebs,Over,22.5,-118,55.50%,2.90%,LOSS,24,15,-5,54.10%,Monday,2026-06
2026-06-15,Gabby Williams,Pts + Rebs,Under,14.5,-132,60.00%,7.10%,WIN,11.8,10,3.79,56.90%,Monday,2026-06
2026-06-15,Gabby Williams,Pts + Rebs,Over,18.5,-104,52.10%,2.20%,LOSS,19.2,14,-5,51.00%,Monday,2026-06
2026-06-15,Gabby Williams,Rebs + Asts,Under,12.5,100,50.60%,1.30%,WIN,12.5,7,5,50.00%,Monday,2026-06
2026-06-15,Gabby Williams,Rebs + Asts,Under,7.5,-113,54.80%,3.70%,WIN,6.3,5,4.42,53.10%,Monday,2026-06
2026-06-15,Gabby Williams,Rebs + Asts,Over,10.5,-114,54.90%,3.50%,WIN,11.5,13,4.39,53.30%,Monday,2026-06
2026-06-15,Gabby Williams,Rebs + Asts,Over,9.5,-102,52.50%,4.10%,LOSS,10.4,9,-5,50.50%,Monday,2026-06
2026-06-15,Gabby Williams,Rebs + Asts,Over,9.5,-102,52.70%,4.40%,WIN,10.4,13,4.9,50.50%,Monday,2026-06
2026-06-15,Gabby Williams,Rebs + Asts,Under,7.5,-117,55.40%,3.30%,WIN,5,5,4.27,53.90%,Monday,2026-06
2026-06-15,Gabby Williams,Rebs + Asts,Under,6.5,-151,49.90%,-25.90%,LOSS,6.3,9,-5,60.20%,Monday,2026-06
2026-06-15,Gabby Williams,Rebs + Asts,Under,7.5,-138,51.10%,-16.40%,WIN,6.9,5,3.62,58.00%,Monday,2026-06
2026-06-15,Gabby Williams,Rebs + Asts,Over,11.5,108,50.90%,5.50%,LOSS,12.3,9,-5,48.10%,Monday,2026-06
2026-06-15,Gabby Williams,Rebs + Asts,Over,6.5,-142,57.60%,-2.70%,LOSS,6.5,6,-5,58.70%,Monday,2026-06
2026-06-15,Gabby Williams,Rebs + Asts,Under,15.5,102,50.90%,2.70%,LOSS,14.9,24,-5,49.50%,Monday,2026-06
2026-06-15,Gabby Williams,Rebs + Asts,Over,6.5,-130,56.80%,0.70%,WIN,6.7,10,3.85,56.50%,Monday,2026-06
2026-06-15,Gabby Williams,Rebs + Asts,Over,6.5,-102,52.40%,3.90%,LOSS,6.8,3,-5,50.50%,Monday,2026-06
2026-06-15,Gabby Williams,Rebs + Asts,Over,8.5,-106,54.80%,6.80%,LOSS,9.5,2,-5,51.50%,Monday,2026-06
2026-06-15,Gabby Williams,Rebs + Asts,Under,7.5,105,51.70%,5.70%,WIN,6.3,6,5.25,48.80%,Monday,2026-06
2026-06-15,Gabby Williams,Rebs + Asts,Under,7.5,-145,59.30%,0.20%,LOSS,6.6,9,-5,59.20%,Monday,2026-06
2026-06-15,Gabby Williams,Rebs + Asts,Over,10.4,-134,48.90%,-19.60%,LOSS,10.6,9,-5,57.30%,Monday,2026-06
2026-06-15,Gabby Williams,Rebs + Asts,Under,11.5,-146,58.00%,-3.40%,WIN,11.8,9,3.42,59.30%,Monday,2026-06
2026-06-15,Gabby Williams,Rebs + Asts,Over,8.5,-140,60.10%,4.20%,WIN,9.6,12,3.57,58.30%,Monday,2026-06
2026-06-15,Gabby Williams,Rebs + Asts,Under,7.5,-122,56.20%,2.80%,WIN,5.6,4,4.1,55.00%,Monday,2026-06
2026-06-15,Gabby Williams,Rebs + Asts,Over,10.5,-130,59.20%,6.20%,LOSS,12.2,5,-5,56.50%,Monday,2026-06
2026-06-15,Gabby Williams,Threes,Under,1.5,-270,63.70%,-34.50%,WIN,1.3,0,1.85,73.00%,Monday,2026-06
2026-06-15,Gabby Williams,Threes,Over,1.5,178,42.60%,10.30%,LOSS,1.7,0,-5,36.00%,Monday,2026-06
2026-06-15,Gabby Williams,Threes,Under,1.5,110,52.70%,9.60%,LOSS,1.3,5,-5,47.60%,Monday,2026-06
2026-06-15,Gabby Williams,Threes,Over,1.5,-138,55.80%,-5.30%,LOSS,1.9,1,-5,58.00%,Monday,2026-06
2026-06-15,Gabby Williams,Threes,Under,2.5,-215,61.10%,-22.50%,WIN,2.2,0,2.33,68.30%,Monday,2026-06
2026-06-15,Gabby Williams,Threes,Over,0.5,-202,58.00%,-26.80%,LOSS,0.71,0,-5,66.90%,Monday,2026-06
2026-06-15,Gabby Williams,Threes,Over,0.5,100,48.80%,-2.40%,WIN,0.58,1,5,50.00%,Monday,2026-06
2026-06-15,Gabby Williams,Threes,Under,2.5,-210,59.00%,-27.20%,WIN,2.4,0,2.38,67.70%,Monday,2026-06
2026-06-15,Gabby Williams,Threes,Over,1.5,118,49.00%,5.70%,WIN,1.7,2,5.9,45.90%,Monday,2026-06
2026-06-15,Gabby Williams,Threes,Over,0.5,192,40.10%,8.90%,LOSS,0.52,0,-5,34.20%,Monday,2026-06
2026-06-15,Gabby Williams,Threes,Over,0.5,-201,55.10%,-35.10%,WIN,0.62,1,2.49,66.80%,Monday,2026-06
2026-06-15,Gabby Williams,Threes,Under,1.5,-220,60.90%,-25.50%,WIN,1.5,0,2.27,68.80%,Monday,2026-06
2026-06-15,Gabby Williams,Threes,Over,1.5,-174,67.70%,11.50%,LOSS,1.5,1,-5,63.50%,Monday,2026-06
2026-06-15,Gabby Williams,Threes,Under,2.5,-210,59.30%,-26.10%,WIN,2.4,0,2.38,67.70%,Monday,2026-06
2026-06-15,Gabby Williams,Threes,Over,2.5,124,53.40%,15.80%,LOSS,3.2,1,-5,44.60%,Monday,2026-06
2026-06-15,Gabby Williams,Threes,Over,1.5,-108,54.20%,4.80%,WIN,2,5,4.63,51.90%,Monday,2026-06
2026-06-15,Gabby Williams,Threes,Over,1.5,-188,63.80%,-4.30%,LOSS,2.1,1,-5,65.30%,Monday,2026-06
2026-06-15,Gabby Williams,Threes,Over,1.5,110,60.70%,25.00%,LOSS,2.9,0,-5,47.60%,Monday,2026-06
2026-06-15,Gabby Williams,Threes,Under,2.5,-174,64.90%,3.90%,WIN,2,1,2.87,63.50%,Monday,2026-06
2026-06-15,Gabby Williams,Threes,Over,0.5,-217,64.30%,-13.00%,WIN,1,1,2.3,68.50%,Monday,2026-06
2026-06-15,Gabby Williams,Threes,Under,1.5,-168,61.20%,-3.90%,LOSS,1.4,3,-5,62.70%,Monday,2026-06
2026-06-15,Gabby Williams,Threes,Over,1.5,136,47.10%,8.20%,LOSS,1.8,1,-5,42.40%,Monday,2026-06
2026-06-15,Gabby Williams,Threes,Over,1.5,128,47.10%,5.70%,LOSS,1.7,0,-5,43.90%,Monday,2026-06
2026-06-15,Gabby Williams,Threes,Over,1.5,-130,56.70%,0.50%,WIN,2,2,3.85,56.50%,Monday,2026-06
2026-06-15,Gabby Williams,Threes,Under,1.5,-172,59.60%,-10.00%,LOSS,1.5,2,-5,63.20%,Monday,2026-06
2026-06-15,Gabby Williams,Threes,Over,1.5,-106,52.40%,1.90%,WIN,1.8,2,4.72,51.50%,Monday,2026-06
2026-06-16,Gabriela Jaquez,Assists,Over,2.5,-162,62.60%,2.00%,WIN,3.5,4,3.09,61.80%,Tuesday,2026-06
2026-06-16,Gabriela Jaquez,Assists,Under,3.5,-194,61.80%,-12.40%,WIN,3.2,3,2.58,66.00%,Tuesday,2026-06
2026-06-16,Gabriela Jaquez,Assists,Over,8.5,-102,52.80%,4.70%,WIN,9.4,14,4.9,50.50%,Tuesday,2026-06
2026-06-16,Gabriela Jaquez,Assists,Over,3.5,-159,63.40%,5.20%,LOSS,4.9,1,-5,61.40%,Tuesday,2026-06
2026-06-16,Gabriela Jaquez,Assists,Over,2.5,-128,56.80%,1.60%,LOSS,3.3,2,-5,56.10%,Tuesday,2026-06
2026-06-16,Gabriela Jaquez,Assists,Under,3.5,-138,55.00%,-7.20%,LOSS,3.4,7,-5,58.00%,Tuesday,2026-06
2026-06-16,Gabriela Jaquez,Points,Over,15.5,-125,57.90%,5.20%,WIN,18.2,18,4,55.60%,Tuesday,2026-06
2026-06-16,Gabriela Jaquez,Points,Under,19.5,-108,58.80%,14.20%,WIN,15.3,11,4.63,51.90%,Tuesday,2026-06
2026-06-16,Gabriela Jaquez,Points,Under,20.5,-130,56.70%,0.30%,LOSS,21.8,21,-5,56.50%,Tuesday,2026-06
2026-06-16,Gabriela Jaquez,Points,Under,10.5,-130,57.40%,5.00%,LOSS,9,11,-5,56.50%,Tuesday,2026-06
2026-06-16,Gabriela Jaquez,Points,Under,6.5,-131,58.00%,2.90%,WIN,4.6,0,3.82,56.70%,Tuesday,2026-06
2026-06-16,Gabriela Jaquez,Points,Over,19.5,-108,52.10%,0.40%,WIN,23.6,27,4.63,51.90%,Tuesday,2026-06
2026-06-16,Gabriela Jaquez,Points,Under,9.5,-120,57.70%,7.00%,LOSS,7.1,19,-5,54.50%,Tuesday,2026-06
2026-06-16,Gabriela Jaquez,Points,Under,18.5,-118,59.00%,10.70%,WIN,15.2,18,4.24,54.10%,Tuesday,2026-06
2026-06-16,Gabriela Jaquez,Points,Over,7.5,-128,59.50%,7.60%,WIN,10.4,24,3.91,56.10%,Tuesday,2026-06
2026-06-16,Gabriela Jaquez,Pts + Asts,Over,18.5,-130,58.00%,3.50%,WIN,21.6,22,3.85,56.50%,Tuesday,2026-06
2026-06-16,Gabriela Jaquez,Pts + Asts,Under,23.5,-130,59.70%,7.40%,WIN,18.9,14,3.85,56.50%,Tuesday,2026-06
2026-06-16,Gabriela Jaquez,Pts + Asts,Over,28.5,-118,55.10%,2.10%,WIN,30.2,35,4.24,54.10%,Tuesday,2026-06
2026-06-16,Georgia Amoore,Pts + Asts,Over,10.5,-112,55.50%,5.70%,LOSS,8.4,1,-5,52.80%,Tuesday,2026-06
2026-06-16,Georgia Amoore,Pts + Asts,Over,22.5,-104,52.10%,2.20%,WIN,24.6,29,4.81,51.00%,Tuesday,2026-06
2026-06-16,Georgia Amoore,Pts + Asts,Under,21.5,-106,54.60%,6.40%,LOSS,18.5,25,-5,51.50%,Tuesday,2026-06
2026-06-16,Georgia Amoore,Pts + Rebs,Over,25.5,-102,52.10%,3.20%,WIN,26.5,29,4.9,50.50%,Tuesday,2026-06
2026-06-16,Georgia Amoore,Pts + Rebs,Under,23.5,-111,59.10%,13.80%,WIN,18.8,13,4.5,52.60%,Tuesday,2026-06
2026-06-16,Georgia Amoore,Pts + Rebs,Over,24.5,-118,52.50%,-3.50%,WIN,25.4,26,4.24,54.10%,Tuesday,2026-06
2026-06-16,Georgia Amoore,Pts + Rebs,Under,15.5,-114,53.60%,0.70%,LOSS,13.5,19,-5,53.30%,Tuesday,2026-06
2026-06-16,Georgia Amoore,Pts + Rebs,Under,9.5,-118,46.10%,-17.60%,WIN,8.3,0,4.24,54.10%,Tuesday,2026-06
2026-06-16,Georgia Amoore,Pts + Rebs,Over,21.5,-122,55.80%,1.80%,WIN,22.9,28,4.1,55.00%,Tuesday,2026-06
2026-06-16,Georgia Amoore,Pts + Rebs,Under,13.5,-122,57.80%,6.40%,LOSS,11,21,-5,55.00%,Tuesday,2026-06
2026-06-16,Georgia Amoore,Pts + Rebs,Under,21.5,-106,56.40%,10.20%,WIN,17.4,19,4.72,51.50%,Tuesday,2026-06
2026-06-16,Georgia Amoore,Rebs + Asts,Over,11.5,-138,57.50%,-1.00%,WIN,12.3,15,3.62,58.00%,Tuesday,2026-06
2026-06-16,Georgia Amoore,Rebs + Asts,Under,6.5,118,42.80%,-5.70%,WIN,6.4,5,5.9,45.90%,Tuesday,2026-06
2026-06-16,Georgia Amoore,Rebs + Asts,Over,12.5,-144,51.40%,-18.50%,WIN,12.8,19,3.47,59.00%,Tuesday,2026-06
2026-06-16,Georgia Amoore,Rebs + Asts,Over,7.5,103,51.90%,5.10%,LOSS,7.6,1,-5,49.30%,Tuesday,2026-06
2026-06-16,Georgia Amoore,Rebs + Asts,Over,6.5,-132,57.00%,0.20%,WIN,6.6,8,3.79,56.90%,Tuesday,2026-06
2026-06-16,Georgia Amoore,Threes,Over,0.5,-230,60.20%,-31.30%,WIN,0.69,1,2.17,69.70%,Tuesday,2026-06
2026-06-16,Georgia Amoore,Threes,Over,0.5,-207,59.00%,-25.80%,WIN,0.71,1,2.42,67.40%,Tuesday,2026-06
2026-06-16,Georgia Amoore,Threes,Under,1.5,-270,75.60%,9.60%,WIN,0.56,1,1.85,73.00%,Tuesday,2026-06
2026-06-16,Georgia Amoore,Threes,Over,2.5,-118,53.50%,-1.50%,LOSS,2.8,1,-5,54.10%,Tuesday,2026-06
2026-06-16,Georgia Amoore,Threes,Over,2.5,132,44.80%,2.90%,WIN,2.6,3,6.6,43.10%,Tuesday,2026-06
2026-06-16,Georgia Amoore,Threes,Under,2.5,-104,61.40%,21.20%,WIN,1.7,2,4.81,51.00%,Tuesday,2026-06
2026-06-16,Georgia Amoore,Threes,Over,1.5,128,43.90%,0.10%,WIN,1.5,6,6.4,43.90%,Tuesday,2026-06
2026-06-17,Georgia Amoore,Assists,Over,3.5,116,48.10%,3.40%,LOSS,3.9,3,-5,46.30%,Wednesday,2026-06
2026-06-17,Georgia Amoore,Assists,Over,8.5,102,52.50%,6.00%,WIN,9.5,11,5.1,49.50%,Wednesday,2026-06
2026-06-17,Georgia Amoore,Assists,Over,3.5,148,42.70%,3.90%,LOSS,3.6,3,-5,40.30%,Wednesday,2026-06
2026-06-17,Georgia Amoore,Assists,Under,2.5,-182,63.30%,-3.60%,WIN,1.9,0,2.75,64.50%,Wednesday,2026-06
2026-06-17,Georgia Amoore,Assists,Under,3.5,-180,64.90%,1.70%,WIN,2.5,3,2.78,64.30%,Wednesday,2026-06
2026-06-17,Georgia Amoore,Assists,Under,2.5,-163,62.20%,0.70%,WIN,1.8,1,3.07,62.00%,Wednesday,2026-06
2026-06-17,Georgia Amoore,Assists,Under,3.5,-174,66.30%,7.60%,WIN,1.2,1,2.87,63.50%,Wednesday,2026-06
2026-06-17,Georgia Amoore,Assists,Over,4.5,-146,51.00%,-20.50%,WIN,4.9,10,3.42,59.30%,Wednesday,2026-06
2026-06-17,Georgia Amoore,Assists,Over,6.5,-122,53.50%,-3.30%,WIN,7.6,9,4.1,55.00%,Wednesday,2026-06
2026-06-17,Georgia Amoore,Assists,Over,3.5,-162,64.10%,5.90%,WIN,5,5,3.09,61.80%,Wednesday,2026-06
2026-06-17,Georgia Amoore,Assists,Under,2.5,-104,53.40%,5.00%,WIN,2.3,1,4.81,51.00%,Wednesday,2026-06
2026-06-17,Georgia Amoore,Assists,Under,2.5,128,47.70%,6.90%,LOSS,2.3,4,-5,43.90%,Wednesday,2026-06
2026-06-17,Georgia Amoore,Assists,Over,6.5,-122,51.80%,-7.00%,WIN,7.4,9,4.1,55.00%,Wednesday,2026-06
2026-06-17,Georgia Amoore,Assists,Under,3.5,108,48.80%,1.40%,LOSS,3.5,8,-5,48.10%,Wednesday,2026-06
2026-06-17,Georgia Amoore,Assists,Under,5.5,-166,64.30%,5.00%,WIN,4.7,4,3.01,62.40%,Wednesday,2026-06
2026-06-17,Georgia Amoore,Assists,Over,2.5,-140,57.60%,-1.80%,LOSS,3.1,0,-5,58.30%,Wednesday,2026-06
2026-06-17,Georgia Amoore,Assists,Under,5.5,-152,62.50%,5.50%,WIN,4.6,4,3.29,60.30%,Wednesday,2026-06
2026-06-17,Georgia Amoore,Assists,Over,2.5,-139,50.90%,-17.20%,LOSS,2.7,1,-5,58.20%,Wednesday,2026-06
2026-06-17,Georgia Amoore,Assists,Under,3.5,-172,63.70%,1.30%,WIN,2.8,1,2.91,63.20%,Wednesday,2026-06
2026-06-17,Georgia Amoore,Assists,Over,3.5,-158,62.00%,2.00%,WIN,4.4,4,3.16,61.20%,Wednesday,2026-06
2026-06-17,Georgia Amoore,Assists,Under,2.5,-110,51.70%,-1.50%,WIN,2.5,2,4.55,52.40%,Wednesday,2026-06
2026-06-17,Georgia Amoore,Assists,Under,4.5,-162,54.50%,-19.30%,LOSS,4.5,6,-5,61.80%,Wednesday,2026-06
2026-06-17,Georgia Amoore,Assists,Over,6.5,102,49.80%,0.70%,LOSS,7.4,4,-5,49.50%,Wednesday,2026-06
2026-06-17,Georgia Amoore,Assists,Over,5.5,110,49.20%,3.10%,WIN,6.1,8,5.5,47.60%,Wednesday,2026-06
2026-06-17,Georgia Amoore,Assists,Over,3.5,140,47.10%,9.30%,WIN,4.8,4,7,41.70%,Wednesday,2026-06
2026-06-17,Georgia Amoore,Assists,Over,4.5,-102,56.70%,12.50%,LOSS,6.9,1,-5,50.50%,Wednesday,2026-06
2026-06-17,Hailey Van Lith,Assists,Under,3.5,-122,55.90%,2.10%,WIN,3.3,1,4.1,55.00%,Wednesday,2026-06
2026-06-17,Hailey Van Lith,Assists,Under,2.5,125,48.20%,6.80%,WIN,2.3,0,6.25,44.40%,Wednesday,2026-06
2026-06-17,Hailey Van Lith,Assists,Under,3.5,-162,62.50%,1.80%,LOSS,3,4,-5,61.80%,Wednesday,2026-06
2026-06-17,Hailey Van Lith,Assists,Over,5.5,-158,65.20%,10.20%,LOSS,7.9,5,-5,61.20%,Wednesday,2026-06
2026-06-17,Hailey Van Lith,Points,Over,25.5,-106,53.90%,5.00%,WIN,28.1,33,4.72,51.50%,Wednesday,2026-06
2026-06-17,Hailey Van Lith,Points,Under,10.5,-120,58.40%,8.50%,WIN,7.9,9,4.17,54.50%,Wednesday,2026-06
2026-06-17,Hailey Van Lith,Points,Under,15.5,-102,55.80%,10.70%,WIN,12.2,10,4.9,50.50%,Wednesday,2026-06
2026-06-17,Isabelle Harrison,Points,Under,10.5,-102,51.30%,1.70%,LOSS,10.1,11,-5,50.50%,Wednesday,2026-06
2026-06-17,Isabelle Harrison,Points,Under,8.5,-114,55.50%,4.80%,WIN,55.5,4.8,4.39,53.30%,Wednesday,2026-06
2026-06-17,Isabelle Harrison,Points,Under,14.5,-122,55.80%,1.80%,LOSS,13.6,21,-5,55.00%,Wednesday,2026-06
2026-06-17,Isabelle Harrison,Points,Over,9.5,-118,54.90%,1.60%,WIN,11.1,18,4.24,54.10%,Wednesday,2026-06
2026-06-17,Isabelle Harrison,Points,Under,7.5,-111,55.50%,6.20%,WIN,2.9,3,4.5,52.60%,Wednesday,2026-06
2026-06-17,Isabelle Harrison,Points,Under,11.5,-106,52.80%,2.80%,WIN,9.9,6,4.72,51.50%,Wednesday,2026-06
2026-06-17,Isabelle Harrison,Points,Over,12.5,-135,59.00%,3.70%,LOSS,15.7,10,-5,57.40%,Wednesday,2026-06
2026-06-17,Isabelle Harrison,Points,Over,19.5,-114,53.30%,0.10%,LOSS,20.3,17,-5,53.30%,Wednesday,2026-06
2026-06-17,Isabelle Harrison,Points,Under,12.5,-122,59.60%,10.30%,LOSS,8.7,24,-5,55.00%,Wednesday,2026-06
2026-06-17,Isabelle Harrison,Points,Under,12.5,100,56.80%,13.60%,WIN,8,6,5,50.00%,Wednesday,2026-06
2026-06-17,Isabelle Harrison,Points,Under,12.5,-108,52.10%,0.40%,LOSS,12,20,-5,51.90%,Wednesday,2026-06
2026-06-17,Isabelle Harrison,Points,Over,8.5,-106,53.60%,4.50%,LOSS,10,2,-5,51.50%,Wednesday,2026-06
2026-06-17,Isabelle Harrison,Points,Under,11.5,-104,50.20%,-1.60%,WIN,11.5,5,4.81,51.00%,Wednesday,2026-06
2026-06-17,Isabelle Harrison,Points,Over,15.5,-132,56.90%,0.10%,LOSS,17,13,-5,56.90%,Wednesday,2026-06
2026-06-17,Isabelle Harrison,Points,Under,8.5,-122,55.30%,0.80%,LOSS,8.1,10,-5,55.00%,Wednesday,2026-06
2026-06-17,Isabelle Harrison,Points,Over,11.5,-130,58.70%,4.90%,WIN,15.3,12,3.85,56.50%,Wednesday,2026-06
2026-06-17,Isabelle Harrison,Points,Under,9.5,-120,58.20%,8.00%,WIN,6.5,7,4.17,54.50%,Wednesday,2026-06
2026-06-17,Isabelle Harrison,Points,Under,13.5,-108,55.60%,7.70%,LOSS,10.5,28,-5,51.90%,Wednesday,2026-06
2026-06-17,Isabelle Harrison,Points,Under,7.5,-125,57.80%,5.20%,WIN,5.3,3,4,55.60%,Wednesday,2026-06
2026-06-17,Isabelle Harrison,Points,Under,8.5,-118,58.20%,8.90%,LOSS,5,9,-5,54.10%,Wednesday,2026-06
2026-06-17,Isabelle Harrison,Points,Over,7.5,-106,47.80%,-7.50%,LOSS,8,6,-5,51.50%,Wednesday,2026-06
2026-06-17,Isabelle Harrison,Points,Over,10.5,-128,56.40%,0.70%,LOSS,11.7,8,-5,56.10%,Wednesday,2026-06
2026-06-17,Isabelle Harrison,Points,Under,15.5,100,51.60%,3.30%,LOSS,14,25,-5,50.00%,Wednesday,2026-06
2026-06-17,Isabelle Harrison,Points,Under,8.5,-120,54.80%,0.50%,LOSS,8.3,22,-5,54.50%,Wednesday,2026-06
2026-06-17,Isabelle Harrison,Points,Over,16.5,-110,48.10%,-8.90%,WIN,16.6,20,4.55,52.40%,Wednesday,2026-06
2026-06-17,Isabelle Harrison,Points,Under,7.5,-118,56.70%,5.70%,WIN,5.9,0,4.24,54.10%,Wednesday,2026-06
2026-06-17,Isabelle Harrison,Points,Over,7.5,104,49.40%,0.80%,LOSS,8.4,6,-5,49.00%,Wednesday,2026-06
2026-06-17,Isabelle Harrison,Points,Over,13.5,-128,56.10%,0.00%,LOSS,14.3,12,-5,56.10%,Wednesday,2026-06
2026-06-17,Isabelle Harrison,Points,Under,12.5,-128,56.90%,1.80%,LOSS,11.5,14,-5,56.10%,Wednesday,2026-06
2026-06-17,Isabelle Harrison,Points,Over,8.5,102,52.60%,6.00%,LOSS,10.4,0,-5,49.50%,Wednesday,2026-06
2026-06-17,Isabelle Harrison,Points,Over,13.5,-113,54.10%,2.20%,WIN,15.5,19,4.42,53.10%,Wednesday,2026-06
2026-06-17,Isabelle Harrison,Points,Under,18.5,-102,53.50%,6.00%,LOSS,16.4,26,-5,50.50%,Wednesday,2026-06
2026-06-17,Jackie Young,Points,Under,12.5,-114,55.00%,3.70%,WIN,11,10,4.39,53.30%,Wednesday,2026-06
2026-06-17,Jackie Young,Points,Under,14.5,-122,55.30%,0.80%,WIN,13.7,14,4.1,55.00%,Wednesday,2026-06
2026-06-17,Jackie Young,Points,Under,9.5,-102,53.90%,6.90%,WIN,7.7,8,4.9,50.50%,Wednesday,2026-06
2026-06-17,Jackie Young,Points,Under,11.5,-113,52.20%,-1.90%,WIN,11.3,11,4.42,53.10%,Wednesday,2026-06
2026-06-17,Jackie Young,Points,Over,8.5,-132,60.10%,7.40%,LOSS,11.6,3,-5,56.90%,Wednesday,2026-06
2026-06-17,Jackie Young,Points,Under,12.5,-128,56.90%,1.80%,WIN,11.5,8,3.91,56.10%,Wednesday,2026-06
2026-06-17,Jackie Young,Points,Under,9.5,-115,59.20%,12.30%,WIN,6.1,4,4.35,53.50%,Wednesday,2026-06
2026-06-17,Jackie Young,Points,Under,9.5,-104,53.60%,5.40%,LOSS,8.3,21,-5,51.00%,Wednesday,2026-06
2026-06-17,Jackie Young,Points,Over,9.5,-102,54.90%,9.00%,WIN,12,11,4.9,50.50%,Wednesday,2026-06
2026-06-17,Jackie Young,Points,Under,16.5,-102,53.80%,6.60%,WIN,15.1,15,4.9,50.50%,Wednesday,2026-06
2026-06-17,Jackie Young,Points,Under,9.5,-122,60.40%,12.00%,WIN,5.7,0,4.1,55.00%,Wednesday,2026-06
2026-06-17,Jackie Young,Points,Over,13.5,-104,52.00%,2.00%,WIN,14,19,4.81,51.00%,Wednesday,2026-06
2026-06-17,Jackie Young,Points,Under,7.5,-108,55.00%,6.40%,WIN,5.2,7,4.63,51.90%,Wednesday,2026-06
2026-06-17,Jackie Young,Points,Over,13.5,-132,60.50%,8.40%,LOSS,17.6,10,-5,56.90%,Wednesday,2026-06
2026-06-17,Jackie Young,Points,Under,6.5,-125,57.10%,3.40%,WIN,2.7,4,4,55.60%,Wednesday,2026-06
2026-06-17,Jackie Young,Points,Over,17.5,-130,58.40%,4.40%,WIN,22,31,3.85,56.50%,Wednesday,2026-06
2026-06-17,Jackie Young,Points,Under,18.5,100,52.00%,4.10%,WIN,17.7,15,5,50.00%,Wednesday,2026-06
2026-06-17,Jackie Young,Points,Over,8.5,-125,59.40%,8.70%,WIN,11.8,9,4,55.60%,Wednesday,2026-06
2026-06-17,Jackie Young,Points,Over,13.5,-114,55.00%,3.60%,LOSS,15.9,10,-5,53.30%,Wednesday,2026-06
2026-06-17,Jackie Young,Points,Over,8.5,-120,48.90%,-12.50%,LOSS,8.9,6,-5,54.50%,Wednesday,2026-06
2026-06-17,Jackie Young,Points,Under,10.5,-128,58.10%,4.60%,LOSS,8.6,12,-5,56.10%,Wednesday,2026-06
2026-06-17,Jackie Young,Points,Over,14.5,-130,50.30%,-14.40%,WIN,14.7,19,3.85,56.50%,Wednesday,2026-06
2026-06-17,Jackie Young,Points,Under,16.5,-130,58.70%,5.00%,LOSS,15.4,26,-5,56.50%,Wednesday,2026-06
2026-06-17,Jackie Young,Points,Under,14.5,-130,49.90%,-15.20%,WIN,14.4,11,3.85,56.50%,Wednesday,2026-06
2026-06-17,Jackie Young,Pts + Asts,Over,28.5,-118,55.60%,3.10%,WIN,30.7,36,4.24,54.10%,Wednesday,2026-06
2026-06-17,Jackie Young,Pts + Asts,Under,24.5,-114,56.10%,6.10%,WIN,22.7,21,4.39,53.30%,Wednesday,2026-06
2026-06-17,Jackie Young,Pts + Asts,Over,11.5,-130,57.20%,1.50%,LOSS,10,7,-5,56.50%,Wednesday,2026-06
2026-06-17,Jackie Young,Pts + Asts,Under,17.5,-114,54.40%,2.30%,LOSS,17,24,-5,53.30%,Wednesday,2026-06
2026-06-17,Jackie Young,Pts + Asts,Under,13.5,-106,51.80%,0.70%,WIN,11.8,6,4.72,51.50%,Wednesday,2026-06
2026-06-17,Jackie Young,Pts + Asts,Over,15.5,-102,49.20%,-2.60%,LOSS,16.5,11,-5,50.50%,Wednesday,2026-06
2026-06-17,Jackie Young,Pts + Asts,Over,22.5,-122,47.90%,-15.70%,LOSS,23.1,20,-5,55.00%,Wednesday,2026-06
2026-06-17,Jackie Young,Pts + Asts,Under,14.5,-118,54.80%,1.50%,LOSS,11,25,-5,54.10%,Wednesday,2026-06
2026-06-17,Jackie Young,Pts + Asts,Under,16.5,-125,59.10%,8.00%,WIN,8.7,7,4,55.60%,Wednesday,2026-06
2026-06-17,Jackie Young,Pts + Asts,Under,17.5,-106,53.40%,4.00%,LOSS,15.9,30,-5,51.50%,Wednesday,2026-06
2026-06-17,Jackie Young,Pts + Asts,Under,18.5,-110,49.50%,-6.00%,WIN,18.5,14,4.55,52.40%,Wednesday,2026-06
2026-06-17,Jackie Young,Pts + Asts,Over,20.5,-106,51.60%,0.30%,LOSS,21.9,18,-5,51.50%,Wednesday,2026-06
2026-06-17,Jackie Young,Pts + Asts,Over,14.5,-112,55.50%,5.70%,LOSS,17.7,14,-5,52.80%,Wednesday,2026-06
2026-06-17,Jackie Young,Pts + Asts,Over,11.5,-125,56.40%,1.90%,LOSS,11.9,10,-5,55.60%,Wednesday,2026-06
2026-06-17,Jackie Young,Pts + Asts,Over,13.5,-122,55.50%,1.10%,LOSS,13.6,9,-5,55.00%,Wednesday,2026-06
2026-06-17,Jackie Young,Pts + Asts,Under,19.5,-128,58.70%,5.90%,LOSS,16.8,29,-5,56.10%,Wednesday,2026-06
2026-06-17,Jackie Young,Pts + Asts,Under,23.5,-125,56.30%,1.60%,LOSS,23.2,29,-5,55.60%,Wednesday,2026-06
2026-06-17,Jackie Young,Pts + Asts,Over,9.5,-130,59.70%,7.40%,LOSS,7.8,1,-5,56.50%,Wednesday,2026-06
2026-06-17,Jackie Young,Pts + Asts,Under,11.5,-128,47.20%,-20.30%,LOSS,11.3,14,-5,56.10%,Wednesday,2026-06
2026-06-17,Jackie Young,Pts + Asts,Under,17.5,-114,54.80%,3.30%,LOSS,15.9,18,-5,53.30%,Wednesday,2026-06
2026-06-17,Jackie Young,Pts + Asts,Over,9.5,-132,60.00%,7.30%,LOSS,12.3,1,-5,56.90%,Wednesday,2026-06
2026-06-17,Jackie Young,Pts + Asts,Under,20.5,-106,55.90%,9.10%,LOSS,17.1,29,-5,51.50%,Wednesday,2026-06
2026-06-17,Jackie Young,Pts + Asts,Under,15.5,-124,55.70%,0.90%,WIN,14.5,14,4.03,55.40%,Wednesday,2026-06
2026-06-17,Jackie Young,Pts + Asts,Under,17.5,-125,55.60%,0.20%,WIN,17.4,14,4,55.60%,Wednesday,2026-06
2026-06-17,Jackie Young,Pts + Asts,Under,17.5,-132,57.80%,2.00%,WIN,15.7,15,3.79,56.90%,Wednesday,2026-06
2026-06-17,Jackie Young,Pts + Asts,Over,11.5,-113,54.40%,2.90%,LOSS,13.3,4,-5,53.10%,Wednesday,2026-06
2026-06-17,Jackie Young,Pts + Asts,Under,12.5,-106,46.30%,-10.50%,WIN,9.3,5,4.72,51.50%,Wednesday,2026-06
2026-06-17,Jackie Young,Pts + Asts,Over,13.5,-110,55.00%,5.50%,WIN,16.2,15,4.55,52.40%,Wednesday,2026-06
2026-06-17,Jackie Young,Pts + Asts,Under,19.5,-110,55.90%,7.40%,WIN,16.6,17,4.55,52.40%,Wednesday,2026-06
2026-06-17,Jackie Young,Pts + Asts,Over,17.5,-118,54.40%,0.60%,WIN,18.5,25,4.24,54.10%,Wednesday,2026-06
2026-06-17,Jackie Young,Pts + Asts,Over,16.5,-114,56.50%,6.80%,LOSS,20.6,11,-5,53.30%,Wednesday,2026-06
2026-06-17,Jackie Young,Pts + Asts,Over,24.5,-118,50.00%,-8.90%,WIN,26.5,35,4.24,54.10%,Wednesday,2026-06
2026-06-17,Jackie Young,Pts + Asts,Over,24.5,-114,46.10%,-15.40%,LOSS,24.7,23,-5,53.30%,Wednesday,2026-06
2026-06-17,Jackie Young,Pts + Asts,Over,12.5,-106,55.40%,8.00%,WIN,15.7,13,4.72,51.50%,Wednesday,2026-06
2026-06-17,Jackie Young,Pts + Asts,Over,18.5,-104,53.70%,5.50%,LOSS,21.7,11,-5,51.00%,Wednesday,2026-06
2026-06-17,Jackie Young,Pts + Asts,Under,12.5,-122,47.70%,-16.10%,WIN,12.2,7,4.1,55.00%,Wednesday,2026-06
2026-06-17,Jackie Young,Pts + Asts,Under,13.5,-132,53.10%,-8.90%,WIN,10.6,12,3.79,56.90%,Wednesday,2026-06
2026-06-17,Jackie Young,Pts + Asts,Over,19.5,-125,54.40%,-2.60%,WIN,19.8,27,4,55.60%,Wednesday,2026-06
2026-06-17,Jackie Young,Pts + Asts,Under,19.5,-118,56.40%,4.90%,LOSS,17.5,30,-5,54.10%,Wednesday,2026-06
2026-06-17,Jackie Young,Pts + Asts,Over,20.5,-112,50.70%,-4.60%,LOSS,21.3,16,-5,52.80%,Wednesday,2026-06
2026-06-17,Jackie Young,Pts + Rebs,Over,34.5,-114,54.10%,1.80%,WIN,36,43,4.39,53.30%,Wednesday,2026-06
2026-06-17,Jackie Young,Pts + Rebs,Under,14.5,-114,57.60%,9.30%,WIN,10.8,12,4.39,53.30%,Wednesday,2026-06
2026-06-17,Jackie Young,Pts + Rebs,Under,23.5,-108,54.00%,4.30%,WIN,21.7,15,4.63,51.90%,Wednesday,2026-06
2026-06-17,Jackie Young,Pts + Rebs,Under,20.5,-108,55.10%,6.70%,LOSS,18,21,-5,51.90%,Wednesday,2026-06
2026-06-17,Jackie Young,Pts + Rebs,Under,11.5,-106,53.50%,4.20%,WIN,9.8,5,4.72,51.50%,Wednesday,2026-06
2026-06-17,Jackie Young,Pts + Rebs,Under,17.5,-110,49.30%,-6.40%,LOSS,17,23,-5,52.40%,Wednesday,2026-06
2026-06-17,Jackie Young,Pts + Rebs,Over,15.5,-104,51.30%,0.80%,WIN,16.2,23,4.81,51.00%,Wednesday,2026-06
2026-06-17,Jackie Young,Pts + Rebs,Under,12.5,-121,57.30%,5.60%,WIN,8.3,5,4.13,54.80%,Wednesday,2026-06
2026-06-17,Jackie Young,Pts + Rebs,Under,17.5,-104,51.70%,1.50%,WIN,16.2,12,4.81,51.00%,Wednesday,2026-06
2026-06-17,Jackie Young,Pts + Rebs,Over,14.5,-115,56.10%,5.60%,LOSS,17.8,11,-5,53.50%,Wednesday,2026-06
2026-06-17,Jackie Young,Pts + Rebs,Over,27.5,-122,50.60%,-9.60%,LOSS,28.9,23,-5,55.00%,Wednesday,2026-06
2026-06-17,Jackie Young,Pts + Rebs,Under,15.5,-102,51.00%,0.90%,LOSS,13.8,28,-5,50.50%,Wednesday,2026-06
2026-06-17,Jackie Young,Pts + Rebs,Under,18.5,-118,60.20%,13.30%,WIN,12.1,9,4.24,54.10%,Wednesday,2026-06
2026-06-17,Jackie Young,Pts + Rebs,Under,14.5,-102,48.90%,-3.30%,LOSS,13.5,24,-5,50.50%,Wednesday,2026-06
2026-06-17,Jackie Young,Pts + Rebs,Under,16.5,-132,53.60%,-7.70%,WIN,15.6,9,3.79,56.90%,Wednesday,2026-06
2026-06-17,Jackie Young,Pts + Rebs,Under,21.5,-106,51.80%,0.70%,WIN,21.2,14,4.72,51.50%,Wednesday,2026-06
2026-06-17,Jackie Young,Pts + Rebs,Over,12.5,-105,52.00%,1.50%,WIN,12.9,13,4.76,51.20%,Wednesday,2026-06
2026-06-17,Jackie Young,Pts + Rebs,Over,20.5,-104,55.00%,8.30%,WIN,23.8,21,4.81,51.00%,Wednesday,2026-06
2026-06-17,Jackie Young,Pts + Rebs,Under,20.5,-102,56.40%,11.80%,LOSS,16.4,39,-5,50.50%,Wednesday,2026-06
2026-06-17,Jackie Young,Pts + Rebs,Under,12.5,-125,57.90%,5.30%,WIN,9.9,6,4,55.60%,Wednesday,2026-06
2026-06-17,Jackie Young,Pts + Rebs,Under,13.5,-102,54.40%,7.90%,LOSS,10,15,-5,50.50%,Wednesday,2026-06
2026-06-17,Jackie Young,Pts + Rebs,Over,15.5,-124,51.60%,-8.40%,LOSS,15.6,10,-5,55.40%,Wednesday,2026-06
2026-06-17,Jackie Young,Pts + Rebs,Under,20.5,-122,57.40%,5.30%,LOSS,18.1,28,-5,55.00%,Wednesday,2026-06
2026-06-17,Jackie Young,Pts + Rebs,Under,12.5,-118,52.20%,-4.30%,LOSS,11.8,25,-5,54.10%,Wednesday,2026-06
2026-06-17,Jackie Young,Pts + Rebs,Under,21.5,-122,53.00%,-4.30%,WIN,21.2,21,4.1,55.00%,Wednesday,2026-06
2026-06-17,Jackie Young,Pts + Rebs,Under,19.5,-125,51.60%,-8.90%,WIN,18.2,16,4,55.60%,Wednesday,2026-06
2026-06-17,Jackie Young,Pts + Rebs,Under,23.5,-120,60.40%,12.90%,LOSS,19.2,24,-5,54.50%,Wednesday,2026-06
2026-06-17,Jackie Young,Pts + Rebs,Over,10.5,-125,61.10%,12.40%,LOSS,14.6,3,-5,55.60%,Wednesday,2026-06
2026-06-17,Jackie Young,Pts + Rebs,Over,22.5,-120,54.70%,0.30%,WIN,22.9,27,4.17,54.50%,Wednesday,2026-06
2026-06-17,Jackie Young,Pts + Rebs,Under,21.5,-102,54.80%,8.60%,LOSS,19.4,30,-5,50.50%,Wednesday,2026-06
2026-06-17,Jackie Young,Pts + Rebs,Under,20.5,-120,56.60%,4.60%,WIN,19.4,14,4.17,54.50%,Wednesday,2026-06
2026-06-17,Jackie Young,Pts + Rebs,Over,18.5,-102,49.20%,-2.60%,LOSS,18.6,18,-5,50.50%,Wednesday,2026-06
2026-06-17,Jackie Young,Pts + Rebs,Over,14.5,-122,55.50%,1.30%,WIN,15.3,19,4.1,55.00%,Wednesday,2026-06
2026-06-17,Jackie Young,Pts + Rebs,Under,9.5,-115,45.60%,-17.00%,LOSS,9.4,15,-5,53.50%,Wednesday,2026-06
2026-06-17,Jackie Young,Pts + Rebs,Over,11.5,-102,55.00%,9.10%,LOSS,14.1,4,-5,50.50%,Wednesday,2026-06
2026-06-17,Jackie Young,Pts + Rebs,Under,17.5,-132,57.50%,1.40%,WIN,14.8,12,3.79,56.90%,Wednesday,2026-06
2026-06-17,Jackie Young,Pts + Rebs,Under,12.5,-127,58.20%,5.20%,WIN,8.9,7,3.94,55.90%,Wednesday,2026-06
2026-06-17,Jackie Young,Pts + Rebs,Under,16.5,-114,52.50%,-1.60%,LOSS,14.8,26,-5,53.30%,Wednesday,2026-06
2026-06-17,Jackie Young,Pts + Rebs,Over,12.5,-118,57.20%,6.70%,WIN,15.4,14,4.24,54.10%,Wednesday,2026-06
2026-06-17,Jackie Young,Pts + Rebs,Under,24.5,-106,55.20%,7.70%,WIN,21.4,24,4.72,51.50%,Wednesday,2026-06
2026-06-17,Jackie Young,Pts + Rebs,Under,17.5,-108,56.30%,9.10%,WIN,12.6,8,4.63,51.90%,Wednesday,2026-06
2026-06-17,Jackie Young,Pts + Rebs,Over,15.5,-125,56.40%,1.90%,WIN,16.7,23,4,55.60%,Wednesday,2026-06
2026-06-17,Jackie Young,Pts + Rebs,Under,13.5,-120,57.50%,6.50%,WIN,9.5,13,4.17,54.50%,Wednesday,2026-06
2026-06-17,Jackie Young,Pts + Rebs,Over,23.5,-102,52.80%,4.60%,LOSS,25.9,18,-5,50.50%,Wednesday,2026-06
2026-06-17,Jackie Young,Pts + Rebs,Under,9.5,-138,49.50%,-20.20%,WIN,5.4,7,3.62,58.00%,Wednesday,2026-06
2026-06-17,Jackie Young,Pts + Rebs,Over,23.5,-118,55.30%,2.50%,WIN,25.7,35,4.24,54.10%,Wednesday,2026-06
2026-06-17,Jackie Young,Pts + Rebs,Over,22.5,-114,53.50%,0.50%,LOSS,22.8,18,-5,53.30%,Wednesday,2026-06
2026-06-17,Jackie Young,Pts + Rebs,Over,17.5,-113,55.10%,4.30%,LOSS,20.1,13,-5,53.10%,Wednesday,2026-06
2026-06-17,Jackie Young,Pts + Rebs,Under,14.5,-106,53.00%,3.10%,LOSS,12.1,18,-5,51.50%,Wednesday,2026-06
2026-06-17,Jackie Young,Pts + Rebs,Under,17.5,-107,48.60%,-6.40%,LOSS,17.3,21,-5,51.70%,Wednesday,2026-06
2026-06-17,Jackie Young,Pts + Rebs,Under,19.5,-120,54.80%,0.60%,LOSS,18,37,-5,54.50%,Wednesday,2026-06
2026-06-17,Jackie Young,Pts + Rebs,Over,17.5,-112,54.00%,2.40%,WIN,18.6,19,4.46,52.80%,Wednesday,2026-06
2026-06-17,Jackie Young,Rebs + Asts,Under,12.5,-106,52.40%,1.90%,LOSS,12.4,13,-5,51.50%,Wednesday,2026-06
2026-06-17,Jackie Young,Rebs + Asts,Over,15.5,-138,60.40%,5.70%,WIN,17.5,16,3.62,58.00%,Wednesday,2026-06
2026-06-17,Jackie Young,Rebs + Asts,Over,5.5,-102,55.20%,9.60%,LOSS,5.2,4,-5,50.50%,Wednesday,2026-06
2026-06-17,Jackie Young,Rebs + Asts,Over,6.5,-106,53.00%,3.20%,LOSS,6.5,5,-5,51.50%,Wednesday,2026-06
2026-06-17,Jackie Young,Rebs + Asts,Under,7.5,-112,45.90%,-14.80%,WIN,7.1,6,4.46,52.80%,Wednesday,2026-06
2026-06-17,Jackie Young,Rebs + Asts,Under,8.5,-149,50.60%,22.90%,WIN,8.3,6,3.36,59.80%,Wednesday,2026-06
2026-06-17,Jackie Young,Rebs + Asts,Over,3.5,-166,69.60%,19.00%,LOSS,3.7,2,-5,62.40%,Wednesday,2026-06
2026-06-17,Jackie Young,Rebs + Asts,Over,5.5,-130,59.60%,7.20%,LOSS,59.6,7.2,-5,56.50%,Wednesday,2026-06
2026-06-17,Jackie Young,Rebs + Asts,Under,8.5,-112,59.20%,13.50%,WIN,4.9,4,4.46,52.80%,Wednesday,2026-06
2026-06-17,Jackie Young,Rebs + Asts,Under,7.5,-154,57.80%,-7.20%,LOSS,6.2,14,-5,60.60%,Wednesday,2026-06
2026-06-17,Jackie Young,Rebs + Asts,Over,10.5,-136,58.60%,2.30%,WIN,11.9,13,3.68,57.60%,Wednesday,2026-06
2026-06-17,Jackie Young,Rebs + Asts,Over,9.5,-120,54.80%,0.60%,LOSS,10.1,6,-5,54.50%,Wednesday,2026-06
2026-06-17,Jackie Young,Rebs + Asts,Over,10.5,-112,47.10%,-12.10%,WIN,10.6,11,4.46,52.80%,Wednesday,2026-06
2026-06-17,Jackie Young,Rebs + Asts,Over,7.5,-122,58.10%,6.90%,LOSS,8.1,3,-5,55.00%,Wednesday,2026-06
2026-06-17,Jackie Young,Rebs + Asts,Under,7.5,-154,57.80%,-7.20%,WIN,6.1,7,3.25,60.60%,Wednesday,2026-06
2026-06-17,Jackie Young,Rebs + Asts,Over,11.5,-112,53.80%,2.00%,LOSS,12.1,10,-5,52.80%,Wednesday,2026-06
2026-06-17,Jackie Young,Rebs + Asts,Under,16.5,-132,55.70%,-2.70%,WIN,15.8,14,3.79,56.90%,Wednesday,2026-06
2026-06-17,Jackie Young,Rebs + Asts,Under,10.5,-143,60.70%,4.40%,WIN,9.8,8,3.5,58.80%,Wednesday,2026-06
2026-06-17,Jackie Young,Rebs + Asts,Over,6.5,-106,53.00%,3.20%,LOSS,6.6,4,-5,51.50%,Wednesday,2026-06
2026-06-17,Jackie Young,Rebs + Asts,Over,5.5,-144,61.50%,6.00%,LOSS,5.2,4,-5,59.00%,Wednesday,2026-06
2026-06-17,Jackie Young,Rebs + Asts,Over,7.5,100,54.80%,9.50%,LOSS,54.8,9.5,-5,50.00%,Wednesday,2026-06
2026-06-17,Jackie Young,Rebs + Asts,Under,10.5,-120,60.70%,13.50%,LOSS,8.1,11,-5,54.50%,Wednesday,2026-06
2026-06-17,Jackie Young,Rebs + Asts,Over,6.5,-128,60.10%,9.00%,WIN,7.5,10,3.91,56.10%,Wednesday,2026-06
2026-06-17,Jackie Young,Rebs + Asts,Under,7.5,102,51.70%,4.40%,LOSS,6.1,8,-5,49.50%,Wednesday,2026-06
2026-06-17,Jackie Young,Rebs + Asts,Under,11.5,-132,61.40%,10.50%,WIN,10.1,9,3.79,56.90%,Wednesday,2026-06
2026-06-17,Jackie Young,Rebs + Asts,Under,11.5,100,51.60%,3.20%,WIN,11.2,8,5,50.00%,Wednesday,2026-06
2026-06-17,Jackie Young,Rebs + Asts,Over,8.5,-125,57.30%,4.00%,WIN,9.8,11,4,55.60%,Wednesday,2026-06
2026-06-17,Jackie Young,Rebs + Asts,Over,6.5,114,54.60%,14.70%,WIN,8,9,5.7,46.70%,Wednesday,2026-06
2026-06-17,Jackie Young,Rebs + Asts,Over,8.5,112,53.20%,11.50%,LOSS,11,4,-5,47.20%,Wednesday,2026-06
2026-06-17,Jackie Young,Rebs + Asts,Under,7.5,-136,57.70%,0.10%,WIN,5.7,6,3.68,57.60%,Wednesday,2026-06
2026-06-17,Jackie Young,Rebs + Asts,Over,7.5,-118,58.50%,9.00%,WIN,8.4,10,4.24,54.10%,Wednesday,2026-06
2026-06-17,Jackie Young,Rebs + Asts,Under,6.5,-125,47.00%,-19.30%,LOSS,6.3,15,-5,55.60%,Wednesday,2026-06
2026-06-17,Jackie Young,Rebs + Asts,Over,9.5,-106,56.70%,10.70%,WIN,11.6,13,4.72,51.50%,Wednesday,2026-06
2026-06-17,Jackie Young,Threes,Over,1.5,178,39.10%,4.90%,LOSS,1.6,0,-5,36.00%,Wednesday,2026-06
2026-06-17,Jackie Young,Threes,Under,1.5,-182,66.70%,6.00%,WIN,0.9,0,2.75,64.50%,Wednesday,2026-06
2026-06-17,Jackie Young,Threes,Under,1.5,-230,73.60%,12.90%,WIN,0.52,0,2.17,69.70%,Wednesday,2026-06
2026-06-17,Jackie Young,Threes,Over,1.5,-130,57.00%,1.20%,WIN,2,3,3.85,56.50%,Wednesday,2026-06
2026-06-17,Jackie Young,Threes,Over,0.5,-198,55.30%,-33.20%,LOSS,0.52,0,-5,66.40%,Wednesday,2026-06
2026-06-17,Jackie Young,Threes,Under,1.5,-250,71.00%,-1.40%,WIN,0.84,0,2,71.40%,Wednesday,2026-06
2026-06-17,Jackie Young,Threes,Over,1.5,-122,56.50%,3.30%,WIN,2,2,4.1,55.00%,Wednesday,2026-06
2026-06-17,Jackie Young,Threes,Under,2.5,-166,66.80%,11.80%,LOSS,1.8,7,-5,62.40%,Wednesday,2026-06
2026-06-17,Jackie Young,Threes,Under,0.5,-193,60.60%,-15.50%,WIN,0.8,1,2.59,65.90%,Wednesday,2026-06
2026-06-17,Jackie Young,Threes,Over,1.5,141,42.40%,1.60%,LOSS,1.6,0,-5,41.50%,Wednesday,2026-06
2026-06-17,Jackie Young,Threes,Under,2.5,-188,68.20%,8.40%,WIN,1.8,0,2.66,65.30%,Wednesday,2026-06
2026-06-17,Jackie Young,Threes,Over,1.5,116,49.70%,6.30%,LOSS,1.9,1,-5,46.30%,Wednesday,2026-06
2026-06-17,Jackie Young,Threes,Under,1.5,-240,69.20%,-4.80%,LOSS,0.92,2,-5,70.60%,Wednesday,2026-06
2026-06-17,Jackie Young,Threes,Under,1.5,-230,65.90%,-12.40%,WIN,1,0,2.17,69.70%,Wednesday,2026-06
2026-06-17,Jackie Young,Threes,Under,1.5,-220,59.50%,-29.50%,WIN,1.5,0,2.27,68.80%,Wednesday,2026-06
2026-06-17,Jackie Young,Threes,Over,1.5,-188,66.50%,3.60%,WIN,2.2,2,2.66,65.30%,Wednesday,2026-06
2026-06-17,Jackie Young,Threes,Under,2.5,-200,57.70%,-26.90%,LOSS,2.5,4,-5,66.70%,Wednesday,2026-06
2026-06-17,Jackie Young,Threes,Over,2.5,120,49.00%,6.50%,LOSS,3.1,2,-5,45.50%,Wednesday,2026-06
2026-06-17,Jackie Young,Threes,Over,1.5,-122,63.40%,18.70%,LOSS,2.8,0,-5,55.00%,Wednesday,2026-06
2026-06-17,Jackie Young,Threes,Over,1.5,100,52.00%,4.10%,WIN,1.9,3,5,50.00%,Wednesday,2026-06
2026-06-17,Jackie Young,Threes,Under,1.5,112,52.30%,9.70%,WIN,1.2,1,5.6,47.20%,Wednesday,2026-06
2026-06-17,Jackie Young,Threes,Under,2.5,-210,67.10%,-1.90%,WIN,2.1,2,2.38,67.70%,Wednesday,2026-06
2026-06-17,Jackie Young,Threes,Over,1.5,116,52.20%,11.00%,WIN,2.1,2,5.8,46.30%,Wednesday,2026-06
2026-06-17,Jackie Young,Threes,Under,1.5,-182,65.20%,1.80%,WIN,1,0,2.75,64.50%,Wednesday,2026-06
2026-06-17,Jackie Young,Threes,Over,1.5,-172,74.00%,29.20%,LOSS,3.6,1,-5,63.20%,Wednesday,2026-06
2026-06-17,Jackie Young,Threes,Under,1.5,-240,65.90%,-16.10%,LOSS,1,2,-5,70.60%,Wednesday,2026-06
2026-06-17,Jackie Young,Threes,Under,1.5,-240,63.00%,-25.90%,WIN,1.2,0,2.08,70.60%,Wednesday,2026-06
2026-06-17,Jackie Young,Threes,Over,0.5,-176,65.30%,4.30%,WIN,1.3,1,2.84,63.80%,Wednesday,2026-06
2026-06-17,Jackie Young,Threes,Under,2.5,-215,68.90%,2.00%,LOSS,1.9,5,-5,68.30%,Wednesday,2026-06
2026-06-17,Jackie Young,Threes,Over,1.5,118,46.10%,0.50%,LOSS,1.7,1,-5,45.90%,Wednesday,2026-06
2026-06-17,Jackie Young,Threes,Over,1.5,140,45.40%,6.40%,LOSS,1.8,0,-5,41.70%,Wednesday,2026-06
2026-06-17,Jackie Young,Threes,Over,0.5,-235,65.80%,-14.50%,LOSS,1,0,-5,70.10%,Wednesday,2026-06
2026-06-17,Jackie Young,Threes,Over,1.5,162,40.60%,3.90%,WIN,1.7,2,8.1,38.20%,Wednesday,2026-06
2026-06-17,Jackie Young,Threes,Over,2.5,-130,57.70%,2.60%,LOSS,2,1,-5,56.50%,Wednesday,2026-06
2026-06-17,Jackie Young,Threes,Over,1.5,-152,64.20%,9.80%,WIN,2.3,2,3.29,60.30%,Wednesday,2026-06
2026-06-17,Jacy Sheldon,Threes,Over,1.5,128,43.80%,0.10%,WIN,1.6,2,6.4,43.90%,Wednesday,2026-06
2026-06-17,Jacy Sheldon,Threes,Over,1.5,152,41.40%,2.80%,WIN,1.5,3,7.6,39.70%,Wednesday,2026-06
2026-06-17,Jacy Sheldon,Threes,Over,1.5,108,43.90%,-8.00%,LOSS,1.6,0,-5,48.10%,Wednesday,2026-06
2026-06-17,Jacy Sheldon,Threes,Over,1.5,116,47.10%,1.60%,WIN,1.7,2,5.8,46.30%,Wednesday,2026-06
2026-06-18,Jade Melbourne,Assists,Over,2.5,-182,65.20%,1.70%,WIN,3.5,3,2.75,64.50%,Thursday,2026-06
2026-06-18,Jade Melbourne,Assists,Under,3.5,-192,64.60%,-3.40%,WIN,3,1,2.6,65.80%,Thursday,2026-06
2026-06-18,Jade Melbourne,Assists,Over,8.5,110,51.10%,6.60%,LOSS,9.6,7,-5,47.60%,Thursday,2026-06
2026-06-18,Jade Melbourne,Assists,Over,6.5,-132,59.00%,4.90%,LOSS,7.8,5,-5,56.90%,Thursday,2026-06
2026-06-18,Jade Melbourne,Assists,Over,3.5,-110,52.70%,0.70%,WIN,3.8,6,4.55,52.40%,Thursday,2026-06
2026-06-18,Jade Melbourne,Points,Over,16.5,-108,52.40%,0.90%,WIN,17.3,23,4.63,51.90%,Thursday,2026-06
2026-06-18,Jade Melbourne,Points,Over,18.5,-113,53.10%,0.20%,LOSS,19,17,-5,53.10%,Thursday,2026-06
2026-06-18,Jade Melbourne,Points,Under,14.5,-102,51.50%,2.00%,LOSS,13.8,21,-5,50.50%,Thursday,2026-06
2026-06-18,Jade Melbourne,Points,Over,19.5,-128,49.30%,-15.70%,WIN,21.9,26,3.91,56.10%,Thursday,2026-06
2026-06-18,Jade Melbourne,Points,Under,12.5,-125,59.40%,8.60%,LOSS,9.1,18,-5,55.60%,Thursday,2026-06
2026-06-18,Jade Melbourne,Points,Over,20.5,-106,55.70%,8.80%,WIN,25,26,4.72,51.50%,Thursday,2026-06
2026-06-18,Jade Melbourne,Points,Over,18.5,-104,52.60%,3.30%,LOSS,22.9,16,-5,51.00%,Thursday,2026-06
2026-06-18,Jade Melbourne,Points,Over,8.5,-106,56.10%,9.50%,WIN,11.8,12,4.72,51.50%,Thursday,2026-06
2026-06-18,Jade Melbourne,Pts + Asts,Over,19.5,-112,53.40%,1.30%,WIN,20.9,26,4.46,52.80%,Thursday,2026-06
2026-06-18,Jade Melbourne,Pts + Asts,Under,18.5,-130,57.30%,1.70%,LOSS,17.4,22,-5,56.50%,Thursday,2026-06
2026-06-18,Jade Melbourne,Pts + Asts,Over,28.5,-112,54.00%,2.50%,WIN,30.2,33,4.46,52.80%,Thursday,2026-06
2026-06-18,Jade Melbourne,Pts + Asts,Under,19.5,-130,59.50%,6.90%,LOSS,16,23,-5,56.50%,Thursday,2026-06
2026-06-18,Jade Melbourne,Pts + Asts,Over,21.5,-125,58.50%,6.60%,WIN,25.6,22,4,55.60%,Thursday,2026-06
2026-06-18,Jade Melbourne,Pts + Rebs,Over,25.5,-106,51.80%,70.00%,WIN,26.1,31,4.72,51.50%,Thursday,2026-06
2026-06-18,Jade Melbourne,Pts + Rebs,Over,22.5,-104,53.10%,4.20%,LOSS,24.3,17,-5,51.00%,Thursday,2026-06
2026-06-18,Jade Melbourne,Pts + Rebs,Under,27.5,-118,54.00%,-0.40%,LOSS,27.1,32,-5,54.10%,Thursday,2026-06
2026-06-18,Jade Melbourne,Pts + Rebs,Over,24.5,-125,54.00%,-3.50%,WIN,25.6,28,4,55.60%,Thursday,2026-06
2026-06-18,Jade Melbourne,Pts + Rebs,Under,16.5,-131,58.80%,4.90%,LOSS,12.7,20,-5,56.70%,Thursday,2026-06
2026-06-18,Jade Melbourne,Pts + Rebs,Over,21.5,-102,52.60%,4.30%,LOSS,23.9,20,-5,50.50%,Thursday,2026-06
2026-06-18,Jade Melbourne,Rebs + Asts,Over,11.5,-128,57.60%,3.40%,LOSS,12.7,11,-5,56.10%,Thursday,2026-06
2026-06-18,Jade Melbourne,Rebs + Asts,Over,15.5,-114,52.30%,-2.10%,LOSS,15.8,12,-5,53.30%,Thursday,2026-06
2026-06-18,Jade Melbourne,Rebs + Asts,Under,13.5,-144,57.20%,-4.40%,WIN,13.3,9,3.47,59.00%,Thursday,2026-06
2026-06-18,Jade Melbourne,Rebs + Asts,Under,10.5,-132,55.80%,-2.60%,WIN,10.2,7,3.79,56.90%,Thursday,2026-06
2026-06-18,Jade Melbourne,Rebs + Asts,Under,7.5,-132,48.40%,-19.80%,LOSS,7.3,10,-5,56.90%,Thursday,2026-06
2026-06-18,Jade Melbourne,Threes,Over,1.5,-132,63.30%,14.80%,LOSS,2.5,1,-5,56.90%,Thursday,2026-06
2026-06-18,Jade Melbourne,Threes,Over,2.5,102,51.00%,3.00%,LOSS,2.8,2,-5,49.50%,Thursday,2026-06
2026-06-18,Jade Melbourne,Threes,Under,2.5,-210,59.10%,-26.80%,LOSS,2.4,3,-5,67.70%,Thursday,2026-06
2026-06-18,Jade Melbourne,Threes,Over,3.5,126,59.30%,26.90%,LOSS,5,1,-5,44.20%,Thursday,2026-06
2026-06-18,Jade Melbourne,Threes,Over,1.5,108,51.80%,7.20%,WIN,2,2,5.4,48.10%,Thursday,2026-06
2026-06-19,Jade Melbourne,Assists,Under,2.5,124,46.20%,2.70%,LOSS,2.5,6,-5,44.60%,Friday,2026-06
2026-06-19,Jade Melbourne,Assists,Over,3.5,-162,62.10%,0.80%,WIN,4.3,5,3.09,61.80%,Friday,2026-06
2026-06-19,Jade Melbourne,Assists,Under,2.5,-102,50.80%,0.50%,WIN,2.5,1,4.9,50.50%,Friday,2026-06
2026-06-19,Jade Melbourne,Assists,Over,3.5,-104,51.50%,1.00%,WIN,3.7,8,4.81,51.00%,Friday,2026-06
2026-06-19,Jade Melbourne,Assists,Over,2.5,-180,56.20%,-22.60%,LOSS,2.8,2,-5,64.30%,Friday,2026-06
2026-06-19,Jade Melbourne,Assists,Over,3.5,-168,63.70%,2.80%,WIN,4.6,9,2.98,62.70%,Friday,2026-06
2026-06-19,Jade Melbourne,Assists,Under,2.5,-122,56.60%,3.70%,WIN,2.3,2,4.1,55.00%,Friday,2026-06
2026-06-19,Jade Melbourne,Assists,Under,5.5,116,51.50%,9.60%,WIN,4.7,3,5.8,46.30%,Friday,2026-06
2026-06-19,Jade Melbourne,Assists,Over,1.5,-166,63.50%,2.90%,WIN,2.1,2,3.01,62.40%,Friday,2026-06
2026-06-19,Jade Melbourne,Assists,Under,4.5,-154,59.40%,-3.10%,WIN,4,4,3.25,60.60%,Friday,2026-06
2026-06-19,Jade Melbourne,Assists,Under,2.5,-114,55.30%,4.30%,LOSS,1.9,4,-5,53.30%,Friday,2026-06
2026-06-19,Jade Melbourne,Assists,Under,6.5,-146,56.70%,-6.60%,WIN,6.5,4,3.42,59.30%,Friday,2026-06
2026-06-19,Jade Melbourne,Assists,Over,4.5,-140,62.80%,10.60%,LOSS,6.7,3,-5,58.30%,Friday,2026-06
2026-06-19,Jade Melbourne,Assists,Under,3.5,-114,54.80%,3.20%,LOSS,3.3,4,-5,53.30%,Friday,2026-06
2026-06-19,Jade Melbourne,Assists,Under,2.5,100,52.70%,5.30%,WIN,2.2,1,5,50.00%,Friday,2026-06
2026-06-19,Jade Melbourne,Assists,Under,3.5,-128,58.00%,4.20%,LOSS,2.9,8,-5,56.10%,Friday,2026-06
2026-06-19,Jade Melbourne,Assists,Over,5.5,-108,55.60%,7.70%,LOSS,7.3,5,-5,51.90%,Friday,2026-06
2026-06-19,Jade Melbourne,Points,Under,9.5,-135,59.50%,4.80%,WIN,7.6,6,3.7,57.40%,Friday,2026-06
2026-06-19,Jade Melbourne,Points,Under,11.5,100,51.10%,2.20%,WIN,10.4,8,5,50.00%,Friday,2026-06
2026-06-19,Jade Melbourne,Points,Over,19.5,-106,51.90%,1.00%,LOSS,20.2,16,-5,51.50%,Friday,2026-06
2026-06-19,Jade Melbourne,Points,Under,11.5,-114,56.10%,6.10%,LOSS,9,16,-5,53.30%,Friday,2026-06
2026-06-19,Jade Melbourne,Points,Under,16.5,-115,55.30%,3.80%,WIN,14.7,21,4.35,53.50%,Friday,2026-06
2026-06-19,Jade Melbourne,Points,Under,15.5,-114,57.50%,9.00%,WIN,12.9,15,4.39,53.30%,Friday,2026-06
2026-06-19,Janelle Salaun,Points,Under,7.5,-135,57.50%,0.20%,LOSS,6.4,10,-5,57.40%,Friday,2026-06
2026-06-19,Janelle Salaun,Points,Over,12.5,-130,57.10%,1.40%,WIN,13.9,15,3.85,56.50%,Friday,2026-06
2026-06-19,Janelle Salaun,Points,Over,13.5,-106,52.80%,2.70%,LOSS,15.5,10,-5,51.50%,Friday,2026-06
2026-06-19,Janelle Salaun,Points,Under,8.5,-122,58.90%,8.70%,WIN,5.2,4,4.1,55.00%,Friday,2026-06
2026-06-19,Janelle Salaun,Points,Over,13.5,-114,50.80%,-5.20%,WIN,13.8,17,4.39,53.30%,Friday,2026-06
2026-06-19,Janelle Salaun,Points,Under,9.5,-114,53.60%,0.60%,WIN,9.2,3,4.39,53.30%,Friday,2026-06
2026-06-19,Janelle Salaun,Points,Over,12.5,-128,57.30%,2.50%,WIN,14.1,20,3.91,56.10%,Friday,2026-06
2026-06-19,Janelle Salaun,Points,Under,10.5,-102,55.00%,9.20%,WIN,8.1,4,4.9,50.50%,Friday,2026-06
2026-06-19,Janelle Salaun,Points,Under,11.5,-104,50.60%,-0.70%,LOSS,11.4,16,-5,51.00%,Friday,2026-06
2026-06-19,Janelle Salaun,Points,Under,6.5,-120,56.30%,3.80%,LOSS,5,19,-5,54.50%,Friday,2026-06
2026-06-19,Janelle Salaun,Points,Under,9.5,-106,52.20%,1.50%,LOSS,9.2,19,-5,51.50%,Friday,2026-06
2026-06-19,Janelle Salaun,Points,Under,20.5,-114,62.60%,19.90%,LOSS,11.7,37,-5,53.30%,Friday,2026-06
2026-06-19,Janelle Salaun,Points,Over,7.5,100,54.60%,9.10%,LOSS,10.4,4,-5,50.00%,Friday,2026-06
2026-06-19,Janelle Salaun,Points,Under,15.5,-125,56.70%,2.70%,WIN,13.8,10,4,55.60%,Friday,2026-06
2026-06-19,Janelle Salaun,Points,Under,7.5,-122,57.40%,5.40%,LOSS,6,22,-5,55.00%,Friday,2026-06
2026-06-19,Janelle Salaun,Points,Over,16.5,-128,59.70%,8.20%,LOSS,21.6,7,-5,56.10%,Friday,2026-06
2026-06-19,Janelle Salaun,Points,Over,14.5,104,49.20%,0.30%,LOSS,15.5,9,-5,49.00%,Friday,2026-06
2026-06-19,Janelle Salaun,Points,Over,7.5,-120,55.10%,1.30%,LOSS,9,3,-5,54.50%,Friday,2026-06
2026-06-19,Janelle Salaun,Points,Over,11.5,-114,56.80%,7.60%,WIN,15.6,13,4.39,53.30%,Friday,2026-06
2026-06-19,Janelle Salaun,Points,Over,13.5,-120,54.80%,0.60%,WIN,15,14,4.17,54.50%,Friday,2026-06
2026-06-19,Janelle Salaun,Points,Under,16.5,-108,54.90%,6.30%,WIN,15.1,16,4.63,51.90%,Friday,2026-06
2026-06-19,Janelle Salaun,Points,Over,12.5,-113,54.50%,3.00%,LOSS,13.9,5,-5,53.10%,Friday,2026-06
2026-06-19,Janelle Salaun,Pts + Asts,Over,22.5,-112,48.60%,-8.90%,LOSS,23.3,22,-5,52.80%,Friday,2026-06
2026-06-19,Janelle Salaun,Pts + Asts,Under,20.5,-114,53.50%,0.40%,LOSS,19.2,26,-5,53.30%,Friday,2026-06
2026-06-19,Janelle Salaun,Pts + Asts,Under,18.5,-118,56.30%,4.80%,WIN,16.1,16,4.24,54.10%,Friday,2026-06
2026-06-19,Janelle Salaun,Pts + Asts,Over,10.5,-122,57.20%,5.00%,WIN,9.9,18,4.1,55.00%,Friday,2026-06
2026-06-19,Janelle Salaun,Pts + Asts,Over,16.5,-114,53.30%,0.00%,LOSS,17.9,12,-5,53.30%,Friday,2026-06
2026-06-19,Janelle Salaun,Pts + Asts,Under,12.5,-118,46.50%,-16.70%,LOSS,9.1,13,-5,54.10%,Friday,2026-06
2026-06-19,Janelle Salaun,Pts + Asts,Over,16.5,-102,45.30%,-10.50%,WIN,16.7,19,4.9,50.50%,Friday,2026-06
2026-06-19,Janelle Salaun,Pts + Asts,Under,18.5,-130,58.50%,4.70%,LOSS,15.9,19,-5,56.50%,Friday,2026-06
2026-06-19,Janelle Salaun,Pts + Asts,Over,8.5,-120,59.40%,10.60%,WIN,7.7,21,4.17,54.50%,Friday,2026-06
2026-06-19,Janelle Salaun,Pts + Asts,Under,24.5,-106,59.60%,16.80%,LOSS,16.7,41,-5,51.50%,Friday,2026-06
2026-06-19,Janelle Salaun,Pts + Asts,Under,17.5,-102,52.60%,4.30%,WIN,15.9,14,4.9,50.50%,Friday,2026-06
2026-06-19,Janelle Salaun,Pts + Asts,Over,23.5,-112,53.30%,1.00%,LOSS,26.7,11,-5,52.80%,Friday,2026-06
2026-06-19,Janelle Salaun,Pts + Asts,Over,18.5,-128,58.10%,4.40%,LOSS,22.1,12,-5,56.10%,Friday,2026-06
2026-06-19,Janelle Salaun,Pts + Asts,Over,11.5,-110,53.90%,3.20%,LOSS,12,7,-5,52.40%,Friday,2026-06
2026-06-19,Janelle Salaun,Pts + Asts,Over,16.5,-118,46.40%,-16.80%,LOSS,16.7,15,-5,54.10%,Friday,2026-06
2026-06-19,Janelle Salaun,Pts + Asts,Under,20.5,-118,57.80%,8.00%,LOSS,17.3,24,-5,54.10%,Friday,2026-06
2026-06-19,Janelle Salaun,Pts + Asts,Over,18.5,100,52.30%,4.70%,LOSS,20.7,10,-5,50.00%,Friday,2026-06
2026-06-19,Janelle Salaun,Pts + Rebs,Under,13.5,-125,58.30%,6.20%,WIN,10.6,8,4,55.60%,Friday,2026-06
2026-06-19,Janelle Salaun,Pts + Rebs,Under,22.5,-125,60.40%,10.90%,WIN,18.4,18,4,55.60%,Friday,2026-06
2026-06-19,Janelle Salaun,Pts + Rebs,Under,28.5,-128,55.20%,-2.20%,WIN,28.5,26,3.91,56.10%,Friday,2026-06
2026-06-19,Janelle Salaun,Pts + Rebs,Under,16.5,-106,53.20%,3.50%,LOSS,13.7,24,-5,51.50%,Friday,2026-06
2026-06-19,Janelle Salaun,Pts + Rebs,Under,21.5,-102,54.80%,8.70%,LOSS,19.1,33,-5,50.50%,Friday,2026-06
2026-06-19,Janelle Salaun,Pts + Rebs,Under,19.5,-110,53.50%,2.40%,LOSS,17.5,23,-5,52.40%,Friday,2026-06
2026-06-19,Janelle Salaun,Pts + Rebs,Over,17.5,-104,51.80%,1.70%,WIN,18,21,4.81,51.00%,Friday,2026-06
2026-06-19,Janelle Salaun,Pts + Rebs,Over,22.5,-112,54.40%,3.30%,LOSS,23.8,20,-5,52.80%,Friday,2026-06
2026-06-19,Janelle Salaun,Pts + Rebs,Under,11.5,-115,55.10%,3.40%,WIN,8.8,4,4.35,53.50%,Friday,2026-06
2026-06-19,Janelle Salaun,Pts + Rebs,Over,17.5,-119,54.50%,0.40%,WIN,18.1,20,4.2,54.30%,Friday,2026-06
2026-06-19,Janelle Salaun,Pts + Rebs,Over,14.5,-122,56.70%,3.90%,LOSS,16.7,9,-5,55.00%,Friday,2026-06
2026-06-19,Janelle Salaun,Pts + Rebs,Over,21.5,-106,52.70%,2.60%,WIN,22.8,26,4.72,51.50%,Friday,2026-06
2026-06-19,Janelle Salaun,Pts + Rebs,Under,14.5,-121,58.80%,8.90%,WIN,10.7,11,4.13,54.80%,Friday,2026-06
2026-06-19,Janelle Salaun,Pts + Rebs,Over,9.5,-125,55.40%,-0.30%,WIN,8.4,21,4,55.60%,Friday,2026-06
2026-06-19,Janelle Salaun,Pts + Rebs,Under,23.5,-108,60.80%,18.50%,LOSS,15.5,41,-5,51.90%,Friday,2026-06
2026-06-19,Janelle Salaun,Pts + Rebs,Under,22.5,-104,53.60%,5.30%,WIN,20.7,18,4.81,51.00%,Friday,2026-06
2026-06-19,Janelle Salaun,Pts + Rebs,Under,12.5,-104,54.40%,7.00%,LOSS,11.6,28,-5,51.00%,Friday,2026-06
2026-06-19,Janelle Salaun,Pts + Rebs,Over,22.5,-102,54.10%,7.20%,LOSS,26,12,-5,50.50%,Friday,2026-06
2026-06-19,Janelle Salaun,Pts + Rebs,Over,17.5,-114,54.70%,3.00%,LOSS,19.5,10,-5,53.30%,Friday,2026-06
2026-06-19,Janelle Salaun,Pts + Rebs,Over,14.5,-127,59.10%,7.20%,LOSS,18.6,13,-5,55.90%,Friday,2026-06
2026-06-19,Janelle Salaun,Pts + Rebs,Under,21.5,-124,53.30%,-4.60%,WIN,21.1,21,4.03,55.40%,Friday,2026-06
2026-06-19,Janelle Salaun,Pts + Rebs,Under,20.5,-118,56.50%,5.20%,LOSS,18.3,22,-5,54.10%,Friday,2026-06
2026-06-19,Janelle Salaun,Pts + Rebs,Over,15.5,-128,57.90%,3.90%,LOSS,18.1,7,-5,56.10%,Friday,2026-06
2026-06-19,Janelle Salaun,Rebs + Asts,Under,11.5,-104,56.60%,11.10%,LOSS,10.2,16,-5,51.00%,Friday,2026-06
2026-06-19,Janelle Salaun,Rebs + Asts,Under,9.5,-125,56.50%,2.20%,LOSS,9.4,17,-5,55.60%,Friday,2026-06
2026-06-19,Janelle Salaun,Rebs + Asts,Over,6.5,-130,56.70%,0.40%,WIN,6.1,9,3.85,56.50%,Friday,2026-06
2026-06-19,Janelle Salaun,Rebs + Asts,Under,12.5,-136,58.20%,1.30%,WIN,11.9,12,3.68,57.60%,Friday,2026-06
2026-06-19,Janelle Salaun,Rebs + Asts,Under,7.5,-149,50.00%,-24.60%,LOSS,7.3,9,-5,59.80%,Friday,2026-06
2026-06-19,Janelle Salaun,Rebs + Asts,Under,6.5,-130,47.70%,-20.30%,WIN,6,5,3.85,56.50%,Friday,2026-06
2026-06-19,Janelle Sala��n,Rebs + Asts,Over,4.5,-146,64.30%,12.20%,LOSS,5.3,4,-5,59.30%,Friday,2026-06
2026-06-19,Janelle Sala��n,Rebs + Asts,Under,7.5,-125,56.20%,1.40%,LOSS,6.7,8,-5,55.60%,Friday,2026-06
2026-06-19,Janelle Sala��n,Rebs + Asts,Under,10.5,-136,62.50%,11.50%,LOSS,8.2,12,-5,57.60%,Friday,2026-06
2026-06-19,Janelle Sala��n,Rebs + Asts,Under,11.5,-128,59.40%,7.40%,WIN,10.4,9,3.91,56.10%,Friday,2026-06
2026-06-19,Janelle Sala��n,Rebs + Asts,Over,8.5,100,55.00%,10.10%,LOSS,10.8,4,-5,50.00%,Friday,2026-06
2026-06-19,Janelle Sala��n,Rebs + Asts,Under,10.5,-122,59.30%,9.70%,WIN,9.5,8,4.1,55.00%,Friday,2026-06
2026-06-19,Janelle Sala��n,Rebs + Asts,Under,7.5,-152,57.80%,-6.30%,LOSS,6.5,14,-5,60.30%,Friday,2026-06
2026-06-19,Janelle Sala��n,Rebs + Asts,Over,8.5,-140,61.90%,8.60%,LOSS,11.1,7,-5,58.30%,Friday,2026-06
2026-06-19,Janelle Sala��n,Threes,Over,1.5,132,44.20%,1.90%,WIN,1.7,2,6.6,43.10%,Friday,2026-06
2026-06-19,Janelle Sala��n,Threes,Over,1.5,-125,58.60%,6.80%,WIN,2.1,2,4,55.60%,Friday,2026-06
2026-06-19,Janelle Sala��n,Threes,Over,2.5,140,46.40%,8.20%,WIN,2.9,3,7,41.70%,Friday,2026-06
2026-06-19,Jessica Shepard,Threes,Over,1.5,-106,53.40%,4.00%,LOSS,1.9,0,-5,51.50%,Friday,2026-06
2026-06-19,Jessica Shepard,Threes,Over,1.5,-186,67.10%,6.00%,LOSS,2.3,1,-5,65.00%,Friday,2026-06
2026-06-19,Jessica Shepard,Threes,Over,1.5,100,58.80%,17.60%,LOSS,2.4,1,-5,50.00%,Friday,2026-06
2026-06-19,Jessica Shepard,Threes,Under,1.5,-168,64.70%,5.50%,LOSS,0.97,2,-5,62.70%,Friday,2026-06
2026-06-19,Jessica Shepard,Threes,Under,2.5,118,59.50%,25.10%,LOSS,1.5,9,-5,45.90%,Friday,2026-06
2026-06-19,Jessica Shepard,Threes,Over,1.5,102,59.20%,19.20%,LOSS,2.6,1,-5,49.50%,Friday,2026-06
2026-06-19,Jessica Shepard,Threes,Over,1.5,154,43.80%,7.40%,WIN,1.7,3,7.7,39.40%,Friday,2026-06
2026-06-19,Jessica Shepard,Threes,Under,1.5,-210,58.80%,-27.70%,WIN,1.4,0,2.38,67.70%,Friday,2026-06
2026-06-19,Jessica Shepard,Threes,Over,1.5,-154,63.00%,6.10%,LOSS,2.2,1,-5,60.60%,Friday,2026-06
2026-06-19,Jessica Shepard,Threes,Over,1.5,123,49.00%,7.50%,WIN,1.9,3,6.15,44.80%,Friday,2026-06
2026-06-19,Jessica Shepard,Threes,Under,1.5,-144,59.60%,1.30%,WIN,1.2,1,3.47,59.00%,Friday,2026-06
2026-06-19,Jessica Shepard,Threes,Over,1.5,140,46.10%,7.50%,LOSS,1.8,1,-5,41.70%,Friday,2026-06
2026-06-21,Jessica Shepard,Assists,Over,3.5,122,46.30%,2.40%,LOSS,3.5,3,-5,45.00%,Sunday,2026-06
2026-06-21,Jessica Shepard,Assists,Over,2.5,108,48.20%,0.20%,WIN,2.5,4,5.4,48.10%,Sunday,2026-06
2026-06-21,Jessica Shepard,Assists,Under,2.5,128,47.70%,6.90%,LOSS,2.3,4,-5,43.90%,Sunday,2026-06
2026-06-21,Jessica Shepard,Assists,Over,6.5,-146,51.90%,-18.30%,WIN,7.2,9,3.42,59.30%,Sunday,2026-06
2026-06-21,Jessica Shepard,Assists,Over,4.5,136,43.00%,1.10%,LOSS,4.8,3,-5,42.40%,Sunday,2026-06
2026-06-21,Jessica Shepard,Assists,Over,2.5,122,46.20%,2.10%,WIN,2.7,3,6.1,45.00%,Sunday,2026-06
2026-06-21,Jessica Shepard,Assists,Over,4.5,102,47.20%,-4.50%,WIN,4.5,5,5.1,49.50%,Sunday,2026-06
2026-06-21,Jessica Shepard,Assists,Over,3.5,142,46.30%,8.50%,WIN,4.5,7,7.1,41.30%,Sunday,2026-06
2026-06-21,Jessica Shepard,Assists,Over,6.5,-152,52.00%,-20.90%,LOSS,6.9,5,-5,60.30%,Sunday,2026-06
2026-06-21,Jessica Shepard,Assists,Over,2.5,-132,49.90%,-16.30%,WIN,2.6,3,3.79,56.90%,Sunday,2026-06
2026-06-21,Jessica Shepard,Assists,Over,5.5,-114,58.50%,11.20%,WIN,7.8,7,4.39,53.30%,Sunday,2026-06
2026-06-21,Jessica Shepard,Assists,Under,2.5,-188,63.30%,-5.80%,LOSS,1.7,3,-5,65.30%,Sunday,2026-06
2026-06-21,Jessica Shepard,Assists,Under,6.5,-166,56.60%,-15.40%,WIN,6.5,6,3.01,62.40%,Sunday,2026-06
2026-06-21,Jessica Shepard,Assists,Over,4.5,-158,61.90%,1.60%,LOSS,5.5,2,-5,61.20%,Sunday,2026-06
2026-06-21,Jessica Shepard,Assists,Under,3.5,-114,53.80%,1.10%,WIN,3.4,2,4.39,53.30%,Sunday,2026-06
2026-06-21,Jessica Shepard,Assists,Over,5.5,-132,61.50%,10.60%,LOSS,7.8,1,-5,56.90%,Sunday,2026-06
2026-06-21,Jessica Shepard,Points,Over,25.5,-125,50.60%,-11.10%,LOSS,25.6,19,-5,55.60%,Sunday,2026-06
2026-06-21,Jessica Shepard,Points,Over,7.5,-118,47.30%,-14.80%,WIN,7.6,10,4.24,54.10%,Sunday,2026-06
2026-06-21,Jessica Shepard,Points,Under,19.5,-110,46.90%,-11.60%,WIN,19.4,18,4.55,52.40%,Sunday,2026-06
2026-06-21,Jessica Shepard,Points,Over,8.5,-112,53.60%,6.30%,WIN,10.7,12,4.46,52.80%,Sunday,2026-06
2026-06-21,Jessica Shepard,Points,Under,11.5,-128,51.80%,-10.00%,LOSS,11.3,15,-5,56.10%,Sunday,2026-06
2026-06-21,Jessica Shepard,Points,Under,16.5,-114,54.80%,3.40%,WIN,15.8,13,4.39,53.30%,Sunday,2026-06
2026-06-21,Jessica Shepard,Points,Over,12.5,100,52.50%,4.90%,LOSS,14.1,12,-5,50.00%,Sunday,2026-06
2026-06-21,Jessica Shepard,Points,Over,8.5,100,50.30%,0.70%,WIN,9.1,15,5,50.00%,Sunday,2026-06
2026-06-21,Jessica Shepard,Points,Under,15.5,-108,51.30%,-1.30%,WIN,14.5,10,4.63,51.90%,Sunday,2026-06
2026-06-21,Jessica Shepard,Points,Over,16.5,-125,53.90%,-3.60%,WIN,17.3,21,4,55.60%,Sunday,2026-06
2026-06-21,Jessica Shepard,Points,Over,13.5,-114,53.90%,1.30%,LOSS,14.3,5,-5,53.30%,Sunday,2026-06
2026-06-21,Jessica Shepard,Points,Over,7.5,-130,52.50%,-9.30%,WIN,8.6,14,3.85,56.50%,Sunday,2026-06
2026-06-21,Jessica Shepard,Points,Over,13.5,-108,49.80%,-4.50%,WIN,13.8,18,4.63,51.90%,Sunday,2026-06
2026-06-21,Jessica Shepard,Points,Over,13.5,-120,55.60%,2.30%,LOSS,15.7,12,-5,54.50%,Sunday,2026-06
2026-06-21,Jessica Shepard,Points,Under,9.5,-114,55.20%,4.10%,WIN,8.4,2,4.39,53.30%,Sunday,2026-06
2026-06-21,Jessica Shepard,Points,Over,20.5,-114,57.10%,8.10%,LOSS,25,12,-5,53.30%,Sunday,2026-06
2026-06-21,Jessica Shepard,Points,Over,12.5,-125,56.90%,3.10%,WIN,14.5,17,4,55.60%,Sunday,2026-06
2026-06-21,Jessica Shepard,Points,Under,8.5,-115,55.40%,4.00%,LOSS,6.8,13,-5,53.50%,Sunday,2026-06
2026-06-21,Jessica Shepard,Points,Under,7.5,-114,53.70%,0.80%,LOSS,7.2,10,-5,53.30%,Sunday,2026-06
2026-06-21,Jessica Shepard,Points,Under,9.5,-113,55.80%,5.90%,LOSS,7.8,14,-5,53.10%,Sunday,2026-06
2026-06-21,Jessica Shepard,Points,Under,15.5,-118,54.30%,0.30%,LOSS,14.9,20,-5,54.10%,Sunday,2026-06
2026-06-21,Jessica Shepard,Points,Under,8.5,-110,53.00%,1.30%,WIN,8.4,5,4.55,52.40%,Sunday,2026-06
2026-06-21,Jessica Shepard,Points,Over,13.5,-128,59.30%,7.30%,WIN,17.2,24,3.91,56.10%,Sunday,2026-06
2026-06-21,Jessica Shepard,Points,Over,17.5,-113,56.70%,7.70%,WIN,21,22,4.42,53.10%,Sunday,2026-06
2026-06-21,Jessica Shepard,Points,Under,10.5,-125,55.60%,0.10%,LOSS,9.5,19,-5,55.60%,Sunday,2026-06
2026-06-21,Jessica Shepard,Points,Under,15.5,-118,57.00%,6.20%,WIN,13.4,2,4.24,54.10%,Sunday,2026-06
2026-06-21,Jessica Shepard,Points,Over,11.5,-110,55.20%,6.00%,WIN,13.8,14,4.55,52.40%,Sunday,2026-06
2026-06-21,Jessica Shepard,Points,Over,13.5,-104,52.10%,2.30%,LOSS,14.7,7,-5,51.00%,Sunday,2026-06
2026-06-21,Jessica Shepard,Points,Over,15.5,-120,48.80%,-12.60%,WIN,16.3,21,4.17,54.50%,Sunday,2026-06
2026-06-21,Jessica Shepard,Points,Over,11.5,-125,56.10%,1.20%,LOSS,12.6,2,-5,55.60%,Sunday,2026-06
2026-06-21,Jessica Shepard,Pts + Asts,Over,29.5,-108,50.50%,-2.90%,LOSS,29.6,22,-5,51.90%,Sunday,2026-06
2026-06-21,Jessica Shepard,Pts + Asts,Over,10.5,-102,53.70%,6.40%,WIN,10.6,14,4.9,50.50%,Sunday,2026-06
2026-06-21,Jessica Shepard,Pts + Asts,Under,22.5,-106,52.40%,1.90%,WIN,22.5,22,4.72,51.50%,Sunday,2026-06
2026-06-21,Jessica Shepard,Pts + Asts,Under,18.5,-125,56.50%,2.10%,LOSS,17.4,24,-5,55.60%,Sunday,2026-06
2026-06-21,Jessica Shepard,Pts + Asts,Under,20.5,-112,51.00%,-3.90%,WIN,20.1,16,4.46,52.80%,Sunday,2026-06
2026-06-21,Jessica Shepard,Pts + Asts,Over,14.5,-114,54.40%,2.50%,WIN,17,15,4.39,53.30%,Sunday,2026-06
2026-06-21,Jessica Shepard,Pts + Asts,Over,12.5,-128,53.70%,-5.70%,WIN,13,20,3.91,56.10%,Sunday,2026-06
2026-06-21,Jessica Shepard,Pts + Asts,Over,9.5,-114,57.20%,8.40%,WIN,9,15,4.39,53.30%,Sunday,2026-06
2026-06-21,Jessica Shepard,Pts + Asts,Under,24.5,-132,57.40%,1.10%,LOSS,24.1,26,-5,56.90%,Sunday,2026-06
2026-06-21,Jessica Shepard,Pts + Asts,Under,16.5,-130,55.10%,-3.30%,LOSS,16.5,21,-5,56.50%,Sunday,2026-06
2026-06-21,Jessica Shepard,Pts + Asts,Over,26.5,-112,55.80%,6.40%,LOSS,30,19,-5,52.80%,Sunday,2026-06
2026-06-21,Jessica Shepard,Pts + Asts,Over,9.5,-118,57.90%,8.10%,WIN,10,11,4.24,54.10%,Sunday,2026-06
2026-06-21,Jessica Shepard,Pts + Asts,Over,16.5,-106,54.50%,6.30%,WIN,19.5,27,4.72,51.50%,Sunday,2026-06
2026-06-21,Jessica Shepard,Pts + Asts,Over,23.5,-120,54.60%,0.10%,WIN,26.5,28,4.17,54.50%,Sunday,2026-06
2026-06-21,Jessica Shepard,Pts + Asts,Under,20.5,-114,53.30%,0.10%,WIN,19.3,4,4.39,53.30%,Sunday,2026-06
2026-06-21,Jessica Shepard,Pts + Asts,Under,19.5,-118,48.10%,-13.10%,LOSS,19.3,23,-5,54.10%,Sunday,2026-06
2026-06-21,Jessica Shepard,Pts + Asts,Over,17.5,-125,57.40%,4.10%,LOSS,19.9,3,-5,55.60%,Sunday,2026-06
2026-06-21,Jessica Shepard,Pts + Rebs,Under,36.5,-120,52.50%,-4.40%,WIN,36,28,4.17,54.50%,Sunday,2026-06
2026-06-21,Jessica Shepard,Pts + Rebs,Over,9.5,-128,55.40%,-1.60%,WIN,10.4,12,3.91,56.10%,Sunday,2026-06
2026-06-21,Jessica Shepard,Pts + Rebs,Over,28.5,-114,46.30%,-15.00%,LOSS,28.5,28,-5,53.30%,Sunday,2026-06
2026-06-21,Jessica Shepard,Pts + Rebs,Under,15.5,-125,48.40%,-16.10%,LOSS,15.2,17,-5,55.60%,Sunday,2026-06
2026-06-21,Jessica Shepard,Pts + Rebs,Under,22.5,-130,60.80%,9.80%,WIN,19.7,17,3.85,56.50%,Sunday,2026-06
2026-06-21,Jessica Shepard,Pts + Rebs,Over,20.5,-121,57.10%,5.20%,LOSS,23.3,20,-5,54.80%,Sunday,2026-06
2026-06-21,Jessica Shepard,Pts + Rebs,Under,19.5,-106,52.40%,2.00%,WIN,18.8,11,4.72,51.50%,Sunday,2026-06
2026-06-21,Jessica Shepard,Pts + Rebs,Over,21.5,-108,50.90%,-2.10%,WIN,21.9,24,4.63,51.90%,Sunday,2026-06
2026-06-21,Jessica Shepard,Pts + Rebs,Under,18.5,-122,51.10%,-8.50%,WIN,18.3,8,4.1,55.00%,Sunday,2026-06
2026-06-21,Jessica Shepard,Pts + Rebs,Under,22.5,-128,49.00%,-16.40%,LOSS,22.4,26,-5,56.10%,Sunday,2026-06
2026-06-21,Jessica Shepard,Pts + Rebs,Over,17.5,-122,55.80%,2.00%,LOSS,19,14,-5,55.00%,Sunday,2026-06
2026-06-21,Jessica Shepard,Pts + Rebs,Over,15.5,-105,51.40%,0.30%,LOSS,15.8,7,-5,51.20%,Sunday,2026-06
2026-06-21,Jessica Shepard,Pts + Rebs,Over,22.5,-118,59.50%,11.60%,LOSS,28.6,15,-5,54.10%,Sunday,2026-06
2026-06-21,Jessica Shepard,Pts + Rebs,Over,21.5,-128,56.80%,1.40%,WIN,22.9,24,3.91,56.10%,Sunday,2026-06
2026-06-21,Jessica Shepard,Pts + Rebs,Over,9.5,-112,56.00%,6.70%,LOSS,11.8,4,-5,52.80%,Sunday,2026-06
2026-06-21,Jessica Shepard,Pts + Rebs,Under,11.5,-110,54.20%,3.90%,LOSS,9.9,15,-5,52.40%,Sunday,2026-06
2026-06-21,Jessica Shepard,Pts + Rebs,Over,9.5,-114,53.80%,1.10%,WIN,10.4,12,4.39,53.30%,Sunday,2026-06
2026-06-21,Jessica Shepard,Pts + Rebs,Under,16.5,-130,52.70%,-8.70%,LOSS,14.9,17,-5,56.50%,Sunday,2026-06
2026-06-21,Jessica Shepard,Pts + Rebs,Under,23.5,-114,55.60%,5.00%,WIN,21.2,26,4.39,53.30%,Sunday,2026-06
2026-06-21,Jessica Shepard,Pts + Rebs,Under,14.5,-114,49.50%,-8.10%,WIN,13.5,13,4.39,53.30%,Sunday,2026-06
2026-06-21,Jessica Shepard,Pts + Rebs,Over,23.5,-106,52.60%,2.40%,WIN,24.4,30,4.72,51.50%,Sunday,2026-06
2026-06-21,Jessica Shepard,Pts + Rebs,Over,22.5,-110,54.70%,4.90%,WIN,25.5,27,4.55,52.40%,Sunday,2026-06
2026-06-21,Jessica Shepard,Pts + Rebs,Under,18.5,-108,52.00%,0.10%,WIN,18,5,4.63,51.90%,Sunday,2026-06
2026-06-21,Jessica Shepard,Pts + Rebs,Over,14.5,-118,56.50%,5.20%,WIN,17.7,19,4.24,54.10%,Sunday,2026-06
2026-06-21,Jessica Shepard,Pts + Rebs,Over,20.5,-126,52.50%,-7.30%,LOSS,21.3,15,-5,55.80%,Sunday,2026-06
2026-06-21,Jessica Shepard,Pts + Rebs,Under,19.5,-114,54.00%,1.60%,LOSS,19.3,24,-5,53.30%,Sunday,2026-06
2026-06-21,Jessica Shepard,Pts + Rebs,Over,15.5,-114,55.20%,4.20%,LOSS,17.7,5,-5,53.30%,Sunday,2026-06
2026-06-21,Jessica Shepard,Rebs + Asts,Under,13.5,-112,54.70%,4.10%,WIN,12.8,12,4.46,52.80%,Sunday,2026-06
2026-06-21,Jessica Shepard,Rebs + Asts,Under,11.5,100,57.00%,14.10%,LOSS,9.9,14,-5,50.00%,Sunday,2026-06
2026-06-21,Jessica Shepard,Rebs + Asts,Over,10.5,-136,58.10%,1.20%,WIN,11.7,11,3.68,57.60%,Sunday,2026-06
2026-06-21,Jessica Shepard,Rebs + Asts,Under,9.5,-114,54.40%,2.40%,WIN,9.4,7,4.39,53.30%,Sunday,2026-06
2026-06-21,Jessica Shepard,Rebs + Asts,Over,9.5,-140,52.90%,-13.10%,WIN,10,11,3.57,58.30%,Sunday,2026-06
2026-06-21,Jessica Shepard,Rebs + Asts,Over,11.5,-106,51.90%,1.00%,LOSS,11.8,8,-5,51.50%,Sunday,2026-06
2026-06-21,Jessica Shepard,Rebs + Asts,Over,11.5,-108,52.00%,0.10%,LOSS,11.7,11,-5,51.90%,Sunday,2026-06
2026-06-21,Jessica Shepard,Rebs + Asts,Over,7.5,-125,59.00%,7.80%,WIN,8.9,10,4,55.60%,Sunday,2026-06
2026-06-21,Jessica Shepard,Rebs + Asts,Under,11.5,-118,60.30%,13.50%,WIN,9.9,9,4.24,54.10%,Sunday,2026-06
2026-06-21,Jessica Shepard,Rebs + Asts,Under,10.5,104,50.80%,3.40%,LOSS,10.3,11,-5,49.00%,Sunday,2026-06
2026-06-21,Jessica Shepard,Rebs + Asts,Over,8.5,100,52.30%,4.60%,LOSS,8.8,5,-5,50.00%,Sunday,2026-06
2026-06-21,Jessica Shepard,Rebs + Asts,Under,7.5,-132,48.40%,-19.60%,WIN,7.2,5,3.79,56.90%,Sunday,2026-06
2026-06-21,Jessica Shepard,Rebs + Asts,Over,9.5,-108,56.10%,8.80%,LOSS,11.4,4,-5,51.90%,Sunday,2026-06
2026-06-21,Jessica Shepard,Threes,Under,1.5,-270,64.30%,-32.20%,WIN,1.2,0,1.85,73.00%,Sunday,2026-06
2026-06-21,Jessica Shepard,Threes,Under,1.5,-245,59.60%,-4.90%,LOSS,0.91,2,-5,71.00%,Sunday,2026-06
2026-06-21,Jessica Shepard,Threes,Under,0.5,136,45.50%,5.50%,WIN,0.45,0,6.8,42.40%,Sunday,2026-06
2026-06-21,Jessica Shepard,Threes,Over,1.5,164,51.30%,21.70%,LOSS,2.3,0,-5,37.90%,Sunday,2026-06
2026-06-21,Jessica Shepard,Threes,Over,1.5,-200,53.40%,-39.90%,WIN,1.5,3,2.5,66.70%,Sunday,2026-06
2026-06-21,Jessica Shepard,Threes,Over,1.5,152,46.30%,10.90%,LOSS,1.9,1,-5,39.70%,Sunday,2026-06
2026-06-21,Jessica Shepard,Threes,Under,1.5,-154,64.60%,10.20%,LOSS,0.86,2,-5,60.60%,Sunday,2026-06
2026-06-21,Jessica Shepard,Threes,Over,1.5,-188,68.10%,8.10%,LOSS,2.4,0,-5,65.30%,Sunday,2026-06
2026-06-21,Jessica Shepard,Threes,Under,1.5,-205,65.60%,-5.00%,WIN,1.1,0,2.44,67.20%,Sunday,2026-06
2026-06-21,Jessica Shepard,Threes,Over,1.5,-200,65.40%,-3.90%,WIN,2.1,3,2.5,66.70%,Sunday,2026-06
2026-06-21,Jessica Shepard,Threes,Over,2.5,-102,52.10%,3.20%,LOSS,3.2,1,-5,50.50%,Sunday,2026-06
2026-06-21,Jessica Shepard,Threes,Under,1.5,-114,54.70%,3.00%,LOSS,1.4,4,-5,53.30%,Sunday,2026-06
2026-06-21,Jessica Shepard,Threes,Over,1.5,-104,51.50%,1.10%,WIN,1.8,4,4.81,51.00%,Sunday,2026-06
2026-06-21,Jessica Shepard,Threes,Over,1.5,-198,59.20%,-21.40%,LOSS,2,1,-5,66.40%,Sunday,2026-06
2026-06-21,Jessica Shepard,Threes,Over,1.5,118,56.20%,19.10%,LOSS,2.3,0,-5,45.90%,Sunday,2026-06
2026-06-21,Jessica Shepard,Threes,Under,2.5,-210,61.70%,-18.70%,WIN,2.2,1,2.38,67.70%,Sunday,2026-06
2026-06-21,Jessica Shepard,Threes,Over,1.5,118,43.70%,-4.00%,WIN,1.6,3,5.9,45.90%,Sunday,2026-06
2026-06-21,Jessica Shepard,Threes,Over,1.5,102,58.90%,18.60%,WIN,2.5,2,5.1,49.50%,Sunday,2026-06
2026-06-21,Jessica Shepard,Threes,Over,1.5,108,50.70%,5.10%,LOSS,1.9,1,-5,48.10%,Sunday,2026-06
2026-06-21,Jessica Shepard,Threes,Under,1.5,-186,57.50%,-21.60%,LOSS,1.4,2,-5,65.00%,Sunday,2026-06
2026-06-21,Jessica Shepard,Threes,Under,1.5,-162,61.50%,-0.80%,WIN,1.2,1,3.09,61.80%,Sunday,2026-06
2026-06-21,Jessica Shepard,Threes,Under,1.5,-186,68.30%,9.40%,LOSS,0.75,2,-5,65.00%,Sunday,2026-06
2026-06-21,Jessica Shepard,Threes,Over,1.5,-162,56.10%,-15.10%,LOSS,1.9,0,-5,61.80%,Sunday,2026-06
2026-06-21,Jewell Lloyd,Threes,Over,1.5,118,43.90%,-3.60%,WIN,1.5,2,5.9,45.90%,Sunday,2026-06
2026-06-21,Jewell Lloyd,Threes,Over,1.5,164,47.70%,15.80%,LOSS,2.1,0,-5,37.90%,Sunday,2026-06
2026-06-22,Jewell Lloyd,Assists,Under,2.5,-114,51.90%,-2.90%,LOSS,2.5,3,-5,53.30%,Monday,2026-06
2026-06-22,Jewell Lloyd,Assists,Over,2.5,-162,61.00%,-2.30%,LOSS,3.2,2,-5,61.80%,Monday,2026-06
2026-06-22,Jewell Lloyd,Assists,Over,3.5,140,44.30%,4.60%,WIN,3.9,4,7,41.70%,Monday,2026-06
2026-06-22,Jewell Loyd,Assists,Under,2.5,-176,64.20%,1.20%,WIN,2,1,2.84,63.80%,Monday,2026-06
2026-06-22,Jewell Loyd,Assists,Over,4.5,-158,52.80%,-21.90%,WIN,4.5,8,3.16,61.20%,Monday,2026-06
2026-06-22,Jewell Loyd,Assists,Over,6.5,-158,63.20%,5.20%,WIN,8.1,13,3.16,61.20%,Monday,2026-06
2026-06-22,Jewell Loyd,Assists,Under,4.5,-112,53.00%,0.40%,WIN,4.2,3,4.46,52.80%,Monday,2026-06
2026-06-22,Jewell Loyd,Assists,Over,2.5,-120,55.80%,2.70%,LOSS,3.2,0,-5,54.50%,Monday,2026-06
2026-06-22,Jewell Loyd,Assists,Under,5.5,-172,65.30%,5.70%,WIN,4.5,2,2.91,63.20%,Monday,2026-06
2026-06-22,Jewell Loyd,Assists,Under,4.5,-182,60.40%,-11.50%,WIN,3.9,4,2.75,64.50%,Monday,2026-06
2026-06-22,Jewell Loyd,Assists,Over,4.5,-106,52.80%,2.70%,LOSS,5.2,0,-5,51.50%,Monday,2026-06
2026-06-22,Jewell Loyd,Assists,Under,4.5,-102,52.10%,3.20%,LOSS,4,11,-5,50.50%,Monday,2026-06
2026-06-22,Jewell Loyd,Assists,Over,5.5,-130,58.40%,4.20%,LOSS,6.8,5,-5,56.50%,Monday,2026-06
2026-06-22,Jewell Loyd,Assists,Over,3.5,-146,60.40%,2.50%,LOSS,4.3,1,-5,59.30%,Monday,2026-06
2026-06-22,Jewell Loyd,Assists,Over,4.5,-136,58.10%,1.10%,LOSS,5.3,4,-5,57.60%,Monday,2026-06
2026-06-22,Jewell Loyd,Points,Under,8.5,-104,53.70%,5.50%,LOSS,7,11,-5,51.00%,Monday,2026-06
2026-06-22,Jewell Loyd,Points,Over,18.5,-130,57.50%,2.20%,LOSS,20.6,18,-5,56.50%,Monday,2026-06
2026-06-22,Jewell Loyd,Points,Under,10.5,-130,51.00%,-12.60%,WIN,10.2,1,3.85,56.50%,Monday,2026-06
2026-06-22,Jewell Loyd,Points,Over,15.5,-125,55.70%,0.20%,LOSS,16.9,11,-5,55.60%,Monday,2026-06
2026-06-22,Jewell Loyd,Points,Under,14.5,-102,56.60%,12.30%,WIN,10.1,4,4.9,50.50%,Monday,2026-06
2026-06-22,Jewell Loyd,Points,Over,10.5,-120,48.10%,-14.30%,WIN,10.8,18,4.17,54.50%,Monday,2026-06
2026-06-22,Jewell Loyd,Points,Under,10.5,-114,58.60%,11.50%,LOSS,7.1,11,-5,53.30%,Monday,2026-06
2026-06-22,Jewell Loyd,Points,Over,12.5,-130,50.00%,-15.00%,WIN,12.6,26,3.85,56.50%,Monday,2026-06
2026-06-22,Jewell Loyd,Points,Under,11.5,-114,53.90%,1.40%,LOSS,10.3,14,-5,53.30%,Monday,2026-06
2026-06-22,Jewell Loyd,Points,Under,16.5,-115,62.50%,19.30%,LOSS,7.9,37,-5,53.50%,Monday,2026-06
2026-06-22,Jewell Loyd,Points,Under,11.5,-125,57.90%,5.30%,WIN,8.9,11,4,55.60%,Monday,2026-06
2026-06-22,Jewell Loyd,Points,Over,9.5,-113,53.30%,0.50%,LOSS,9.8,5,-5,53.10%,Monday,2026-06
2026-06-22,Jewell Loyd,Points,Under,11.5,-110,53.70%,2.70%,LOSS,10.5,21,-5,52.40%,Monday,2026-06
2026-06-22,Jewell Loyd,Points,Under,13.5,-122,58.00%,6.70%,LOSS,10.1,14,-5,55.00%,Monday,2026-06
2026-06-22,Jewell Loyd,Points,Under,12.5,-132,58.20%,3.10%,WIN,11,11,3.79,56.90%,Monday,2026-06
2026-06-22,Jewell Loyd,Points,Over,5.5,-130,57.10%,1.20%,LOSS,6.4,4,-5,56.50%,Monday,2026-06
2026-06-22,Jewell Loyd,Points,Over,12.5,-114,55.30%,4.40%,WIN,14.9,16,4.39,53.30%,Monday,2026-06
2026-06-22,Jewell Loyd,Points,Under,8.5,-132,59.70%,6.50%,WIN,7.2,8,3.79,56.90%,Monday,2026-06
2026-06-22,Jewell Loyd,Points,Under,9.5,-135,60.30%,6.60%,WIN,7,8,3.7,57.40%,Monday,2026-06
2026-06-22,Jewell Loyd,Points,Under,12.5,-132,53.30%,-8.30%,WIN,11.9,12,3.79,56.90%,Monday,2026-06
2026-06-22,Jewell Loyd,Points,Over,10.5,-118,47.50%,-14.40%,LOSS,10.5,8,-5,54.10%,Monday,2026-06
2026-06-22,Jewell Loyd,Points,Under,19.5,-118,59.30%,11.30%,LOSS,15.3,23,-5,54.10%,Monday,2026-06
2026-06-22,Jewell Loyd,Points,Over,9.5,-106,53.50%,4.20%,LOSS,11.1,4,-5,51.50%,Monday,2026-06
2026-06-22,Jewell Loyd,Points,Under,14.5,-125,62.10%,14.80%,LOSS,10.6,21,-5,55.60%,Monday,2026-06
2026-06-22,Jewell Loyd,Points,Over,18.5,100,50.30%,0.70%,WIN,19.3,27,5,50.00%,Monday,2026-06
2026-06-22,Jewell Loyd,Points,Over,18.5,-113,55.60%,5.40%,WIN,23.1,20,4.42,53.10%,Monday,2026-06
2026-06-22,Jewell Loyd,Points,Under,15.5,-108,55.80%,8.00%,WIN,12.8,3,4.63,51.90%,Monday,2026-06
2026-06-22,Jewell Loyd,Points,Under,15.5,-115,53.70%,0.40%,WIN,15.2,10,4.35,53.50%,Monday,2026-06
2026-06-22,Jewell Loyd,Pts + Asts,Over,21.5,-122,55.00%,0.10%,LOSS,22.6,21,-5,55.00%,Monday,2026-06
2026-06-22,Jewell Loyd,Pts + Asts,Over,18.5,-130,52.90%,-8.40%,LOSS,19.5,13,-5,56.50%,Monday,2026-06
2026-06-22,Jewell Loyd,Pts + Asts,Under,18.5,-132,60.10%,7.50%,WIN,15.2,8,3.79,56.90%,Monday,2026-06
2026-06-22,Jewell Loyd,Pts + Asts,Under,13.5,-107,45.10%,-13.70%,WIN,8.6,12,4.67,51.70%,Monday,2026-06
2026-06-22,Jewell Loyd,Pts + Asts,Under,18.5,-114,57.80%,9.60%,LOSS,15,22,-5,53.30%,Monday,2026-06
2026-06-22,Jewell Loyd,Pts + Asts,Under,19.5,-128,57.70%,3.40%,LOSS,17.6,24,-5,56.10%,Monday,2026-06
2026-06-22,Jewell Loyd,Pts + Asts,Over,10.5,-120,57.00%,5.50%,LOSS,10.3,7,-5,54.50%,Monday,2026-06
2026-06-22,Jewell Loyd,Pts + Asts,Over,15.5,-102,52.90%,4.90%,WIN,18.1,16,4.9,50.50%,Monday,2026-06
2026-06-22,Jewell Loyd,Pts + Asts,Under,17.5,-128,56.60%,1.00%,WIN,16.1,14,3.91,56.10%,Monday,2026-06
2026-06-22,Jewell Loyd,Pts + Asts,Under,23.5,-112,57.50%,9.80%,LOSS,19.7,27,-5,52.80%,Monday,2026-06
2026-06-22,Jewell Loyd,Pts + Asts,Over,13.5,102,50.90%,2.70%,LOSS,15.6,4,-5,49.50%,Monday,2026-06
2026-06-22,Jewell Loyd,Pts + Asts,Under,19.5,-130,62.00%,12.60%,LOSS,14.5,32,-5,56.50%,Monday,2026-06
2026-06-22,Jewell Loyd,Pts + Asts,Over,24.5,-132,54.00%,-6.80%,WIN,25.3,32,3.79,56.90%,Monday,2026-06
2026-06-22,Jewell Loyd,Pts + Asts,Over,22.5,-112,57.40%,9.60%,LOSS,27.8,21,-5,52.80%,Monday,2026-06
2026-06-22,Jewell Loyd,Pts + Asts,Under,20.5,-110,53.70%,2.70%,WIN,19.1,7,4.55,52.40%,Monday,2026-06
2026-06-22,Jewell Loyd,Pts + Rebs,Under,12.5,-112,54.70%,4.00%,LOSS,9.8,16,-5,52.80%,Monday,2026-06
2026-06-22,Jewell Loyd,Pts + Rebs,Over,22.5,-118,55.60%,3.20%,LOSS,24.6,19,-5,54.10%,Monday,2026-06
2026-06-22,Jewell Loyd,Pts + Rebs,Under,19.5,-106,52.10%,1.40%,WIN,18.1,3,4.72,51.50%,Monday,2026-06
2026-06-22,Jewell Loyd,Pts + Rebs,Over,28.5,-106,45.80%,-11.70%,LOSS,29.5,20,-5,51.50%,Monday,2026-06
2026-06-22,Jonquel Jones,Pts + Rebs,Under,18.5,-120,57.10%,5.70%,WIN,14.8,6,4.17,54.50%,Monday,2026-06
2026-06-22,Jonquel Jones,Pts + Rebs,Under,16.5,-125,48.90%,-14.90%,LOSS,15.8,24,-5,55.60%,Monday,2026-06
2026-06-22,Jonquel Jones,Pts + Rebs,Under,17.5,-122,55.10%,0.30%,LOSS,15.1,14,-5,55.00%,Monday,2026-06
2026-06-22,Jonquel Jones,Pts + Rebs,Under,16.5,-114,48.40%,-10.50%,LOSS,15.7,22,-5,53.30%,Monday,2026-06
2026-06-22,Jonquel Jones,Pts + Rebs,Under,24.5,-114,62.30%,19.40%,LOSS,14.1,49,-5,53.30%,Monday,2026-06
2026-06-22,Jonquel Jones,Pts + Rebs,Under,15.5,-102,48.60%,-3.80%,LOSS,14.7,16,-5,50.50%,Monday,2026-06
2026-06-22,Jonquel Jones,Pts + Rebs,Over,13.5,-112,54.40%,3.30%,LOSS,14.7,9,-5,52.80%,Monday,2026-06
2026-06-22,Jonquel Jones,Pts + Rebs,Under,17.5,-124,56.90%,3.50%,LOSS,14.4,31,-5,55.40%,Monday,2026-06
2026-06-22,Jonquel Jones,Pts + Rebs,Under,25.5,-125,62.50%,15.70%,WIN,19.1,23,4,55.60%,Monday,2026-06
2026-06-22,Jonquel Jones,Pts + Rebs,Under,15.5,-108,47.70%,-8.80%,WIN,14.8,13,4.63,51.90%,Monday,2026-06
2026-06-22,Jonquel Jones,Pts + Rebs,Over,20.5,-106,51.60%,0.30%,WIN,21.4,30,4.72,51.50%,Monday,2026-06
2026-06-22,Jonquel Jones,Pts + Rebs,Under,12.5,-108,54.00%,4.40%,WIN,11.4,12,4.63,51.90%,Monday,2026-06
2026-06-22,Jonquel Jones,Pts + Rebs,Under,12.5,-114,55.10%,3.80%,WIN,9.9,10,4.39,53.30%,Monday,2026-06
2026-06-22,Jonquel Jones,Pts + Rebs,Under,15.5,-118,51.60%,-5.40%,WIN,14.3,12,4.24,54.10%,Monday,2026-06
2026-06-22,Jonquel Jones,Pts + Rebs,Under,22.5,-114,58.00%,10.20%,LOSS,18.8,27,-5,53.30%,Monday,2026-06
2026-06-22,Jonquel Jones,Pts + Rebs,Over,12.5,-130,58.20%,3.80%,LOSS,14.2,5,-5,56.50%,Monday,2026-06
2026-06-22,Jonquel Jones,Pts + Rebs,Under,18.5,-117,59.70%,12.60%,LOSS,13,25,-5,53.90%,Monday,2026-06
2026-06-22,Jonquel Jones,Pts + Rebs,Over,22.5,-114,53.90%,1.30%,WIN,22.9,32,4.39,53.30%,Monday,2026-06
2026-06-22,Jonquel Jones,Pts + Rebs,Over,22.5,-108,55.90%,8.30%,WIN,26.5,27,4.63,51.90%,Monday,2026-06
2026-06-22,Jonquel Jones,Pts + Rebs,Under,18.5,-114,53.60%,0.70%,WIN,17.4,4,4.39,53.30%,Monday,2026-06
2026-06-22,Jonquel Jones,Rebs + Asts,Under,6.5,-148,49.90%,-24.20%,WIN,6.2,4,3.38,59.70%,Monday,2026-06
2026-06-22,Jonquel Jones,Rebs + Asts,Over,15.5,-102,51.10%,1.30%,LOSS,15.8,11,-5,50.50%,Monday,2026-06
2026-06-22,Jonquel Jones,Rebs + Asts,Over,6.5,-112,54.20%,2.90%,LOSS,6.7,6,-5,52.80%,Monday,2026-06
2026-06-22,Jonquel Jones,Rebs + Asts,Under,9.5,100,50.80%,1.60%,WIN,8,4,5,50.00%,Monday,2026-06
2026-06-22,Jonquel Jones,Rebs + Asts,Under,16.5,102,57.50%,15.80%,LOSS,13.7,17,-5,49.50%,Monday,2026-06
2026-06-22,Jonquel Jones,Rebs + Asts,Over,10.5,-125,55.80%,0.60%,WIN,11.4,15,4,55.60%,Monday,2026-06
2026-06-22,Jonquel Jones,Rebs + Asts,Under,10.5,-130,55.60%,-2.00%,LOSS,10.4,14,-5,56.50%,Monday,2026-06
2026-06-22,Jonquel Jones,Rebs + Asts,Under,7.5,-152,50.10%,-25.90%,LOSS,7.4,8,-5,60.30%,Monday,2026-06
2026-06-22,Jonquel Jones,Rebs + Asts,Over,7.5,-146,63.30%,9.80%,LOSS,8.3,1,-5,59.30%,Monday,2026-06
2026-06-22,Jonquel Jones,Rebs + Asts,Under,7.5,108,51.40%,6.30%,LOSS,6.2,15,-5,48.10%,Monday,2026-06
2026-06-22,Jonquel Jones,Rebs + Asts,Under,10.5,-140,58.40%,0.20%,WIN,10.2,10,3.57,58.30%,Monday,2026-06
2026-06-22,Jonquel Jones,Rebs + Asts,Over,7.5,-130,57.50%,2.30%,WIN,7.6,8,3.85,56.50%,Monday,2026-06
2026-06-22,Jonquel Jones,Rebs + Asts,Over,7.5,-112,58.30%,11.60%,LOSS,8.3,5,-5,52.80%,Monday,2026-06
2026-06-22,Jonquel Jones,Threes,Over,1.5,-146,66.90%,18.50%,LOSS,2.8,1,-5,59.30%,Monday,2026-06
2026-06-22,Jonquel Jones,Threes,Over,1.5,-122,47.50%,-16.50%,LOSS,1.7,0,-5,55.00%,Monday,2026-06
2026-06-22,Jonquel Jones,Threes,Under,1.5,-210,69.30%,5.00%,LOSS,0.83,4,-5,67.70%,Monday,2026-06
2026-06-22,Jonquel Jones,Threes,Under,0.6,155,45.10%,9.70%,LOSS,0.39,1,-5,39.20%,Monday,2026-06
2026-06-22,Jonquel Jones,Threes,Over,1.5,-130,57.40%,2.00%,WIN,2,2,3.85,56.50%,Monday,2026-06
2026-06-22,Jonquel Jones,Threes,Under,1.5,-247,70.90%,-1.00%,LOSS,0.87,2,-5,71.20%,Monday,2026-06
2026-06-22,Jonquel Jones,Threes,Under,1.5,-245,60.80%,-35.30%,WIN,1.4,1,2.04,71.00%,Monday,2026-06
2026-06-22,Jonquel Jones,Threes,Under,1.5,-205,65.60%,-5.00%,WIN,1.1,0,2.44,67.20%,Monday,2026-06
2026-06-22,Jonquel Jones,Threes,Over,1.5,-166,65.10%,7.30%,WIN,2.4,2,3.01,62.40%,Monday,2026-06
2026-06-22,Jonquel Jones,Threes,Under,2.5,110,54.50%,13.20%,LOSS,2.3,3,-5,47.60%,Monday,2026-06
2026-06-22,Jonquel Jones,Threes,Under,2.5,-132,66.60%,22.60%,WIN,1.5,2,3.79,56.90%,Monday,2026-06
2026-06-22,Jonquel Jones,Threes,Over,1.5,-114,55.40%,4.50%,WIN,2,3,4.39,53.30%,Monday,2026-06
2026-06-22,Jonquel Jones,Threes,Over,2.5,-158,75.80%,37.70%,WIN,5.9,5,3.16,61.20%,Monday,2026-06
2026-06-22,Jonquel Jones,Threes,Over,1.5,118,46.00%,0.30%,LOSS,1.6,0,-5,45.90%,Monday,2026-06
2026-06-22,Jonquel Jones,Threes,Over,1.5,-186,53.10%,-34.10%,LOSS,1.7,1,-5,65.00%,Monday,2026-06
2026-06-23,Jonquel Jones,Assists,Over,6.5,-146,52.30%,-17.30%,WIN,7.3,8,3.42,59.30%,Tuesday,2026-06
2026-06-23,Jonquel Jones,Assists,Over,6.5,102,49.00%,-0.90%,WIN,6.9,7,5.1,49.50%,Tuesday,2026-06
2026-06-23,Jonquel Jones,Assists,Over,3.5,142,42.60%,2.10%,LOSS,3.5,2,-5,41.30%,Tuesday,2026-06
2026-06-23,Jonquel Jones,Assists,Over,4.5,-120,49.90%,-10.30%,LOSS,4.7,4,-5,54.50%,Tuesday,2026-06
2026-06-23,Jonquel Jones,Assists,Under,2.5,-143,60.30%,3.40%,WIN,2,1,3.5,58.80%,Tuesday,2026-06
2026-06-23,Jonquel Jones,Points,Under,25.5,-106,50.80%,-1.30%,WIN,25.3,16,4.72,51.50%,Tuesday,2026-06
2026-06-23,Jonquel Jones,Points,Under,18.5,-138,56.30%,-4.10%,LOSS,18.6,20,-5,58.00%,Tuesday,2026-06
2026-06-23,Jonquel Jones,Points,Under,11.5,-104,51.30%,1.00%,WIN,11.2,11,4.81,51.00%,Tuesday,2026-06
2026-06-23,Jonquel Jones,Points,Over,17.5,-104,50.70%,-0.60%,WIN,18.1,19,4.81,51.00%,Tuesday,2026-06
2026-06-23,Jonquel Jones,Points,Under,8.5,-110,53.70%,2.90%,WIN,8,6,4.55,52.40%,Tuesday,2026-06
2026-06-23,Jonquel Jones,Points,Under,13.5,-132,57.00%,0.30%,LOSS,13.2,14,-5,56.90%,Tuesday,2026-06
2026-06-23,Jonquel Jones,Points,Under,8.5,-122,56.00%,2.40%,LOSS,7.8,12,-5,55.00%,Tuesday,2026-06
2026-06-23,Jonquel Jones,Points,Under,10.5,-108,57.00%,10.60%,WIN,7.6,7,4.63,51.90%,Tuesday,2026-06
2026-06-23,Jonquel Jones,Points,Under,12.5,-106,53.80%,4.80%,LOSS,11.1,16,-5,51.50%,Tuesday,2026-06
2026-06-23,Jonquel Jones,Points,Under,14.5,-112,53.20%,0.80%,WIN,14.1,0,4.46,52.80%,Tuesday,2026-06
2026-06-23,Jonquel Jones,Pts + Asts,Under,29.5,-128,56.30%,0.40%,WIN,28.1,21,3.91,56.10%,Tuesday,2026-06
2026-06-23,Jonquel Jones,Pts + Asts,Over,20.5,-128,57.00%,1.90%,WIN,21.6,24,3.91,56.10%,Tuesday,2026-06
2026-06-23,Jonquel Jones,Pts + Asts,Under,19.5,100,51.50%,2.90%,WIN,17.9,19,5,50.00%,Tuesday,2026-06
2026-06-23,Jonquel Jones,Pts + Asts,Over,23.5,-120,47.20%,-16.20%,WIN,24.1,26,4.17,54.50%,Tuesday,2026-06
2026-06-23,Jonquel Jones,Pts + Asts,Over,15.5,-120,48.80%,-12.70%,WIN,15.9,17,4.17,54.50%,Tuesday,2026-06
2026-06-23,Jonquel Jones,Pts + Asts,Over,10.5,100,55.40%,10.80%,LOSS,15,9,-5,50.00%,Tuesday,2026-06
2026-06-23,Jonquel Jones,Pts + Asts,Under,17.5,-114,54.90%,3.40%,LOSS,15.8,20,-5,53.30%,Tuesday,2026-06
2026-06-23,Jonquel Jones,Pts + Asts,Under,17.5,-127,56.40%,1.00%,WIN,16.1,1,3.94,55.90%,Tuesday,2026-06
2026-06-23,Jonquel Jones,Pts + Rebs,Under,35.5,-112,50.50%,-4.90%,WIN,35.4,25,4.46,52.80%,Tuesday,2026-06
2026-06-23,Jonquel Jones,Pts + Rebs,Over,26.5,-118,49.40%,-10.40%,LOSS,26.9,26,-5,54.10%,Tuesday,2026-06
2026-06-23,Jonquel Jones,Pts + Rebs,Over,15.5,-124,55.60%,0.60%,WIN,15.9,16,4.03,55.40%,Tuesday,2026-06
2026-06-23,Jonquel Jones,Pts + Rebs,Over,21.5,-122,51.40%,-7.90%,WIN,22.1,23,4.1,55.00%,Tuesday,2026-06
2026-06-23,Jonquel Jones,Pts + Rebs,Over,10.5,-132,50.00%,-16.00%,LOSS,11.1,7,-5,56.90%,Tuesday,2026-06
2026-06-23,Jonquel Jones,Pts + Rebs,Under,21.5,-130,54.10%,-5.50%,WIN,21.9,19,3.85,56.50%,Tuesday,2026-06
2026-06-23,Jonquel Jones,Pts + Rebs,Under,11.5,-114,54.00%,1.50%,LOSS,10.3,13,-5,53.30%,Tuesday,2026-06
2026-06-23,Jonquel Jones,Pts + Rebs,Under,16.5,-110,52.90%,1.10%,WIN,14.5,8,4.55,52.40%,Tuesday,2026-06
2026-06-23,Jonquel Jones,Pts + Rebs,Over,9.5,-124,60.10%,10.70%,LOSS,14.1,9,-5,55.40%,Tuesday,2026-06
2026-06-23,Jonquel Jones,Pts + Rebs,Under,16.5,-118,49.10%,-11.00%,LOSS,15.9,26,-5,54.10%,Tuesday,2026-06
2026-06-23,Jonquel Jones,Pts + Rebs,Under,18.5,-121,50.20%,-10.00%,WIN,17.9,3,4.13,54.80%,Tuesday,2026-06
2026-06-23,Jonquel Jones,Rebs + Asts,Under,12.5,-102,51.70%,2.40%,LOSS,12.3,14,-5,50.50%,Tuesday,2026-06
2026-06-23,Jonquel Jones,Rebs + Asts,Under,11.5,-112,56.90%,8.60%,WIN,10.4,10,4.46,52.80%,Tuesday,2026-06
2026-06-23,Jonquel Jones,Rebs + Asts,Over,10.5,-130,52.90%,-8.40%,WIN,11.2,13,3.85,56.50%,Tuesday,2026-06
2026-06-23,Jonquel Jones,Rebs + Asts,Over,10.5,-140,51.60%,-16.10%,WIN,11.1,11,3.57,58.30%,Tuesday,2026-06
2026-06-23,Jonquel Jones,Rebs + Asts,Under,11.5,-125,51.10%,-10.00%,WIN,11.4,8,4,55.60%,Tuesday,2026-06
2026-06-23,Jonquel Jones,Rebs + Asts,Over,7.5,102,51.60%,4.10%,WIN,8.7,14,5.1,49.50%,Tuesday,2026-06
2026-06-23,Jonquel Jones,Rebs + Asts,Under,6.5,-132,47.30%,-22.20%,WIN,6.4,4,3.79,56.90%,Tuesday,2026-06
2026-06-23,Jonquel Jones,Threes,Over,0.5,-230,70.40%,2.40%,LOSS,1.2,0,-5,69.70%,Tuesday,2026-06
2026-06-23,Jonquel Jones,Threes,Over,1.5,-205,59.80%,-22.50%,WIN,1.9,2,2.44,67.20%,Tuesday,2026-06
2026-06-23,Jonquel Jones,Threes,Under,2.5,-210,64.00%,-11.40%,WIN,2.3,1,2.38,67.70%,Tuesday,2026-06
2026-06-23,Jonquel Jones,Threes,Over,1.5,-158,61.40%,0.50%,WIN,2.2,2,3.16,61.20%,Tuesday,2026-06
2026-06-23,Jonquel Jones,Threes,Over,1.5,-130,49.20%,-17.00%,LOSS,1.8,1,-5,56.50%,Tuesday,2026-06
2026-06-23,Jonquel Jones,Threes,Over,1.5,110,50.50%,5.60%,WIN,1.8,4,5.5,47.60%,Tuesday,2026-06
2026-06-23,Jonquel Jones,Threes,Over,1.5,102,51.00%,2.90%,WIN,1.8,2,5.1,49.50%,Tuesday,2026-06
2026-06-23,Jonquel Jones,Threes,Under,1.5,122,48.70%,6.60%,LOSS,1.4,2,-5,45.00%,Tuesday,2026-06
2026-06-23,Jonquel Jones,Threes,Over,1.5,-142,55.70%,-7.20%,LOSS,1.9,0,-5,58.70%,Tuesday,2026-06
2026-06-24,Jonquel Jones,Assists,Under,3.5,-178,56.80%,-20.20%,LOSS,3.3,5,-5,64.00%,Wednesday,2026-06
2026-06-24,Jonquel Jones,Assists,Over,8.5,-132,58.40%,3.50%,LOSS,9.5,8,-5,56.90%,Wednesday,2026-06
2026-06-24,Jonquel Jones,Assists,Over,2.5,-148,56.30%,-8.50%,WIN,2.9,4,3.38,59.70%,Wednesday,2026-06
2026-06-24,Jonquel Jones,Assists,Over,8.5,-120,56.40%,4.20%,LOSS,9.5,8,-5,54.50%,Wednesday,2026-06
2026-06-24,Jonquel Jones,Assists,Under,5.5,-114,50.70%,7.40%,LOSS,4.9,6,-5,53.30%,Wednesday,2026-06
2026-06-24,Jonquel Jones,Assists,Over,4.5,104,49.70%,1.40%,LOSS,4.9,3,-5,49.00%,Wednesday,2026-06
2026-06-24,Jonquel Jones,Assists,Over,4.5,134,44.20%,2.50%,LOSS,4.8,3,-5,42.70%,Wednesday,2026-06
2026-06-24,Jonquel Jones,Assists,Over,6.5,104,50.00%,1.90%,LOSS,7.5,2,-5,49.00%,Wednesday,2026-06
2026-06-24,Jonquel Jones,Assists,Over,1.5,-136,59.30%,4.00%,LOSS,0.8,1,-5,57.60%,Wednesday,2026-06
2026-06-24,Jonquel Jones,Assists,Over,2.5,-108,53.50%,3.30%,WIN,3,3,4.63,51.90%,Wednesday,2026-06
2026-06-24,Jonquel Jones,Assists,Over,2.5,-158,55.50%,-14.90%,LOSS,2.8,2,-5,61.20%,Wednesday,2026-06
2026-06-24,Jonquel Jones,Assists,Over,2.5,-130,57.30%,1.70%,WIN,3.1,6,3.85,56.50%,Wednesday,2026-06
2026-06-24,Jonquel Jones,Assists,Over,4.5,122,46.10%,1.90%,LOSS,4.8,4,-5,45.00%,Wednesday,2026-06
2026-06-24,Jonquel Jones,Assists,Under,2.5,122,49.20%,7.60%,LOSS,2.3,3,-5,45.00%,Wednesday,2026-06
2026-06-24,Jonquel Jones,Assists,Over,5.5,-132,58.60%,4.00%,LOSS,6.7,5,-5,56.90%,Wednesday,2026-06
2026-06-24,Jonquel Jones,Assists,Under,3.5,-104,52.50%,3.10%,WIN,3.2,3,4.81,51.00%,Wednesday,2026-06
2026-06-24,Jonquel Jones,Assists,Under,2.5,118,49.90%,7.40%,WIN,2.3,2,5.9,45.90%,Wednesday,2026-06
2026-06-24,Jonquel Jones,Assists,Over,5.5,104,50.60%,3.10%,WIN,6.3,6,5.2,49.00%,Wednesday,2026-06
2026-06-24,Jonquel Jones,Assists,Under,3.5,-172,57.40%,-15.90%,WIN,3.3,3,2.91,63.20%,Wednesday,2026-06
2026-06-24,Jonquel Jones,Assists,Over,5.5,-106,54.90%,7.20%,WIN,7.2,7,4.72,51.50%,Wednesday,2026-06
2026-06-24,Jonquel Jones,Points,Under,15.5,-128,54.30%,-4.10%,LOSS,16.5,23,-5,56.10%,Wednesday,2026-06
2026-06-24,Jonquel Jones,Points,Over,17.5,-118,54.60%,0.90%,LOSS,18.9,8,-5,54.10%,Wednesday,2026-06
2026-06-24,Jonquel Jones,Points,Under,14.5,-118,56.50%,5.20%,LOSS,13,24,-5,54.10%,Wednesday,2026-06
2026-06-24,Jonquel Jones,Points,Over,13.5,-125,58.10%,5.70%,LOSS,16.7,10,-5,55.60%,Wednesday,2026-06
2026-06-24,Jonquel Jones,Points,Under,10.5,100,53.30%,6.60%,LOSS,8.7,11,-5,50.00%,Wednesday,2026-06
2026-06-24,Jonquel Jones,Points,Under,12.5,-104,52.10%,2.30%,WIN,11.7,7,4.81,51.00%,Wednesday,2026-06
2026-06-24,Jonquel Jones,Points,Over,21.5,-118,47.00%,-15.50%,LOSS,23.5,19,-5,54.10%,Wednesday,2026-06
2026-06-24,Jonquel Jones,Points,Under,14.5,-120,57.30%,6.00%,WIN,12.3,10,4.17,54.50%,Wednesday,2026-06
2026-06-24,Jonquel Jones,Points,Over,8.5,-114,56.40%,6.70%,WIN,11.3,14,4.39,53.30%,Wednesday,2026-06
2026-06-24,Jonquel Jones,Points,Over,15.5,-122,49.40%,-12.40%,LOSS,16,5,-5,55.00%,Wednesday,2026-06
2026-06-24,Jonquel Jones,Points,Under,10.5,-130,57.20%,1.50%,LOSS,9.2,13,-5,56.50%,Wednesday,2026-06
2026-06-24,Jonquel Jones,Points,Under,8.5,102,54.60%,10.20%,LOSS,5.5,10,-5,49.50%,Wednesday,2026-06
2026-06-24,Jonquel Jones,Points,Over,14.5,-130,54.60%,-4.30%,WIN,16.2,23,3.85,56.50%,Wednesday,2026-06
2026-06-24,Jonquel Jones,Points,Under,9.5,-110,55.50%,6.50%,LOSS,8.2,10,-5,52.40%,Wednesday,2026-06
2026-06-24,Jonquel Jones,Points,Over,12.5,-125,57.40%,4.10%,LOSS,14.7,6,-5,55.60%,Wednesday,2026-06
2026-06-24,Jonquel Jones,Points,Over,10.5,-122,56.90%,4.30%,LOSS,12.2,8,-5,55.00%,Wednesday,2026-06
2026-06-24,Jonquel Jones,Points,Under,18.5,100,55.20%,10.30%,LOSS,15,28,-5,50.00%,Wednesday,2026-06
2026-06-24,Jonquel Jones,Points,Over,13.5,-102,51.80%,2.60%,LOSS,15.2,13,-5,50.50%,Wednesday,2026-06
2026-06-24,Jonquel Jones,Points,Under,14.5,-114,53.40%,0.30%,LOSS,14.1,19,-5,53.30%,Wednesday,2026-06
2026-06-24,Jonquel Jones,Points,Over,7.5,-128,49.30%,-15.50%,WIN,8,17,3.91,56.10%,Wednesday,2026-06
2026-06-24,Jonquel Jones,Points,Over,19.5,-125,59.20%,8.30%,WIN,24.4,30,4,55.60%,Wednesday,2026-06
2026-06-24,Jonquel Jones,Points,Over,14.5,100,50.60%,1.30%,LOSS,15,13,-5,50.00%,Wednesday,2026-06
2026-06-24,Jonquel Jones,Points,Under,5.5,-137,50.50%,-17.40%,LOSS,4.9,9,-5,57.80%,Wednesday,2026-06
2026-06-24,Jonquel Jones,Points,Under,14.5,-122,59.30%,9.70%,LOSS,11.7,17,-5,55.00%,Wednesday,2026-06
2026-06-24,Jonquel Jones,Points,Over,8.5,-118,55.70%,3.50%,WIN,10.3,9,4.24,54.10%,Wednesday,2026-06
2026-06-24,Jonquel Jones,Points,Under,15.5,-120,54.90%,0.70%,LOSS,14.5,21,-5,54.50%,Wednesday,2026-06
2026-06-24,Jonquel Jones,Points,Under,8.5,-120,55.50%,2.00%,WIN,8,5,4.17,54.50%,Wednesday,2026-06
2026-06-24,Jonquel Jones,Points,Over,18.5,-110,54.60%,4.60%,WIN,21.4,21,4.55,52.40%,Wednesday,2026-06
2026-06-24,Jonquel Jones,Points,Over,17.5,-120,59.70%,9.10%,LOSS,21.3,12,-5,54.50%,Wednesday,2026-06
2026-06-24,Jonquel Jones,Points,Under,11.5,-115,54.40%,1.90%,LOSS,10.4,13,-5,53.50%,Wednesday,2026-06
2026-06-24,Jonquel Jones,Points,Over,12.5,100,53.00%,5.90%,LOSS,14.7,11,-5,50.00%,Wednesday,2026-06
2026-06-24,Jonquel Jones,Points,Under,14.5,-102,48.30%,-4.50%,LOSS,14.4,15,-5,50.50%,Wednesday,2026-06
2026-06-24,Jonquel Jones,Points,Over,15.5,-106,49.70%,-3.60%,WIN,16.3,28,4.72,51.50%,Wednesday,2026-06
2026-06-24,Jonquel Jones,Points,Over,9.5,-102,52.80%,4.70%,LOSS,11.1,5,-5,50.50%,Wednesday,2026-06
2026-06-24,Jonquel Jones,Points,Under,16.5,-130,58.50%,4.60%,WIN,14.5,14,3.85,56.50%,Wednesday,2026-06
2026-06-24,Jonquel Jones,Points,Over,11.5,-125,55.70%,0.30%,LOSS,12.1,8,-5,55.60%,Wednesday,2026-06
2026-06-24,Jonquel Jones,Pts + Asts,Over,19.5,-110,52.20%,-0.40%,WIN,20,28,4.55,52.40%,Wednesday,2026-06
2026-06-24,Jordin Canada,Pts + Asts,Under,23.5,-114,54.20%,1.90%,LOSS,22.4,32,-5,53.30%,Wednesday,2026-06
2026-06-24,Jordin Canada,Pts + Asts,Over,16.5,-125,56.20%,1.40%,LOSS,18.6,14,-5,55.60%,Wednesday,2026-06
2026-06-24,Jordin Canada,Pts + Asts,Under,13.5,-120,54.40%,-0.20%,LOSS,11.7,16,-5,54.50%,Wednesday,2026-06
2026-06-24,Jordin Canada,Pts + Asts,Over,30.5,-118,54.50%,0.80%,LOSS,31.7,27,-5,54.10%,Wednesday,2026-06
2026-06-24,Jordin Canada,Pts + Asts,Under,20.5,-114,57.20%,8.30%,WIN,16.6,16,4.39,53.30%,Wednesday,2026-06
2026-06-24,Jordin Canada,Pts + Asts,Over,20.5,-106,53.30%,3.80%,LOSS,21.6,8,-5,51.50%,Wednesday,2026-06
2026-06-24,Jordin Canada,Pts + Asts,Over,18.5,-106,52.70%,2.50%,LOSS,19.5,10,-5,51.50%,Wednesday,2026-06
2026-06-24,Jordin Canada,Pts + Asts,Under,20.5,-106,56.10%,9.60%,LOSS,16.3,29,-5,51.50%,Wednesday,2026-06
2026-06-24,Jordin Canada,Pts + Asts,Over,15.5,-128,56.80%,1.50%,WIN,17.7,16,3.91,56.10%,Wednesday,2026-06
2026-06-24,Jordin Canada,Pts + Asts,Under,17.5,-114,53.10%,-0.30%,LOSS,17.3,21,-5,53.30%,Wednesday,2026-06
2026-06-24,Jordin Canada,Pts + Asts,Over,22.5,-122,56.40%,3.10%,WIN,25.4,36,4.1,55.00%,Wednesday,2026-06
2026-06-24,Jordin Canada,Pts + Asts,Over,15.5,-125,53.10%,-5.60%,WIN,16.6,16,4,55.60%,Wednesday,2026-06
2026-06-24,Jordin Canada,Pts + Asts,Over,12.5,-136,59.70%,4.90%,WIN,14.9,13,3.68,57.60%,Wednesday,2026-06
2026-06-24,Jordin Canada,Pts + Asts,Under,18.5,-118,55.00%,2.00%,LOSS,16.8,24,-5,54.10%,Wednesday,2026-06
2026-06-24,Jordin Canada,Pts + Asts,Over,10.5,-130,58.60%,4.80%,LOSS,9.1,10,-5,56.50%,Wednesday,2026-06
2026-06-24,Jordin Canada,Pts + Asts,Over,24.5,-112,55.10%,4.80%,WIN,27.3,26,4.46,52.80%,Wednesday,2026-06
2026-06-24,Jordin Canada,Pts + Asts,Over,21.5,-114,56.00%,5.90%,LOSS,25.3,15,-5,53.30%,Wednesday,2026-06
2026-06-24,Jordin Canada,Pts + Asts,Under,14.5,-118,55.40%,2.70%,LOSS,11.3,15,-5,54.10%,Wednesday,2026-06
2026-06-24,Jordin Canada,Pts + Asts,Over,14.5,-125,57.40%,4.10%,LOSS,17.1,14,-5,55.60%,Wednesday,2026-06
2026-06-24,Jordin Canada,Pts + Asts,Over,20.5,-114,54.10%,1.80%,WIN,21.3,21,4.39,53.30%,Wednesday,2026-06
2026-06-24,Jordin Canada,Pts + Asts,Over,18.5,-118,54.60%,0.90%,WIN,19.9,31,4.24,54.10%,Wednesday,2026-06
2026-06-24,Jordin Canada,Pts + Asts,Over,17.5,-114,53.70%,1.00%,LOSS,19,15,-5,53.30%,Wednesday,2026-06
2026-06-24,Jordin Canada,Pts + Rebs,Over,25.5,-112,51.60%,-2.60%,WIN,26.2,32,4.46,52.80%,Wednesday,2026-06
2026-06-24,Jordin Canada,Pts + Rebs,Over,21.5,-102,53.60%,6.30%,LOSS,23.3,9,-5,50.50%,Wednesday,2026-06
2026-06-24,Jordin Canada,Pts + Rebs,Under,21.5,-118,57.50%,7.40%,LOSS,19.4,28,-5,54.10%,Wednesday,2026-06
2026-06-24,Jordin Canada,Pts + Rebs,Over,25.5,-114,56.20%,6.40%,LOSS,28.6,22,-5,53.30%,Wednesday,2026-06
2026-06-24,Jordin Canada,Pts + Rebs,Under,18.5,-132,58.40%,3.50%,LOSS,16.3,22,-5,56.90%,Wednesday,2026-06
2026-06-24,Jordin Canada,Pts + Rebs,Under,16.5,-122,49.70%,-11.60%,WIN,15.2,12,4.1,55.00%,Wednesday,2026-06
2026-06-24,Jordin Canada,Pts + Rebs,Over,26.5,-106,50.50%,-2.00%,LOSS,27.1,19,-5,51.50%,Wednesday,2026-06
2026-06-24,Jordin Canada,Pts + Rebs,Under,16.5,-102,52.30%,3.70%,WIN,14,11,4.9,50.50%,Wednesday,2026-06
2026-06-24,Jordin Canada,Pts + Rebs,Over,20.5,-118,51.30%,-6.20%,LOSS,21.2,7,-5,54.10%,Wednesday,2026-06
2026-06-24,Jordin Canada,Pts + Rebs,Under,13.5,-110,46.20%,-13.00%,LOSS,13.3,21,-5,52.40%,Wednesday,2026-06
2026-06-24,Jordin Canada,Pts + Rebs,Under,14.5,-130,59.40%,6.60%,WIN,10.5,14,3.85,56.50%,Wednesday,2026-06
2026-06-24,Jordin Canada,Pts + Rebs,Over,18.5,-114,53.50%,0.50%,WIN,20.6,28,4.39,53.30%,Wednesday,2026-06
2026-06-24,Jordin Canada,Pts + Rebs,Under,13.5,-112,51.40%,-3.00%,LOSS,12.2,15,-5,52.80%,Wednesday,2026-06
2026-06-24,Jordin Canada,Pts + Rebs,Over,17.5,-104,52.90%,3.90%,LOSS,18.4,8,-5,51.00%,Wednesday,2026-06
2026-06-24,Jordin Canada,Pts + Rebs,Over,14.5,-104,53.30%,4.80%,LOSS,15.6,12,-5,51.00%,Wednesday,2026-06
2026-06-24,Jordin Canada,Pts + Rebs,Under,22.5,-122,59.10%,9.10%,LOSS,18.2,31,-5,55.00%,Wednesday,2026-06
2026-06-24,Jordin Canada,Pts + Rebs,Over,21.5,-114,53.60%,0.60%,LOSS,22.4,21,-5,53.30%,Wednesday,2026-06
2026-06-24,Jordin Canada,Pts + Rebs,Over,17.5,-119,55.50%,2.50%,WIN,18.9,25,4.2,54.30%,Wednesday,2026-06
2026-06-24,Jordin Canada,Pts + Rebs,Under,13.5,-132,49.60%,-16.90%,LOSS,12.8,22,-5,56.90%,Wednesday,2026-06
2026-06-24,Jordin Canada,Pts + Rebs,Over,22.5,-104,52.30%,2.80%,WIN,23,24,4.81,51.00%,Wednesday,2026-06
2026-06-24,Jordin Canada,Pts + Rebs,Under,19.5,-114,56.50%,7.00%,WIN,15.5,19,4.39,53.30%,Wednesday,2026-06
2026-06-24,Jordin Canada,Pts + Rebs,Over,12.5,100,53.30%,6.50%,WIN,14.3,13,5,50.00%,Wednesday,2026-06
2026-06-24,Jordin Canada,Pts + Rebs,Under,22.5,-114,54.50%,2.50%,LOSS,21,36,-5,53.30%,Wednesday,2026-06
2026-06-24,Jordin Canada,Pts + Rebs,Under,14.5,-120,51.70%,-6.30%,WIN,13.4,10,4.17,54.50%,Wednesday,2026-06
2026-06-24,Jordin Canada,Pts + Rebs,Over,23.5,-110,54.40%,4.20%,WIN,26.2,25,4.55,52.40%,Wednesday,2026-06
2026-06-24,Jordin Canada,Pts + Rebs,Over,21.5,-118,57.40%,7.20%,LOSS,24.6,17,-5,54.10%,Wednesday,2026-06
2026-06-24,Jordin Canada,Pts + Rebs,Under,16.5,-119,57.20%,6.20%,LOSS,12.7,18,-5,54.30%,Wednesday,2026-06
2026-06-24,Jordin Canada,Pts + Rebs,Over,19.5,-114,54.20%,2.00%,WIN,21.8,27,4.39,53.30%,Wednesday,2026-06
2026-06-24,Jordin Canada,Pts + Rebs,Over,17.5,-130,57.20%,1.50%,WIN,18.7,18,3.85,56.50%,Wednesday,2026-06
2026-06-24,Jordin Canada,Pts + Rebs,Over,18.5,-122,49.70%,-11.70%,WIN,20,31,4.1,55.00%,Wednesday,2026-06
2026-06-24,Jordin Canada,Pts + Rebs,Over,18.5,-106,51.90%,0.90%,LOSS,16.5,13,-5,51.50%,Wednesday,2026-06
2026-06-24,Jordin Canada,Rebs + Asts,Under,12.5,-130,55.30%,-2.70%,LOSS,12.3,14,-5,56.50%,Wednesday,2026-06
2026-06-24,Jordin Canada,Rebs + Asts,Under,15.5,-106,50.50%,-1.90%,WIN,15.4,12,4.72,51.50%,Wednesday,2026-06
2026-06-24,Jordin Canada,Rebs + Asts,Over,14.5,-108,55.00%,6.40%,WIN,16.1,16,4.63,51.90%,Wednesday,2026-06
2026-06-24,Jordin Canada,Rebs + Asts,Under,9.5,-128,56.90%,1.80%,LOSS,8.7,16,-5,56.10%,Wednesday,2026-06
2026-06-24,Jordin Canada,Rebs + Asts,Under,13.5,-138,56.70%,-3.00%,WIN,12.9,8,3.62,58.00%,Wednesday,2026-06
2026-06-24,Jordin Canada,Rebs + Asts,Under,8.5,-118,59.90%,12.50%,WIN,6.5,7,4.24,54.10%,Wednesday,2026-06
2026-06-24,Jordin Canada,Rebs + Asts,Under,9.5,-140,56.20%,-5.10%,WIN,9.6,5,3.57,58.30%,Wednesday,2026-06
2026-06-24,Jordin Canada,Rebs + Asts,Over,9.5,-128,56.70%,1.30%,LOSS,10.8,6,-5,56.10%,Wednesday,2026-06
2026-06-24,Jordin Canada,Rebs + Asts,Over,10.5,-132,49.30%,-17.60%,WIN,10.7,11,3.79,56.90%,Wednesday,2026-06
2026-06-24,Jordin Canada,Rebs + Asts,Over,5.5,-144,61.60%,6.40%,WIN,6.5,8,3.47,59.00%,Wednesday,2026-06
2026-06-24,Jordin Canada,Rebs + Asts,Under,9.5,-118,56.10%,4.40%,LOSS,9.4,14,-5,54.10%,Wednesday,2026-06
2026-06-24,Jordin Canada,Rebs + Asts,Over,7.5,-114,57.60%,9.30%,WIN,8.1,8,4.39,53.30%,Wednesday,2026-06
2026-06-24,Jordin Canada,Rebs + Asts,Under,9.5,112,50.40%,6.00%,LOSS,8.6,18,-5,47.20%,Wednesday,2026-06
2026-06-24,Jordin Canada,Rebs + Asts,Under,8.5,-138,58.70%,1.60%,LOSS,7.6,10,-5,58.00%,Wednesday,2026-06
2026-06-24,Jordin Canada,Rebs + Asts,Under,10.5,-108,54.60%,5.60%,WIN,9.9,9,4.63,51.90%,Wednesday,2026-06
2026-06-24,Jordin Canada,Rebs + Asts,Under,7.5,-118,46.20%,-17.40%,LOSS,7.2,8,-5,54.10%,Wednesday,2026-06
2026-06-24,Jordin Canada,Rebs + Asts,Under,7.5,-110,54.50%,4.50%,WIN,5.9,7,4.55,52.40%,Wednesday,2026-06
2026-06-24,Jordin Canada,Rebs + Asts,Over,9.5,-130,49.50%,-16.10%,WIN,9.8,19,3.85,56.50%,Wednesday,2026-06
2026-06-24,Jordin Canada,Rebs + Asts,Over,8.5,104,51.20%,4.30%,WIN,8.7,9,5.2,49.00%,Wednesday,2026-06
2026-06-24,Jordin Canada,Rebs + Asts,Over,6.5,-110,56.80%,9.30%,LOSS,7.1,6,-5,52.40%,Wednesday,2026-06
2026-06-24,Jordin Canada,Rebs + Asts,Over,8.5,-136,61.60%,9.50%,WIN,11.1,12,3.68,57.60%,Wednesday,2026-06
2026-06-24,Jordin Canada,Threes,Under,1.5,-245,67.30%,-12.80%,WIN,1,1,2.04,71.00%,Wednesday,2026-06
2026-06-24,Jordin Canada,Threes,Over,1.5,-136,62.50%,11.40%,LOSS,2.4,1,-5,57.60%,Wednesday,2026-06
2026-06-24,Jordin Canada,Threes,Over,2.5,-102,48.30%,-4.30%,LOSS,2.6,0,-5,50.50%,Wednesday,2026-06
2026-06-24,Jordin Canada,Threes,Over,2.5,-138,49.40%,-20.40%,WIN,2.6,3,3.62,58.00%,Wednesday,2026-06
2026-06-24,Jordin Canada,Threes,Over,1.5,140,44.30%,4.60%,WIN,1.7,4,7,41.70%,Wednesday,2026-06
2026-06-24,Jordin Canada,Threes,Over,1.5,148,47.70%,12.30%,LOSS,2,0,-5,40.30%,Wednesday,2026-06
2026-06-24,Jordin Canada,Threes,Over,1.5,-154,66.60%,15.20%,WIN,2.6,3,3.25,60.60%,Wednesday,2026-06
2026-06-24,Jordin Canada,Threes,Over,2.5,140,47.00%,9.10%,LOSS,3.1,2,-5,41.70%,Wednesday,2026-06
2026-06-24,Jordin Canada,Threes,Under,1.5,104,61.70%,24.90%,WIN,0.52,1,5.2,49.00%,Wednesday,2026-06
2026-06-24,Jordin Canada,Threes,Over,1.5,-188,52.80%,-36.10%,WIN,1.7,5,2.66,65.30%,Wednesday,2026-06
2026-06-24,Jordin Canada,Threes,Over,1.5,140,51.80%,17.40%,WIN,2.3,5,7,41.70%,Wednesday,2026-06
2026-06-24,Jordin Canada,Threes,Over,2.5,122,46.00%,1.70%,WIN,2.6,7,6.1,45.00%,Wednesday,2026-06
2026-06-24,Jordin Canada,Threes,Under,1.5,-170,63.20%,0.70%,LOSS,1.1,2,-5,63.00%,Wednesday,2026-06
2026-06-24,Jordin Canada,Threes,Over,1.5,126,48.40%,7.40%,LOSS,1.8,1,-5,44.20%,Wednesday,2026-06
2026-06-24,Jordin Canada,Threes,Under,1.5,-200,62.50%,-12.40%,WIN,1.2,1,2.5,66.70%,Wednesday,2026-06
2026-06-24,Jordin Canada,Threes,Over,2.5,-154,74.70%,35.80%,LOSS,5.4,1,-5,60.60%,Wednesday,2026-06
2026-06-24,Jordin Canada,Threes,Under,1.5,-136,55.90%,-4.20%,LOSS,1.7,2,-5,57.60%,Wednesday,2026-06
2026-06-24,Jordin Canada,Threes,Over,1.5,108,48.30%,0.30%,LOSS,1.8,0,-5,48.10%,Wednesday,2026-06
2026-06-24,Jordin Canada,Threes,Under,1.5,-118,53.70%,-0.80%,LOSS,1.5,4,-5,54.10%,Wednesday,2026-06
2026-06-24,Jordin Canada,Threes,Over,1.5,102,51.50%,3.90%,LOSS,1.8,1,-5,49.50%,Wednesday,2026-06
2026-06-24,Jordin Canada,Threes,Under,1.5,140,46.60%,8.50%,LOSS,1.5,2,-5,41.70%,Wednesday,2026-06
2026-06-24,Jordin Canada,Threes,Over,1.5,152,42.10%,4.00%,LOSS,1.7,0,-5,39.70%,Wednesday,2026-06
2026-06-25,Jordin Canada,Assists,Over,3.5,118,48.20%,4.20%,LOSS,3.9,0,-5,45.90%,Thursday,2026-06
2026-06-25,Jordin Canada,Assists,Over,2.5,102,49.60%,0.30%,LOSS,2.6,1,-5,49.50%,Thursday,2026-06
2026-06-25,Jordin Canada,Assists,Over,3.5,142,45.90%,7.70%,LOSS,4.2,2,-5,41.30%,Thursday,2026-06
2026-06-25,Jordin Canada,Assists,Under,2.5,-138,59.60%,3.80%,WIN,1.3,2,3.62,58.00%,Thursday,2026-06
2026-06-25,Jordin Canada,Assists,Under,7.5,-154,60.90%,0.60%,LOSS,7.6,9,-5,60.60%,Thursday,2026-06
2026-06-25,Jordin Canada,Assists,Over,1.5,-114,55.90%,5.50%,WIN,1,2,4.39,53.30%,Thursday,2026-06
2026-06-25,Jordin Canada,Assists,Under,5.5,-160,63.90%,6.20%,WIN,4.2,5,3.13,61.50%,Thursday,2026-06
2026-06-25,Jordin Canada,Assists,Under,2.5,116,50.20%,7.30%,WIN,2,2,5.8,46.30%,Thursday,2026-06
2026-06-25,Jordin Canada,Assists,Under,2.5,122,49.20%,7.60%,WIN,2,2,6.1,45.00%,Thursday,2026-06
2026-06-25,Jordin Canada,Assists,Over,6.5,-125,55.40%,-0.40%,LOSS,7.7,6,-5,55.60%,Thursday,2026-06
2026-06-25,Jordin Canada,Assists,Over,3.5,131,44.10%,1.40%,WIN,3.5,7,6.55,43.30%,Thursday,2026-06
2026-06-25,Jordin Canada,Assists,Under,4.5,116,47.60%,2.50%,WIN,4.4,4,5.8,46.30%,Thursday,2026-06
2026-06-25,Jordin Canada,Assists,Under,5.5,-114,57.40%,8.80%,LOSS,4.1,14,-5,53.30%,Thursday,2026-06
2026-06-25,Jordin Canada,Assists,Under,4.5,-144,59.30%,0.70%,WIN,3.9,2,3.47,59.00%,Thursday,2026-06
2026-06-25,Jordin Canada,Assists,Under,5.5,-160,64.10%,6.80%,WIN,4.1,3,3.13,61.50%,Thursday,2026-06
2026-06-25,Jordin Canada,Assists,Under,2.5,-177,64.30%,1.10%,WIN,1.7,0,2.82,63.90%,Thursday,2026-06
2026-06-25,Jordin Canada,Assists,Over,5.5,-118,56.60%,5.40%,WIN,6.9,6,4.24,54.10%,Thursday,2026-06
2026-06-25,Jordin Canada,Assists,Under,2.5,-167,63.20%,1.80%,LOSS,1.6,4,-5,62.50%,Thursday,2026-06
2026-06-25,Jordin Canada,Assists,Over,4.5,-158,53.90%,-18.90%,WIN,5,5,3.16,61.20%,Thursday,2026-06
2026-06-25,Jordin Canada,Points,Over,25.5,-115,55.00%,3.20%,WIN,27.7,32,4.35,53.50%,Thursday,2026-06
2026-06-25,Jordin Canada,Points,Under,10.5,-120,59.10%,9.90%,WIN,7.7,0,4.17,54.50%,Thursday,2026-06
2026-06-25,Jordin Canada,Points,Under,14.5,-120,60.40%,12.80%,WIN,10.8,4,4.17,54.50%,Thursday,2026-06
2026-06-25,Jordin Canada,Points,Under,11.5,-135,54.60%,-6.80%,LOSS,11.1,15,-5,57.40%,Thursday,2026-06
2026-06-25,Jordin Canada,Points,Over,13.5,-115,54.10%,1.20%,LOSS,15,7,-5,53.50%,Thursday,2026-06
2026-06-25,Jordin Canada,Points,Under,11.5,-113,52.00%,-2.10%,LOSS,11.3,12,-5,53.10%,Thursday,2026-06
2026-06-25,Jordin Canada,Points,Under,16.5,-120,61.30%,14.90%,LOSS,11.2,21,-5,54.50%,Thursday,2026-06
2026-06-25,Jordin Canada,Points,Under,16.5,-110,60.00%,16.10%,LOSS,10.9,20,-5,52.40%,Thursday,2026-06
2026-06-25,Jordin Canada,Points,Under,10.5,-130,57.10%,1.40%,WIN,9.2,8,3.85,56.50%,Thursday,2026-06
2026-06-25,Jordin Canada,Points,Under,10.5,-102,52.00%,3.00%,LOSS,9.4,28,-5,50.50%,Thursday,2026-06
2026-06-25,Jordin Canada,Points,Under,14.5,-115,59.40%,12.80%,WIN,10.8,9,4.35,53.50%,Thursday,2026-06
2026-06-25,Jordin Canada,Points,Over,16.5,-132,58.20%,3.00%,WIN,19,20,3.79,56.90%,Thursday,2026-06
2026-06-25,Jovana Nogic,Points,Over,6.5,-140,51.00%,-17.50%,WIN,6.1,18,3.57,58.30%,Thursday,2026-06
2026-06-25,Jovana Nogic,Points,Under,13.5,-130,60.00%,8.10%,LOSS,10.6,22,-5,56.50%,Thursday,2026-06
2026-06-25,Jovana Nogic,Points,Over,8.5,-114,55.00%,3.80%,LOSS,9.7,8,-5,53.30%,Thursday,2026-06
2026-06-25,Jovana Nogic,Points,Under,13.5,-110,53.00%,1.30%,LOSS,13.4,26,-5,52.40%,Thursday,2026-06
2026-06-25,Jovana Nogic,Points,Under,9.5,-122,58.50%,7.90%,LOSS,6.7,19,-5,55.00%,Thursday,2026-06
2026-06-25,Jovana Nogic,Points,Under,10.5,-125,52.00%,-8.00%,LOSS,10.4,13,-5,55.60%,Thursday,2026-06
2026-06-25,Jovana Nogic,Points,Under,22.5,-122,59.10%,9.10%,LOSS,17.5,53,-5,55.00%,Thursday,2026-06
2026-06-25,Jovana Nogic,Points,Over,9.5,-122,53.60%,-3.00%,LOSS,9.7,6,-5,55.00%,Thursday,2026-06
2026-06-25,Jovana Nogic,Points,Under,10.5,-102,55.90%,10.90%,WIN,7.7,4,4.9,50.50%,Thursday,2026-06
2026-06-25,Jovana Nogic,Points,Under,15.5,-115,59.60%,13.00%,LOSS,11.2,11,-5,53.50%,Thursday,2026-06
2026-06-25,Jovana Nogic,Points,Under,18.5,-122,57.60%,5.80%,LOSS,15.8,21,-5,55.00%,Thursday,2026-06
2026-06-25,Jovana Nogic,Points,Over,9.5,106,51.30%,5.30%,LOSS,11.1,5,-5,48.50%,Thursday,2026-06
2026-06-25,Jovana Nogic,Points,Over,18.5,-108,53.00%,2.20%,WIN,19.9,25,4.63,51.90%,Thursday,2026-06
2026-06-25,Jovana Nogic,Points,Over,7.5,106,55.10%,12.80%,LOSS,11.8,3,-5,48.50%,Thursday,2026-06
2026-06-25,Jovana Nogic,Points,Under,16.5,-130,65.40%,20.50%,LOSS,7.3,17,-5,56.50%,Thursday,2026-06
2026-06-25,Julie Allemand,Points,Under,16.5,-114,60.50%,15.40%,WIN,10,14,4.39,53.30%,Thursday,2026-06
2026-06-25,Julie Allemand,Points,Over,7.5,-114,46.80%,-13.80%,LOSS,7.6,3,-5,53.30%,Thursday,2026-06
2026-06-25,Julie Allemand,Pts + Asts,Over,28.5,-130,52.40%,-9.50%,WIN,29,32,3.85,56.50%,Thursday,2026-06
2026-06-25,Julie Allemand,Pts + Asts,Under,13.5,-126,54.40%,-3.00%,WIN,11,1,3.97,55.80%,Thursday,2026-06
2026-06-25,Julie Allemand,Pts + Asts,Under,17.5,-114,55.70%,5.10%,WIN,15.3,6,4.39,53.30%,Thursday,2026-06
2026-06-25,Julie Allemand,Pts + Asts,Under,13.5,-114,53.50%,0.50%,LOSS,11.7,17,-5,53.30%,Thursday,2026-06
2026-06-25,Julie Allemand,Pts + Asts,Under,18.5,100,50.70%,1.50%,LOSS,18.4,21,-5,50.00%,Thursday,2026-06
2026-06-25,Julie Allemand,Pts + Asts,Under,19.5,-122,60.30%,11.90%,LOSS,14.3,21,-5,55.00%,Thursday,2026-06
2026-06-25,Julie Allemand,Pts + Asts,Under,18.5,-120,60.10%,12.30%,LOSS,11.4,22,-5,54.50%,Thursday,2026-06
2026-06-25,Julie Allemand,Pts + Asts,Under,15.5,-120,57.60%,6.70%,WIN,13.2,13,4.17,54.50%,Thursday,2026-06
2026-06-25,Julie Allemand,Pts + Asts,Under,13.5,-107,52.30%,1.20%,LOSS,11.3,30,-5,51.70%,Thursday,2026-06
2026-06-25,Julie Allemand,Pts + Asts,Under,17.5,-108,57.10%,10.90%,WIN,11.9,11,4.63,51.90%,Thursday,2026-06
2026-06-25,Julie Allemand,Pts + Asts,Over,23.5,-130,54.00%,-5.70%,WIN,25.4,26,3.85,56.50%,Thursday,2026-06
2026-06-25,Julie Allemand,Pts + Asts,Over,9.5,-103,55.20%,9.00%,WIN,9.8,25,4.85,50.70%,Thursday,2026-06
2026-06-25,Julie Allemand,Pts + Asts,Under,18.5,-128,60.10%,8.90%,LOSS,15,26,-5,56.10%,Thursday,2026-06
2026-06-25,Julie Allemand,Pts + Asts,Under,19.5,-114,59.70%,13.80%,LOSS,13.4,27,-5,53.30%,Thursday,2026-06
2026-06-25,Julie Allemand,Pts + Asts,Under,12.5,-136,49.40%,-19.50%,LOSS,9.5,27,-5,57.60%,Thursday,2026-06
2026-06-25,Julie Allemand,Pts + Asts,Under,11.5,-118,45.60%,-18.60%,LOSS,8.8,21,-5,54.10%,Thursday,2026-06
2026-06-25,Julie Allemand,Pts + Asts,Under,12.5,-105,45.10%,-12.60%,LOSS,12.1,13,-5,51.20%,Thursday,2026-06
2026-06-25,Julie Allemand,Pts + Asts,Under,26.5,-114,57.00%,7.90%,LOSS,22.4,55,-5,53.30%,Thursday,2026-06
2026-06-25,Julie Allemand,Pts + Asts,Under,12.5,-114,45.50%,-16.60%,WIN,7.3,4,4.39,53.30%,Thursday,2026-06
2026-06-25,Julie Allemand,Pts + Asts,Under,20.5,-106,57.70%,12.80%,WIN,15.1,14,4.72,51.50%,Thursday,2026-06
2026-06-25,Julie Allemand,Pts + Asts,Under,20.5,-102,54.20%,7.50%,LOSS,17.7,25,-5,50.50%,Thursday,2026-06
2026-06-25,Julie Allemand,Pts + Asts,Over,11.5,-118,55.40%,2.80%,LOSS,11.6,5,-5,54.10%,Thursday,2026-06
2026-06-25,Julie Allemand,Pts + Asts,Over,24.5,-104,48.40%,-5.30%,WIN,25.9,31,4.81,51.00%,Thursday,2026-06
2026-06-25,Julie Allemand,Pts + Asts,Over,10.5,-106,56.80%,10.90%,LOSS,15.4,8,-5,51.50%,Thursday,2026-06
2026-06-25,Julie Allemand,Pts + Asts,Under,17.5,-118,58.90%,10.40%,LOSS,9.2,21,-5,54.10%,Thursday,2026-06
2026-06-25,Julie Allemand,Pts + Asts,Under,21.5,-112,59.00%,13.10%,WIN,15.4,19,4.46,52.80%,Thursday,2026-06
2026-06-25,Julie Allemand,Pts + Asts,Over,6.5,-120,61.90%,16.10%,LOSS,4,0,-5,54.50%,Thursday,2026-06
2026-06-25,Julie Allemand,Pts + Rebs,Over,35.5,-102,50.80%,0.60%,WIN,35.9,41,4.9,50.50%,Thursday,2026-06
2026-06-25,Julie Allemand,Pts + Rebs,Under,13.5,-114,55.60%,5.00%,WIN,10.6,0,4.39,53.30%,Thursday,2026-06
2026-06-25,Julie Allemand,Pts + Rebs,Under,17.5,-110,53.40%,2.10%,WIN,15,5,4.55,52.40%,Thursday,2026-06
2026-06-25,Julie Allemand,Pts + Rebs,Under,16.5,-106,50.80%,-1.30%,LOSS,16.3,21,-5,51.50%,Thursday,2026-06
2026-06-25,Julie Allemand,Pts + Rebs,Over,15.5,-114,54.20%,2.10%,LOSS,15.7,13,-5,53.30%,Thursday,2026-06
2026-06-25,Julie Allemand,Pts + Rebs,Under,24.5,-110,56.40%,8.40%,LOSS,21.5,30,-5,52.40%,Thursday,2026-06
2026-06-25,Julie Allemand,Pts + Rebs,Under,25.5,-118,63.40%,20.10%,LOSS,15.8,30,-5,54.10%,Thursday,2026-06
2026-06-25,Julie Allemand,Pts + Rebs,Over,12.5,-124,55.50%,0.30%,LOSS,12.8,9,-5,55.40%,Thursday,2026-06
2026-06-25,Julie Allemand,Pts + Rebs,Under,15.5,-125,48.00%,-16.90%,LOSS,14.9,37,-5,55.60%,Thursday,2026-06
2026-06-25,Julie Allemand,Pts + Rebs,Under,21.5,-130,62.70%,14.10%,WIN,14.4,15,3.85,56.50%,Thursday,2026-06
2026-06-25,Julie Allemand,Pts + Rebs,Over,21.5,-120,55.50%,2.10%,WIN,22.8,28,4.17,54.50%,Thursday,2026-06
2026-06-25,Julie Allemand,Pts + Rebs,Under,24.5,-112,59.30%,13.60%,LOSS,19,36,-5,52.80%,Thursday,2026-06
2026-06-25,Julie Allemand,Pts + Rebs,Over,22.5,-130,51.80%,-10.90%,WIN,22.1,34,3.85,56.50%,Thursday,2026-06
2026-06-25,Julie Allemand,Pts + Rebs,Over,8.5,-136,59.60%,4.70%,WIN,8.2,19,3.68,57.60%,Thursday,2026-06
2026-06-25,Julie Allemand,Pts + Rebs,Under,12.5,-125,56.80%,2.80%,LOSS,9.1,21,-5,55.60%,Thursday,2026-06
2026-06-25,Julie Allemand,Pts + Rebs,Under,14.5,-102,48.80%,-3.40%,LOSS,13.9,20,-5,50.50%,Thursday,2026-06
2026-06-25,Julie Allemand,Pts + Rebs,Under,25.5,-114,58.20%,10.50%,LOSS,21.3,59,-5,53.30%,Thursday,2026-06
2026-06-25,Julie Allemand,Pts + Rebs,Under,16.5,-102,52.50%,4.00%,WIN,13.9,15,4.9,50.50%,Thursday,2026-06
2026-06-25,Julie Allemand,Pts + Rebs,Under,27.5,-118,57.40%,7.20%,LOSS,24.3,28,-5,54.10%,Thursday,2026-06
2026-06-25,Julie Allemand,Pts + Rebs,Over,13.5,-132,58.80%,4.40%,LOSS,15.6,9,-5,56.90%,Thursday,2026-06
2026-06-25,Julie Allemand,Pts + Rebs,Over,22.5,-120,56.00%,3.20%,WIN,23.7,27,4.17,54.50%,Thursday,2026-06
2026-06-25,Julie Allemand,Pts + Rebs,Under,17.5,-105,58.00%,13.80%,LOSS,10.2,19,-5,51.20%,Thursday,2026-06
2026-06-25,Julie Allemand,Pts + Rebs,Under,21.5,-114,59.30%,12.90%,WIN,15.1,16,4.39,53.30%,Thursday,2026-06
2026-06-25,Julie Allemand,Rebs + Asts,Over,12.5,-128,48.80%,-16.70%,LOSS,12.6,9,-5,56.10%,Thursday,2026-06
2026-06-25,Julie Allemand,Rebs + Asts,Over,6.5,-102,55.60%,10.30%,LOSS,7.2,3,-5,50.50%,Thursday,2026-06
2026-06-25,Julie Allemand,Rebs + Asts,Under,8.5,-144,60.20%,3.00%,WIN,7.1,8,3.47,59.00%,Thursday,2026-06
2026-06-25,Julie Allemand,Rebs + Asts,Over,10.5,-146,59.90%,1.30%,LOSS,11.7,10,-5,59.30%,Thursday,2026-06
2026-06-25,Julie Allemand,Rebs + Asts,Under,11.5,-144,66.00%,16.90%,WIN,9.4,9,3.47,59.00%,Thursday,2026-06
2026-06-25,Julie Allemand,Rebs + Asts,Under,10.5,-132,66.20%,21.50%,LOSS,5.7,12,-5,56.90%,Thursday,2026-06
2026-06-25,Julie Allemand,Rebs + Asts,Under,7.5,-116,55.50%,3.80%,WIN,6.9,6,4.31,53.70%,Thursday,2026-06
2026-06-25,Julie Allemand,Rebs + Asts,Under,7.5,-137,58.50%,1.60%,LOSS,6.6,11,-5,57.80%,Thursday,2026-06
2026-06-25,Julie Allemand,Rebs + Asts,Under,9.5,-115,61.50%,17.30%,WIN,5.8,8,4.35,53.50%,Thursday,2026-06
2026-06-25,Julie Allemand,Rebs + Asts,Over,11.5,106,50.10%,3.10%,WIN,11.8,14,5.3,48.50%,Thursday,2026-06
2026-06-25,Kahleah Copper,Rebs + Asts,Under,16.5,-106,57.70%,12.90%,LOSS,14.7,18,-5,51.50%,Thursday,2026-06
2026-06-25,Kahleah Copper,Rebs + Asts,Under,12.5,100,57.00%,13.90%,WIN,10.5,9,5,50.00%,Thursday,2026-06
2026-06-25,Kahleah Copper,Rebs + Asts,Over,7.5,-147,60.80%,3.20%,WIN,7.9,20,3.4,59.50%,Thursday,2026-06
2026-06-25,Kahleah Copper,Rebs + Asts,Over,4.5,-154,65.20%,11.60%,LOSS,5,4,-5,60.60%,Thursday,2026-06
2026-06-25,Kahleah Copper,Rebs + Asts,Over,6.5,-129,56.80%,1.00%,WIN,6.3,7,3.88,56.30%,Thursday,2026-06
2026-06-25,Kahleah Copper,Rebs + Asts,Under,7.5,-106,53.80%,4.90%,LOSS,7,8,-5,51.50%,Thursday,2026-06
2026-06-25,Kahleah Copper,Rebs + Asts,Under,7.5,-137,58.50%,1.60%,LOSS,5.7,11,-5,57.80%,Thursday,2026-06
2026-06-25,Kahleah Copper,Rebs + Asts,Under,11.5,100,58.40%,16.80%,WIN,9.7,11,5,50.00%,Thursday,2026-06
2026-06-25,Kahleah Copper,Rebs + Asts,Under,6.5,-149,60.00%,0.30%,WIN,6.1,4,3.36,59.80%,Thursday,2026-06
2026-06-25,Kahleah Copper,Rebs + Asts,Over,9.5,-140,54.40%,-9.40%,LOSS,10.3,8,-5,58.30%,Thursday,2026-06
2026-06-25,Kahleah Copper,Rebs + Asts,Under,10.5,110,50.70%,5.90%,WIN,8.6,7,5.5,47.60%,Thursday,2026-06
2026-06-25,Kahleah Copper,Threes,Under,1.5,-260,63.50%,-31.30%,WIN,1.3,0,1.92,72.20%,Thursday,2026-06
2026-06-25,Kahleah Copper,Threes,Under,1.5,-186,65.60%,1.60%,WIN,1,0,2.69,65.00%,Thursday,2026-06
2026-06-25,Kahleah Copper,Threes,Over,1.5,-130,47.80%,-20.10%,LOSS,1.6,0,-5,56.50%,Thursday,2026-06
2026-06-25,Kahleah Copper,Threes,Under,1.5,-270,64.20%,-32.30%,LOSS,1.2,2,-5,73.00%,Thursday,2026-06
2026-06-25,Kahleah Copper,Threes,Over,1.5,-138,61.40%,8.10%,LOSS,2.3,1,-5,58.00%,Thursday,2026-06
2026-06-25,Kahleah Copper,Threes,Over,1.5,-205,59.60%,-23.20%,WIN,2,2,2.44,67.20%,Thursday,2026-06
2026-06-25,Kahleah Copper,Threes,Under,0.5,-397,65.60%,-70.90%,LOSS,0.16,1,-5,79.90%,Thursday,2026-06
2026-06-25,Kahleah Copper,Threes,Under,0.5,103,51.20%,3.70%,LOSS,0.35,1,-5,49.30%,Thursday,2026-06
2026-06-25,Kahleah Copper,Threes,Under,1.5,-168,63.10%,1.00%,WIN,1.1,0,2.98,62.70%,Thursday,2026-06
2026-06-25,Kahleah Copper,Threes,Under,1.5,-225,62.80%,-20.90%,LOSS,1.2,4,-5,69.20%,Thursday,2026-06
2026-06-25,Kahleah Copper,Threes,Under,1.5,-234,69.30%,-2.50%,WIN,0.93,1,2.14,70.10%,Thursday,2026-06
2026-06-25,Kahleah Copper,Threes,Over,1.5,-166,67.30%,13.10%,WIN,2.6,2,3.01,62.40%,Thursday,2026-06
2026-06-25,Kahleah Copper,Threes,Under,0.5,-175,55.30%,-23.00%,WIN,0.48,0,2.86,63.60%,Thursday,2026-06
2026-06-25,Kahleah Copper,Threes,Over,1.5,-166,64.90%,6.60%,WIN,2.4,2,3.01,62.40%,Thursday,2026-06
2026-06-25,Kahleah Copper,Threes,Over,1.5,-114,47.50%,-12.30%,WIN,1.5,3,4.39,53.30%,Thursday,2026-06
2026-06-25,Kahleah Copper,Threes,Over,0.5,-127,56.20%,0.50%,WIN,0.87,3,3.94,55.90%,Thursday,2026-06
2026-06-25,Kahleah Copper,Threes,Over,1.5,-106,47.00%,-9.20%,WIN,1.7,3,4.72,51.50%,Thursday,2026-06
2026-06-25,Kahleah Copper,Threes,Over,1.5,-146,60.50%,2.90%,WIN,2.2,3,3.42,59.30%,Thursday,2026-06
2026-06-25,Kahleah Copper,Threes,Over,2.5,-180,55.70%,-24.10%,WIN,2.8,9,2.78,64.30%,Thursday,2026-06
2026-06-25,Kahleah Copper,Threes,Under,2.5,-148,69.70%,25.00%,WIN,1.4,1,3.38,59.70%,Thursday,2026-06
2026-06-25,Kahleah Copper,Threes,Under,1.5,-136,53.20%,-10.50%,WIN,1.5,1,3.68,57.60%,Thursday,2026-06
2026-06-25,Kahleah Copper,Threes,Under,0.5,-277,61.50%,-45.30%,WIN,0.41,0,1.81,73.50%,Thursday,2026-06
2026-06-25,Kahleah Copper,Threes,Over,1.5,-122,56.90%,4.20%,LOSS,2.1,0,-5,55.00%,Thursday,2026-06
2026-06-25,Kahleah Copper,Threes,Under,1.5,-136,66.90%,21.90%,LOSS,0.7,2,-5,57.60%,Thursday,2026-06
2026-06-25,Kahleah Copper,Threes,Under,2.5,-188,74.20%,25.60%,WIN,1.1,1,2.66,65.30%,Thursday,2026-06
2026-06-25,Kahleah Copper,Threes,Under,0.5,-123,54.00%,-2.50%,WIN,0.44,0,4.07,55.20%,Thursday,2026-06
2026-06-27,Kahleah Copper,Assists,Under,4.5,-160,64.90%,8.60%,WIN,3.1,3,3.13,61.50%,Saturday,2026-06
2026-06-27,Kahleah Copper,Assists,Under,2.5,-215,59.70%,-26.80%,WIN,2.4,2,2.33,68.30%,Saturday,2026-06
2026-06-27,Kahleah Copper,Assists,Over,2.5,-132,56.90%,0.00%,LOSS,2.9,0,-5,56.90%,Saturday,2026-06
2026-06-27,Kahleah Copper,Assists,Under,2.5,-154,61.70%,2.70%,WIN,1.4,1,3.25,60.60%,Saturday,2026-06
2026-06-27,Kahleah Copper,Assists,Under,2.5,122,49.20%,7.60%,LOSS,2.1,4,-5,45.00%,Saturday,2026-06
2026-06-27,Kahleah Copper,Assists,Under,5.5,-138,61.20%,7.70%,WIN,4.1,5,3.62,58.00%,Saturday,2026-06
2026-06-27,Kahleah Copper,Assists,Under,2.5,118,47.30%,2.70%,LOSS,2.4,4,-5,45.90%,Saturday,2026-06
2026-06-27,Kahleah Copper,Assists,Over,6.5,110,48.20%,1.10%,WIN,7.1,10,5.5,47.60%,Saturday,2026-06
2026-06-27,Kahleah Copper,Assists,Under,5.5,116,51.70%,10.10%,LOSS,4.3,10,-5,46.30%,Saturday,2026-06
2026-06-27,Kahleah Copper,Assists,Under,4.5,-180,66.80%,7.00%,WIN,3.2,2,2.78,64.30%,Saturday,2026-06
2026-06-27,Kahleah Copper,Assists,Under,4.5,-128,53.90%,-5.20%,LOSS,4.2,6,-5,56.10%,Saturday,2026-06
2026-06-27,Kahleah Copper,Assists,Under,2.5,-130,58.40%,4.30%,WIN,1.9,2,3.85,56.50%,Saturday,2026-06
2026-06-27,Kahleah Copper,Assists,Under,3.5,-192,68.40%,7.60%,WIN,2.2,1,2.6,65.80%,Saturday,2026-06
2026-06-27,Kahleah Copper,Assists,Over,2.5,-186,57.10%,-22.60%,WIN,2.8,4,2.69,65.00%,Saturday,2026-06
2026-06-27,Kahleah Copper,Assists,Under,3.5,-154,53.70%,-17.60%,WIN,3.5,3,3.25,60.60%,Saturday,2026-06
2026-06-27,Kahleah Copper,Assists,Under,4.5,-114,50.90%,16.40%,WIN,1.4,3,4.39,53.30%,Saturday,2026-06
2026-06-27,Kahleah Copper,Points,Over,16.5,-108,46.90%,-10.70%,WIN,16.6,17,4.63,51.90%,Saturday,2026-06
2026-06-27,Kahleah Copper,Points,Under,18.5,-130,56.90%,1.00%,WIN,17.1,15,3.85,56.50%,Saturday,2026-06
2026-06-27,Kahleah Copper,Points,Over,13.5,100,51.40%,2.80%,WIN,15.3,17,5,50.00%,Saturday,2026-06
2026-06-27,Kahleah Copper,Points,Under,10.5,-128,61.00%,11.10%,LOSS,6.8,12,-5,56.10%,Saturday,2026-06
2026-06-27,Kahleah Copper,Points,Over,11.5,-102,50.80%,0.60%,WIN,11.8,21,4.9,50.50%,Saturday,2026-06
2026-06-27,Kahleah Copper,Points,Under,13.5,-122,58.50%,7.80%,WIN,10.3,13,4.1,55.00%,Saturday,2026-06
2026-06-27,Kahleah Copper,Points,Under,15.5,-128,59.80%,8.30%,WIN,13.2,15,3.91,56.10%,Saturday,2026-06
2026-06-27,Kahleah Copper,Points,Under,17.5,-132,64.00%,16.50%,WIN,9.9,16,3.79,56.90%,Saturday,2026-06
2026-06-27,Kahleah Copper,Points,Under,10.5,-110,53.70%,2.90%,WIN,9.3,2,4.55,52.40%,Saturday,2026-06
2026-06-27,Kahleah Copper,Points,Under,11.5,-130,55.20%,-3.00%,LOSS,10,24,-5,56.50%,Saturday,2026-06
2026-06-27,Kahleah Copper,Points,Under,13.5,-130,60.40%,9.00%,WIN,9.5,12,3.85,56.50%,Saturday,2026-06
2026-06-27,Kahleah Copper,Points,Over,10.5,-114,56.30%,6.50%,LOSS,12.5,8,-5,53.30%,Saturday,2026-06
2026-06-27,Kahleah Copper,Points,Under,6.5,-102,53.10%,5.30%,LOSS,6,11,-5,50.50%,Saturday,2026-06
2026-06-27,Kahleah Copper,Points,Under,21.5,-106,59.50%,16.70%,LOSS,14.2,27,-5,51.50%,Saturday,2026-06
2026-06-27,Kahleah Copper,Points,Under,23.5,-125,59.20%,8.30%,LOSS,19.9,26,-5,55.60%,Saturday,2026-06
2026-06-27,Kahleah Copper,Points,Under,8.5,100,53.30%,6.50%,WIN,6.6,5,5,50.00%,Saturday,2026-06
2026-06-27,Kahleah Copper,Points,Under,10.5,-115,55.50%,4.40%,WIN,8.9,10,4.35,53.50%,Saturday,2026-06
2026-06-27,Kahleah Copper,Points,Under,14.5,-108,58.20%,13.10%,LOSS,10.8,20,-5,51.90%,Saturday,2026-06
2026-06-27,Kahleah Copper,Points,Under,18.5,-125,59.10%,8.10%,WIN,15.2,17,4,55.60%,Saturday,2026-06
2026-06-27,Kahleah Copper,Points,Under,9.5,-122,60.10%,11.40%,WIN,5.7,3,4.1,55.00%,Saturday,2026-06
2026-06-27,Kahleah Copper,Points,Under,11.5,-108,57.90%,12.50%,LOSS,7.6,14,-5,51.90%,Saturday,2026-06
2026-06-27,Kahleah Copper,Points,Under,18.5,-110,58.70%,13.30%,WIN,10.5,11,4.55,52.40%,Saturday,2026-06
2026-06-27,Kahleah Copper,Points,Under,7.5,-102,54.00%,7.20%,WIN,4,2,4.9,50.50%,Saturday,2026-06
2026-06-27,Kahleah Copper,Points,Over,18.5,-106,52.80%,2.80%,WIN,20.1,27,4.72,51.50%,Saturday,2026-06
2026-06-27,Kahleah Copper,Points,Under,10.5,-118,53.10%,-2.30%,WIN,9.8,9,4.24,54.10%,Saturday,2026-06
2026-06-27,Kahleah Copper,Points,Under,7.5,-113,56.00%,6.40%,LOSS,1.2,16,-5,53.10%,Saturday,2026-06
2026-06-27,Kahleah Copper,Points,Under,10.5,-114,59.90%,14.10%,LOSS,5.9,20,-5,53.30%,Saturday,2026-06
2026-06-27,Kahleah Copper,Pts + Asts,Under,20.5,-112,52.80%,2.00%,WIN,19.4,20,4.46,52.80%,Saturday,2026-06
2026-06-27,Kahleah Copper,Pts + Asts,Under,20.5,-125,54.80%,-1.80%,WIN,19.8,17,4,55.60%,Saturday,2026-06
2026-06-27,Kahleah Copper,Pts + Asts,Over,15.5,-130,57.90%,3.20%,WIN,18.3,17,3.85,56.50%,Saturday,2026-06
2026-06-27,Kahleah Copper,Pts + Asts,Under,13.5,-110,52.80%,0.90%,LOSS,13.1,22,-5,52.40%,Saturday,2026-06
2026-06-27,Kahleah Copper,Pts + Asts,Under,18.5,-125,57.90%,5.20%,LOSS,15.9,19,-5,55.60%,Saturday,2026-06
2026-06-27,Kahleah Copper,Pts + Asts,Under,16.5,-128,59.70%,8.20%,WIN,13.3,7,3.91,56.10%,Saturday,2026-06
2026-06-27,Kahleah Copper,Pts + Asts,Under,14.5,-128,57.00%,1.90%,LOSS,12.9,28,-5,56.10%,Saturday,2026-06
2026-06-27,Kahleah Copper,Pts + Asts,Under,15.5,-118,57.30%,6.80%,WIN,11.1,12,4.24,54.10%,Saturday,2026-06
2026-06-27,Kahleah Copper,Pts + Asts,Over,17.5,-136,58.40%,1.80%,WIN,19.5,18,3.68,57.60%,Saturday,2026-06
2026-06-27,Kahleah Copper,Pts + Asts,Under,12.5,-138,49.70%,-19.60%,LOSS,9.9,21,-5,58.00%,Saturday,2026-06
2026-06-27,Kahleah Copper,Pts + Asts,Under,27.5,-118,58.40%,9.30%,LOSS,24.1,28,-5,54.10%,Saturday,2026-06
2026-06-27,Kahleah Copper,Pts + Asts,Under,19.5,-120,59.50%,10.90%,LOSS,15.2,26,-5,54.50%,Saturday,2026-06
2026-06-27,Kahleah Copper,Pts + Asts,Under,20.5,-106,55.10%,7.10%,WIN,17.3,19,4.72,51.50%,Saturday,2026-06
2026-06-27,Kahleah Copper,Pts + Asts,Under,18.5,-125,60.90%,12.10%,WIN,11.6,12,4,55.60%,Saturday,2026-06
2026-06-27,Kahleah Copper,Pts + Asts,Under,11.5,-128,47.10%,-20.70%,WIN,6.5,6,3.91,56.10%,Saturday,2026-06
2026-06-27,Kahleah Copper,Pts + Asts,Over,21.5,-118,56.70%,5.70%,WIN,25.3,30,4.24,54.10%,Saturday,2026-06
2026-06-27,Kahleah Copper,Pts + Asts,Under,12.5,-136,49.40%,-19.50%,WIN,11.8,10,3.68,57.60%,Saturday,2026-06
2026-06-27,Kahleah Copper,Pts + Asts,Under,12.5,-125,47.90%,-17.40%,LOSS,3.2,19,-5,55.60%,Saturday,2026-06
2026-06-27,Kahleah Copper,Pts + Rebs,Under,25.5,-106,53.40%,4.00%,WIN,24.3,24,4.72,51.50%,Saturday,2026-06
2026-06-27,Kaitlyn Chen,Pts + Rebs,Under,21.5,-122,55.20%,0.60%,WIN,20.9,18,4.1,55.00%,Saturday,2026-06
2026-06-27,Kaitlyn Chen,Pts + Rebs,Over,24.5,-130,59.40%,6.50%,WIN,27.9,26,3.85,56.50%,Saturday,2026-06
2026-06-27,Kamilla Cardoso,Pts + Rebs,Under,13.5,-125,57.30%,4.00%,LOSS,10.1,15,-5,55.60%,Saturday,2026-06
2026-06-27,Kamilla Cardoso,Pts + Rebs,Under,19.5,-110,58.20%,12.30%,LOSS,13.9,24,-5,52.40%,Saturday,2026-06
2026-06-27,Kamilla Cardoso,Pts + Rebs,Over,22.5,-130,54.10%,-5.60%,LOSS,22.7,19,-5,56.50%,Saturday,2026-06
2026-06-27,Kamilla Cardoso,Pts + Rebs,Under,25.5,-102,60.50%,20.10%,LOSS,15.4,27,-5,50.50%,Saturday,2026-06
2026-06-27,Kamilla Cardoso,Pts + Rebs,Over,15.5,-130,56.30%,-0.50%,WIN,15.2,35,3.85,56.50%,Saturday,2026-06
2026-06-27,Kamilla Cardoso,Pts + Rebs,Over,14.5,102,52.20%,5.30%,LOSS,15.5,12,-5,49.50%,Saturday,2026-06
2026-06-27,Kamilla Cardoso,Pts + Rebs,Under,25.5,-112,60.40%,16.10%,LOSS,18.7,32,-5,52.80%,Saturday,2026-06
2026-06-27,Kamilla Cardoso,Pts + Rebs,Under,25.5,-125,57.90%,5.30%,LOSS,22.7,29,-5,55.60%,Saturday,2026-06
2026-06-27,Kamilla Cardoso,Pts + Rebs,Under,13.5,-104,53.80%,5.80%,WIN,10.3,12,4.81,51.00%,Saturday,2026-06
2026-06-27,Kamilla Cardoso,Pts + Rebs,Under,15.5,-121,56.20%,3.20%,LOSS,12.8,16,-5,54.80%,Saturday,2026-06
2026-06-27,Kamilla Cardoso,Pts + Rebs,Under,17.5,-122,56.60%,3.70%,LOSS,14.4,22,-5,55.00%,Saturday,2026-06
2026-06-27,Kamilla Cardoso,Pts + Rebs,Under,26.5,-118,56.10%,4.30%,WIN,24.5,24,4.24,54.10%,Saturday,2026-06
2026-06-27,Kamilla Cardoso,Pts + Rebs,Under,16.5,-114,56.30%,6.50%,LOSS,12.8,18,-5,53.30%,Saturday,2026-06
2026-06-27,Kamilla Cardoso,Pts + Rebs,Under,17.5,-102,57.40%,14.00%,WIN,11.7,13,4.9,50.50%,Saturday,2026-06
2026-06-27,Kamilla Cardoso,Pts + Rebs,Under,11.5,-130,56.30%,-0.50%,WIN,6.3,5,3.85,56.50%,Saturday,2026-06
2026-06-27,Kamilla Cardoso,Pts + Rebs,Over,22.5,-112,54.40%,3.30%,WIN,23.3,27,4.46,52.80%,Saturday,2026-06
2026-06-27,Kamilla Cardoso,Pts + Rebs,Under,14.5,-132,56.60%,-0.80%,WIN,12.4,11,3.79,56.90%,Saturday,2026-06
2026-06-27,Kamilla Cardoso,Pts + Rebs,Under,16.5,-112,58.70%,12.40%,LOSS,7.9,26,-5,52.80%,Saturday,2026-06
2026-06-27,Kamilla Cardoso,Pts + Rebs,Under,16.5,-112,58.70%,12.40%,LOSS,7.9,26,-5,52.80%,Saturday,2026-06
2026-06-27,Kamilla Cardoso,Rebs + Asts,Under,13.5,-102,55.70%,10.60%,WIN,12.1,10,4.9,50.50%,Saturday,2026-06
2026-06-27,Kamilla Cardoso,Rebs + Asts,Over,5.5,108,53.60%,10.70%,LOSS,5.9,5,-5,48.10%,Saturday,2026-06
2026-06-27,Kamilla Cardoso,Rebs + Asts,Over,14.5,-114,54.90%,3.60%,LOSS,15.6,9,-5,53.30%,Saturday,2026-06
2026-06-27,Kamilla Cardoso,Rebs + Asts,Under,8.5,-138,59.40%,3.40%,WIN,7.2,2,3.62,58.00%,Saturday,2026-06
2026-06-27,Kamilla Cardoso,Rebs + Asts,Under,10.5,-102,53.70%,6.50%,WIN,9.9,8,4.9,50.50%,Saturday,2026-06
2026-06-27,Kamilla Cardoso,Rebs + Asts,Over,7.5,-128,56.30%,0.50%,WIN,7.2,15,3.91,56.10%,Saturday,2026-06
2026-06-27,Kamilla Cardoso,Rebs + Asts,Under,8.5,-132,61.90%,11.60%,WIN,5.6,7,3.79,56.90%,Saturday,2026-06
2026-06-27,Kamilla Cardoso,Rebs + Asts,Over,9.5,-125,54.80%,-1.80%,WIN,10.4,14,4,55.60%,Saturday,2026-06
2026-06-27,Kamilla Cardoso,Rebs + Asts,Over,5.5,-158,63.30%,5.20%,LOSS,4.8,5,-5,61.20%,Saturday,2026-06
2026-06-27,Kamilla Cardoso,Rebs + Asts,Under,6.5,118,42.00%,-7.10%,LOSS,6.4,8,-5,45.90%,Saturday,2026-06
2026-06-27,Kamilla Cardoso,Rebs + Asts,Under,10.5,-112,55.60%,5.80%,WIN,9.8,9,4.46,52.80%,Saturday,2026-06
2026-06-27,Kamilla Cardoso,Rebs + Asts,Over,5.5,-158,63.30%,5.20%,LOSS,4.4,3,-5,61.20%,Saturday,2026-06
2026-06-27,Kamilla Cardoso,Rebs + Asts,Under,6.5,-140,48.90%,-22.60%,LOSS,4.5,7,-5,58.30%,Saturday,2026-06
2026-06-27,Kamilla Cardoso,Rebs + Asts,Under,7.5,-128,46.90%,-21.10%,WIN,7.4,3,3.91,56.10%,Saturday,2026-06
2026-06-27,Kamilla Cardoso,Threes,Under,1.5,114,49.00%,4.30%,WIN,1.5,1,5.7,46.70%,Saturday,2026-06
2026-06-27,Kamilla Cardoso,Threes,Under,1.5,-220,68.80%,0.20%,LOSS,0.95,2,-5,68.80%,Saturday,2026-06
2026-06-27,Kamilla Cardoso,Threes,Over,1.5,152,42.80%,5.20%,WIN,1.6,5,7.6,39.70%,Saturday,2026-06
2026-06-27,Kamilla Cardoso,Threes,Under,1.5,-138,64.30%,15.10%,LOSS,0.75,3,-5,58.00%,Saturday,2026-06
2026-06-27,Kamilla Cardoso,Threes,Under,1.5,-158,58.60%,-6.70%,WIN,1.3,0,3.16,61.20%,Saturday,2026-06
2026-06-27,Kamilla Cardoso,Threes,Over,1.5,164,41.70%,6.10%,WIN,1.6,2,8.2,37.90%,Saturday,2026-06
2026-06-27,Kamilla Cardoso,Threes,Over,0.5,-205,57.80%,-28.60%,LOSS,0.78,0,-5,67.20%,Saturday,2026-06
2026-06-27,Kamilla Cardoso,Threes,Under,1.5,128,53.80%,17.70%,WIN,0.95,1,6.4,43.90%,Saturday,2026-06
2026-06-27,Kamilla Cardoso,Threes,Under,2.5,-114,56.30%,6.40%,LOSS,2.4,4,-5,53.30%,Saturday,2026-06
2026-06-27,Kamilla Cardoso,Threes,Over,1.5,-166,61.60%,-2.20%,LOSS,2.2,1,-5,62.40%,Saturday,2026-06
2026-06-27,Kamilla Cardoso,Threes,Under,2.5,-215,75.00%,21.10%,WIN,1.3,2,2.33,68.30%,Saturday,2026-06
2026-06-27,Kamilla Cardoso,Threes,Under,1.5,-132,59.20%,5.40%,WIN,1.2,0,3.79,56.90%,Saturday,2026-06
2026-06-27,Kamilla Cardoso,Threes,Under,1.5,-136,62.70%,11.90%,WIN,0.89,0,3.68,57.60%,Saturday,2026-06
2026-06-27,Kamilla Cardoso,Threes,Over,2.5,-172,75.60%,33.70%,WIN,5.2,4,2.91,63.20%,Saturday,2026-06
2026-06-27,Kamilla Cardoso,Threes,Over,1.5,-168,60.40%,-6.10%,LOSS,2.2,1,-5,62.70%,Saturday,2026-06
2026-06-27,Kamilla Cardoso,Threes,Under,1.5,-166,69.80%,19.60%,LOSS,0,2,-5,62.40%,Saturday,2026-06
2026-06-28,Kamilla Cardoso,Assists,Under,3.5,-192,57.70%,-23.40%,WIN,3.4,1,2.6,65.80%,Sunday,2026-06
2026-06-28,Kamilla Cardoso,Assists,Over,3.5,142,44.10%,4.70%,LOSS,3.9,0,-5,41.30%,Sunday,2026-06
2026-06-28,Kamilla Cardoso,Assists,Under,2.5,-210,65.90%,-5.80%,LOSS,1.9,3,-5,67.70%,Sunday,2026-06
2026-06-28,Kamilla Cardoso,Assists,Under,2.5,120,49.50%,7.50%,WIN,2.3,0,6,45.50%,Sunday,2026-06
2026-06-28,Kamilla Cardoso,Assists,Under,5.5,-140,60.70%,5.70%,LOSS,4.7,9,-5,58.30%,Sunday,2026-06
2026-06-28,Kamilla Cardoso,Assists,Over,6.5,-154,62.30%,4.20%,WIN,7.9,8,3.25,60.60%,Sunday,2026-06
2026-06-28,Kamilla Cardoso,Assists,Under,4.6,-180,56.40%,-22.10%,WIN,4.4,4,2.78,64.30%,Sunday,2026-06
2026-06-28,Kamilla Cardoso,Assists,Under,4.5,110,48.70%,2.00%,WIN,4.4,3,5.5,47.60%,Sunday,2026-06
2026-06-28,Kamilla Cardoso,Assists,Over,6.5,-112,56.10%,6.80%,WIN,7.9,8,4.46,52.80%,Sunday,2026-06
2026-06-28,Kamilla Cardoso,Assists,Under,5.5,-158,63.70%,6.40%,WIN,4.5,3,3.16,61.20%,Sunday,2026-06
2026-06-28,Kamilla Cardoso,Assists,Under,2.5,-114,55.80%,5.40%,WIN,1.8,2,4.39,53.30%,Sunday,2026-06
2026-06-28,Kamilla Cardoso,Assists,Under,2.5,-130,53.70%,-6.40%,WIN,2.4,2,3.85,56.50%,Sunday,2026-06
2026-06-28,Kamilla Cardoso,Assists,Over,2.5,-162,54.20%,-19.90%,LOSS,2.7,2,-5,61.80%,Sunday,2026-06
2026-06-28,Kamilla Cardoso,Assists,Over,1.5,-114,55.90%,5.50%,WIN,1,6,4.39,53.30%,Sunday,2026-06
2026-06-28,Kamilla Cardoso,Assists,Over,3.5,-162,63.60%,4.80%,WIN,4.8,4,3.09,61.80%,Sunday,2026-06
2026-06-28,Kamilla Cardoso,Assists,Under,2.5,130,48.00%,7.90%,WIN,2,2,6.5,43.50%,Sunday,2026-06
2026-06-28,Kamilla Cardoso,Assists,Over,5.5,-112,52.90%,0.20%,WIN,6.1,8,4.46,52.80%,Sunday,2026-06
2026-06-28,Kamilla Cardoso,Assists,Over,5.5,-144,60.40%,3.30%,LOSS,6.8,4,-5,59.00%,Sunday,2026-06
2026-06-28,Kamilla Cardoso,Assists,Over,3.5,112,49.20%,3.90%,WIN,4,4,5.6,47.20%,Sunday,2026-06
2026-06-28,Kamilla Cardoso,Assists,Under,5.5,-162,64.40%,6.80%,WIN,4,2,3.09,61.80%,Sunday,2026-06
2026-06-28,Kamilla Cardoso,Assists,Under,2.5,120,49.50%,7.50%,LOSS,2.2,6,-5,45.50%,Sunday,2026-06
2026-06-28,Kamilla Cardoso,Assists,Under,5.5,-132,56.20%,-1.70%,WIN,5.4,5,3.79,56.90%,Sunday,2026-06
2026-06-28,Kamilla Cardoso,Assists,Under,3.5,-144,59.40%,0.90%,LOSS,3.1,4,-5,59.00%,Sunday,2026-06
2026-06-28,Kamilla Cardoso,Assists,Over,5.5,-138,59.70%,4.00%,WIN,6.9,8,3.62,58.00%,Sunday,2026-06
2026-06-28,Kamilla Cardoso,Points,Over,25.5,-122,55.60%,1.50%,WIN,27.2,30,4.1,55.00%,Sunday,2026-06
2026-06-28,Kamilla Cardoso,Points,Under,13.5,100,53.00%,6.00%,WIN,11.6,5,5,50.00%,Sunday,2026-06
2026-06-28,Kamilla Cardoso,Points,Under,10.5,-122,58.10%,7.00%,LOSS,8.4,24,-5,55.00%,Sunday,2026-06
2026-06-28,Kamilla Cardoso,Points,Over,14.5,-102,51.20%,1.30%,WIN,14.9,21,4.9,50.50%,Sunday,2026-06
2026-06-28,Kamilla Cardoso,Points,Over,17.5,-128,53.30%,-6.40%,LOSS,17.8,15,-5,56.10%,Sunday,2026-06
2026-06-28,Kamilla Cardoso,Points,Under,12.5,-122,56.50%,3.40%,LOSS,10.1,16,-5,55.00%,Sunday,2026-06
2026-06-28,Kamilla Cardoso,Points,Under,14.5,-128,58.40%,5.20%,LOSS,12.4,32,-5,56.10%,Sunday,2026-06
2026-06-28,Kamilla Cardoso,Points,Over,9.5,100,52.30%,4.70%,WIN,11,10,5,50.00%,Sunday,2026-06
2026-06-28,Kamilla Cardoso,Points,Under,12.5,-120,56.30%,3.90%,LOSS,10.1,18,-5,54.50%,Sunday,2026-06
2026-06-28,Kamilla Cardoso,Points,Under,15.5,-104,55.40%,9.00%,WIN,12.9,12,4.81,51.00%,Sunday,2026-06
2026-06-28,Kamilla Cardoso,Points,Under,15.5,100,51.00%,2.00%,WIN,14.8,7,5,50.00%,Sunday,2026-06
2026-06-28,Kamilla Cardoso,Points,Under,7.5,102,50.70%,2.40%,WIN,7.3,2,5.1,49.50%,Sunday,2026-06
2026-06-28,Kamilla Cardoso,Points,Under,7.5,-114,56.20%,6.30%,WIN,5.3,2,4.39,53.30%,Sunday,2026-06
2026-06-28,Kamilla Cardoso,Points,Under,17.5,-120,49.00%,-12.20%,LOSS,17.3,28,-5,54.50%,Sunday,2026-06
2026-06-28,Kamilla Cardoso,Points,Over,10.5,-114,56.50%,7.00%,LOSS,13.7,10,-5,53.30%,Sunday,2026-06
2026-06-28,Kamilla Cardoso,Points,Under,13.5,-128,58.70%,5.80%,WIN,11.2,8,3.91,56.10%,Sunday,2026-06
2026-06-28,Kamilla Cardoso,Points,Over,7.5,-114,56.10%,6.00%,LOSS,9.5,6,-5,53.30%,Sunday,2026-06
2026-06-28,Kamilla Cardoso,Points,Under,13.5,-122,57.40%,5.40%,LOSS,11.3,21,-5,55.00%,Sunday,2026-06
2026-06-28,Kamilla Cardoso,Points,Over,12.5,100,47.30%,-5.40%,WIN,13.2,24,5,50.00%,Sunday,2026-06
2026-06-28,Kamilla Cardoso,Points,Under,14.5,-113,54.60%,3.30%,LOSS,13.7,17,-5,53.10%,Sunday,2026-06
2026-06-28,Kamilla Cardoso,Points,Over,8.5,-115,54.60%,2.40%,WIN,9.4,11,4.35,53.50%,Sunday,2026-06
2026-06-28,Kamilla Cardoso,Points,Under,15.5,-122,58.40%,7.50%,LOSS,13.3,27,-5,55.00%,Sunday,2026-06
2026-06-28,Katie Lou Samuelson,Points,Under,10.5,-138,63.60%,13.30%,WIN,5,6,3.62,58.00%,Sunday,2026-06
2026-06-28,Katie Lou Samuelson,Points,Over,7.5,100,50.00%,0.10%,LOSS,8.3,3,-5,50.00%,Sunday,2026-06
2026-06-28,Kayla McBride,Points,Under,13.5,-106,55.70%,8.70%,LOSS,11,20,-5,51.50%,Sunday,2026-06
2026-06-28,Kayla McBride,Points,Under,10.5,-125,59.90%,9.80%,WIN,7.6,6,4,55.60%,Sunday,2026-06
2026-06-28,Kayla McBride,Points,Over,7.5,-106,54.80%,7.00%,LOSS,10,6,-5,51.50%,Sunday,2026-06
2026-06-28,Kayla McBride,Points,Under,16.5,-130,62.60%,14.10%,LOSS,11.8,21,-5,56.50%,Sunday,2026-06
2026-06-28,Kayla McBride,Points,Over,18.5,-122,56.20%,2.80%,WIN,20.5,21,4.1,55.00%,Sunday,2026-06
2026-06-28,Kayla McBride,Points,Over,19.5,-102,50.20%,-0.60%,WIN,20,25,4.9,50.50%,Sunday,2026-06
2026-06-28,Kayla McBride,Points,Under,7.5,-113,54.00%,2.00%,WIN,6.7,5,4.42,53.10%,Sunday,2026-06
2026-06-28,Kayla McBride,Points,Under,15.5,-104,59.10%,16.60%,WIN,8.5,9,4.81,51.00%,Sunday,2026-06
2026-06-28,Kayla McBride,Points,Under,10.5,-110,52.40%,0.10%,LOSS,9.9,25,-5,52.40%,Sunday,2026-06
2026-06-28,Kayla McBride,Points,Under,13.5,-118,56.30%,4.60%,WIN,11.6,9,4.24,54.10%,Sunday,2026-06
2026-06-28,Kayla McBride,Points,Under,14.5,-114,55.90%,5.60%,WIN,13.2,7,4.39,53.30%,Sunday,2026-06
2026-06-28,Kayla McBride,Points,Under,18.5,-122,59.30%,9.60%,LOSS,14.8,32,-5,55.00%,Sunday,2026-06
2026-06-28,Kayla McBride,Points,Over,14.5,-108,52.20%,0.50%,LOSS,14.7,14,-5,51.90%,Sunday,2026-06
2026-06-28,Kayla McBride,Points,Under,11.5,-106,52.30%,1.80%,WIN,11,8,4.72,51.50%,Sunday,2026-06
2026-06-28,Kayla McBride,Pts + Asts,Over,29.5,-102,50.00%,-0.90%,WIN,29.5,31,4.9,50.50%,Sunday,2026-06
2026-06-28,Kayla McBride,Pts + Asts,Under,17.5,-128,57.20%,2.30%,WIN,15.7,5,3.91,56.10%,Sunday,2026-06
2026-06-28,Kayla McBride,Pts + Asts,Over,16.5,-110,52.40%,0.00%,WIN,17.4,24,4.55,52.40%,Sunday,2026-06
2026-06-28,Kayla McBride,Pts + Asts,Over,20.5,-130,52.20%,-10.00%,LOSS,20.6,15,-5,56.50%,Sunday,2026-06
2026-06-28,Kayla McBride,Pts + Asts,Under,19.5,-112,55.80%,6.30%,LOSS,16.6,41,-5,52.80%,Sunday,2026-06
2026-06-28,Kayla McBride,Pts + Asts,Under,19.5,-114,55.30%,4.40%,LOSS,17.1,26,-5,53.30%,Sunday,2026-06
2026-06-28,Kayla McBride,Pts + Asts,Under,20.5,-132,57.90%,2.30%,WIN,18.6,16,3.79,56.90%,Sunday,2026-06
2026-06-28,Kayla McBride,Pts + Asts,Under,18.5,-108,53.00%,2.20%,WIN,17.3,8,4.63,51.90%,Sunday,2026-06
2026-06-28,Kayla McBride,Pts + Asts,Under,12.5,-112,45.70%,-15.10%,WIN,8.9,5,4.46,52.80%,Sunday,2026-06
2026-06-28,Kayla McBride,Pts + Asts,Over,24.5,-104,46.70%,-8.70%,WIN,25.1,36,4.81,51.00%,Sunday,2026-06
2026-06-28,Kayla McBride,Pts + Asts,Under,18.5,-114,56.30%,6.50%,WIN,15.7,11,4.39,53.30%,Sunday,2026-06
2026-06-28,Kayla McBride,Pts + Asts,Under,15.5,100,52.20%,4.50%,LOSS,13.9,23,-5,50.00%,Sunday,2026-06
2026-06-28,Kayla McBride,Pts + Asts,Over,14.5,-125,56.80%,2.70%,WIN,16.5,26,4,55.60%,Sunday,2026-06
2026-06-28,Kayla McBride,Pts + Asts,Under,17.5,-112,53.40%,1.10%,LOSS,16.6,19,-5,52.80%,Sunday,2026-06
2026-06-28,Kayla McBride,Pts + Asts,Under,17.5,-132,59.30%,5.70%,LOSS,14.5,33,-5,56.90%,Sunday,2026-06
2026-06-28,Kayla McBride,Pts + Asts,Over,11.5,-114,56.90%,7.80%,LOSS,14.6,10,-5,53.30%,Sunday,2026-06
2026-06-28,Kayla McBride,Pts + Asts,Under,19.5,-125,60.80%,11.70%,LOSS,14.4,23,-5,55.60%,Sunday,2026-06
2026-06-28,Kayla McBride,Pts + Asts,Over,24.5,-114,48.60%,-10.00%,WIN,26,29,4.39,53.30%,Sunday,2026-06
2026-06-28,Kayla McBride,Pts + Asts,Under,25.5,-122,55.10%,0.30%,LOSS,26.1,29,-5,55.00%,Sunday,2026-06
2026-06-28,Kayla McBride,Pts + Asts,Over,10.5,-136,59.50%,4.30%,LOSS,11.7,9,-5,57.60%,Sunday,2026-06
2026-06-28,Kayla McBride,Pts + Asts,Under,21.5,-130,63.40%,15.90%,WIN,13.6,11,3.85,56.50%,Sunday,2026-06
2026-06-28,Kayla McBride,Pts + Asts,Under,16.5,-118,56.40%,4.90%,WIN,14.2,15,4.24,54.10%,Sunday,2026-06
2026-06-28,Kayla McBride,Pts + Asts,Under,20.5,-125,56.00%,1.00%,WIN,19.3,12,4,55.60%,Sunday,2026-06
2026-06-28,Kayla McBride,Pts + Asts,Under,21.5,-110,55.30%,6.20%,LOSS,18.6,36,-5,52.40%,Sunday,2026-06
2026-06-28,Kayla McBride,Pts + Asts,Under,17.5,-106,51.80%,0.70%,WIN,17.5,16,4.72,51.50%,Sunday,2026-06
2026-06-28,Kayla McBride,Pts + Rebs,Under,35.5,-118,51.80%,-5.00%,LOSS,35.1,45,-5,54.10%,Sunday,2026-06
2026-06-28,Kayla McBride,Pts + Rebs,Under,17.5,-120,53.50%,-2.30%,WIN,15.4,9,4.17,54.50%,Sunday,2026-06
2026-06-28,Kayla McBride,Pts + Rebs,Under,17.5,-114,53.50%,0.50%,LOSS,16,30,-5,53.30%,Sunday,2026-06
2026-06-28,Kayla McBride,Pts + Rebs,Over,16.5,-118,56.00%,4.00%,WIN,17.9,22,4.24,54.10%,Sunday,2026-06
2026-06-28,Kayla McBride,Pts + Rebs,Under,26.5,-118,54.50%,0.80%,WIN,25.9,19,4.24,54.10%,Sunday,2026-06
2026-06-28,Kayla McBride,Pts + Rebs,Under,15.5,-108,53.60%,3.40%,LOSS,13.3,19,-5,51.90%,Sunday,2026-06
2026-06-28,Kayla McBride,Pts + Rebs,Under,16.5,-110,53.80%,3.10%,LOSS,14,38,-5,52.40%,Sunday,2026-06
2026-06-28,Kayla McBride,Pts + Rebs,Under,16.5,-125,52.60%,-6.60%,LOSS,14.8,24,-5,55.60%,Sunday,2026-06
2026-06-28,Kayla McBride,Pts + Rebs,Under,20.5,-102,53.60%,6.30%,WIN,19.6,17,4.9,50.50%,Sunday,2026-06
2026-06-28,Kayla McBride,Pts + Rebs,Under,13.5,-104,53.80%,5.80%,LOSS,11,17,-5,51.00%,Sunday,2026-06
2026-06-28,Kayla McBride,Pts + Rebs,Under,19.5,-106,52.50%,2.20%,WIN,18.6,9,4.72,51.50%,Sunday,2026-06
2026-06-28,Kayla McBride,Pts + Rebs,Under,11.5,-102,51.80%,2.70%,WIN,11.3,5,4.9,50.50%,Sunday,2026-06
2026-06-28,Kayla McBride,Pts + Rebs,Over,22.5,-102,51.20%,1.40%,WIN,22.6,33,4.9,50.50%,Sunday,2026-06
2026-06-28,Kayla McBride,Pts + Rebs,Over,14.5,-118,56.40%,5.00%,LOSS,17.5,14,-5,54.10%,Sunday,2026-06
2026-06-28,Kayla McBride,Pts + Rebs,Under,23.5,-102,56.90%,12.90%,LOSS,19.6,24,-5,50.50%,Sunday,2026-06
2026-06-28,Kayla McBride,Pts + Rebs,Under,21.5,-102,53.80%,6.70%,LOSS,20.2,28,-5,50.50%,Sunday,2026-06
2026-06-28,Kayla McBride,Pts + Rebs,Over,10.5,-123,53.70%,-3.30%,WIN,21.8,32,4.07,55.20%,Sunday,2026-06
2026-06-28,Kayla McBride,Pts + Rebs,Over,17.5,-130,57.20%,1.50%,WIN,18.1,18,3.85,56.50%,Sunday,2026-06
2026-06-28,Kayla McBride,Pts + Rebs,Over,13.5,-131,56.90%,0.50%,WIN,14.4,15,3.82,56.70%,Sunday,2026-06
2026-06-28,Kayla McBride,Pts + Rebs,Under,24.5,-116,57.20%,7.60%,LOSS,21.7,38,-5,53.70%,Sunday,2026-06
2026-06-28,Kayla McBride,Pts + Rebs,Under,13.5,-128,57.80%,3.80%,WIN,8.7,6,3.91,56.10%,Sunday,2026-06
2026-06-28,Kayla McBride,Pts + Rebs,Under,18.5,-106,54.80%,7.00%,LOSS,14.7,25,-5,51.50%,Sunday,2026-06
2026-06-28,Kayla McBride,Pts + Rebs,Under,16.5,-114,53.80%,1.10%,WIN,14.4,7,4.39,53.30%,Sunday,2026-06
2026-06-28,Kayla McBride,Pts + Rebs,Over,10.5,-114,56.60%,7.10%,LOSS,13,8,-5,53.30%,Sunday,2026-06
2026-06-28,Kayla McBride,Pts + Rebs,Under,23.5,-122,60.90%,13.30%,LOSS,18.3,35,-5,55.00%,Sunday,2026-06
2026-06-28,Kayla McBride,Pts + Rebs,Under,14.5,-120,57.90%,7.30%,LOSS,11.4,17,-5,54.50%,Sunday,2026-06
2026-06-28,Kayla McBride,Pts + Rebs,Over,23.5,-114,53.70%,0.90%,WIN,25.3,24,4.39,53.30%,Sunday,2026-06
2026-06-28,Kayla McBride,Pts + Rebs,Over,23.5,-102,51.20%,1.40%,WIN,23.9,28,4.9,50.50%,Sunday,2026-06
2026-06-28,Kayla McBride,Pts + Rebs,Under,10.5,-118,50.00%,-9.00%,WIN,10.4,5,4.24,54.10%,Sunday,2026-06
2026-06-28,Kayla McBride,Pts + Rebs,Under,20.5,-118,60.60%,14.20%,WIN,14.1,12,4.24,54.10%,Sunday,2026-06
2026-06-28,Kayla McBride,Pts + Rebs,Under,14.5,-102,51.40%,1.80%,LOSS,12.8,31,-5,50.50%,Sunday,2026-06
2026-06-28,Kayla McBride,Pts + Rebs,Under,21.5,-108,55.80%,8.10%,LOSS,19.4,22,-5,51.90%,Sunday,2026-06
2026-06-28,Kayla McBride,Pts + Rebs,Under,17.5,-118,54.00%,-0.20%,WIN,17.1,13,4.24,54.10%,Sunday,2026-06
2026-06-28,Kayla McBride,Pts + Rebs,Under,21.5,-106,55.40%,8.10%,LOSS,18.1,38,-5,51.50%,Sunday,2026-06
2026-06-28,Kayla McBride,Pts + Rebs,Under,14.5,-118,46.10%,-17.50%,WIN,15.3,14,4.24,54.10%,Sunday,2026-06
2026-06-28,Kayla McBride,Rebs + Asts,Under,12.5,-114,55.80%,5.40%,LOSS,11.6,16,-5,53.30%,Sunday,2026-06
2026-06-28,Kayla McBride,Rebs + Asts,Over,6.5,-104,52.90%,3.80%,LOSS,7,4,-5,51.00%,Sunday,2026-06
2026-06-28,Kayla McBride,Rebs + Asts,Over,4.5,100,57.40%,14.90%,LOSS,4.1,4,-5,50.00%,Sunday,2026-06
2026-06-28,Kayla McBride,Rebs + Asts,Under,11.5,-120,62.10%,16.50%,WIN,9.6,4,4.17,54.50%,Sunday,2026-06
2026-06-28,Kayla McBride,Rebs + Asts,Under,7.5,100,52.80%,5.50%,LOSS,6.3,15,-5,50.00%,Sunday,2026-06
2026-06-28,Kayla McBride,Rebs + Asts,Over,10.5,-144,59.70%,1.80%,WIN,11.8,14,3.47,59.00%,Sunday,2026-06
2026-06-28,Kayla McBride,Rebs + Asts,Under,9.5,-138,59.40%,3.40%,WIN,9.3,9,3.62,58.00%,Sunday,2026-06
2026-06-28,Kayla McBride,Rebs + Asts,Over,6.5,-102,52.50%,4.10%,LOSS,6.6,3,-5,50.50%,Sunday,2026-06
2026-06-28,Kayla McBride,Rebs + Asts,Over,11.5,-102,51.20%,1.40%,WIN,11.7,13,4.9,50.50%,Sunday,2026-06
2026-06-28,Kayla McBride,Rebs + Asts,Over,15.5,-144,55.30%,-9.00%,WIN,16.1,19,3.47,59.00%,Sunday,2026-06
2026-06-28,Kayla McBride,Rebs + Asts,Under,11.5,-138,63.40%,12.90%,WIN,9.9,9,3.62,58.00%,Sunday,2026-06
2026-06-28,Kayla McBride,Rebs + Asts,Under,10.5,-108,52.70%,1.70%,WIN,10.5,10,4.63,51.90%,Sunday,2026-06
2026-06-28,Kayla McBride,Rebs + Asts,Under,6.5,-140,48.90%,-22.60%,WIN,6.4,3,3.57,58.30%,Sunday,2026-06
2026-06-28,Kayla McBride,Rebs + Asts,Under,10.5,-125,61.20%,12.70%,LOSS,9.2,17,-5,55.60%,Sunday,2026-06
2026-06-28,Kayla McBride,Rebs + Asts,Over,7.5,106,55.60%,12.70%,LOSS,8.4,6,-5,48.50%,Sunday,2026-06
2026-06-28,Kayla McBride,Rebs + Asts,Under,10.5,-144,62.80%,9.30%,LOSS,8.6,16,-5,59.00%,Sunday,2026-06
2026-06-28,Kayla McBride,Rebs + Asts,Under,8.5,-132,61.90%,11.60%,LOSS,6.5,10,-5,56.90%,Sunday,2026-06
2026-06-28,Kayla McBride,Rebs + Asts,Under,10.5,-136,57.90%,0.60%,LOSS,10.2,11,-5,57.60%,Sunday,2026-06
2026-06-28,Kayla McBride,Rebs + Asts,Over,9.5,-132,54.20%,-6.30%,LOSS,10.3,7,-5,56.90%,Sunday,2026-06
2026-06-28,Kayla McBride,Rebs + Asts,Under,9.5,-120,55.60%,2.30%,WIN,8.4,5,4.17,54.50%,Sunday,2026-06
2026-06-28,Kayla McBride,Rebs + Asts,Under,11.5,-136,63.70%,14.30%,LOSS,9.8,19,-5,57.60%,Sunday,2026-06
2026-06-28,Kayla McBride,Rebs + Asts,Under,8.5,-138,48.30%,-23.00%,LOSS,8.4,11,-5,58.00%,Sunday,2026-06
2026-06-28,Kayla McBride,Rebs + Asts,Over,6.5,-140,58.00%,-0.90%,WIN,6.8,10,3.57,58.30%,Sunday,2026-06
2026-06-28,Kayla McBride,Rebs + Asts,Over,9.5,-106,52.30%,1.70%,WIN,10.3,14,4.72,51.50%,Sunday,2026-06
2026-06-28,Kayla McBride,Threes,Over,1.5,-108,49.60%,-4.70%,LOSS,1.8,1,-5,51.90%,Sunday,2026-06
2026-06-28,Kayla McBride,Threes,Under,1.5,-200,68.70%,6.10%,LOSS,0.83,3,-5,66.70%,Sunday,2026-06
2026-06-28,Kayla McBride,Threes,Under,1.5,118,48.70%,5.20%,LOSS,1.5,4,-5,45.90%,Sunday,2026-06
2026-06-28,Kayla McBride,Threes,Under,2.5,-215,67.60%,-1.90%,LOSS,2.1,3,-5,68.30%,Sunday,2026-06
2026-06-28,Kayla McBride,Threes,Over,1.5,118,50.90%,9.30%,LOSS,2,1,-5,45.90%,Sunday,2026-06
2026-06-28,Kayla McBride,Threes,Over,1.5,-205,59.70%,-22.90%,LOSS,2.1,1,-5,67.20%,Sunday,2026-06
2026-06-28,Kayla McBride,Threes,Over,1.5,162,40.90%,4.50%,LOSS,1.6,1,-5,38.20%,Sunday,2026-06
2026-06-28,Kayla McBride,Threes,Over,1.5,-154,60.10%,-1.20%,LOSS,2.1,1,-5,60.60%,Sunday,2026-06
2026-06-28,Kayla McBride,Threes,Over,1.5,-188,61.40%,-11.20%,WIN,2.2,4,2.66,65.30%,Sunday,2026-06
2026-06-28,Kayla McBride,Threes,Over,1.5,-162,69.00%,18.80%,LOSS,3,0,-5,61.80%,Sunday,2026-06
2026-06-28,Kayla McBride,Threes,Over,1.5,-168,59.40%,-8.80%,WIN,2.1,2,2.98,62.70%,Sunday,2026-06
2026-06-28,Kayla McBride,Threes,Over,1.5,-130,48.80%,-17.80%,WIN,1.5,3,3.85,56.50%,Sunday,2026-06
2026-06-28,Kayla McBride,Threes,Over,1.5,-166,58.60%,-10.30%,WIN,2,4,3.01,62.40%,Sunday,2026-06
2026-06-28,Kayla McBride,Threes,Over,1.5,112,53.70%,12.30%,WIN,2.2,2,5.6,47.20%,Sunday,2026-06
2026-06-28,Kayla McBride,Threes,Under,1.5,-114,53.70%,1.00%,WIN,1.4,0,4.39,53.30%,Sunday,2026-06
2026-06-28,Kayla McBride,Threes,Over,1.5,-174,54.50%,-24.70%,LOSS,1.8,1,-5,63.50%,Sunday,2026-06
2026-06-28,Kayla McBride,Threes,Under,1.5,-186,61.70%,9.50%,LOSS,1.2,4,-5,65.00%,Sunday,2026-06
2026-06-28,Kayla McBride,Threes,Under,1.5,-140,60.20%,4.60%,LOSS,1.2,2,-5,58.30%,Sunday,2026-06
2026-06-28,Kayla McBride,Threes,Over,1.5,162,41.70%,5.60%,LOSS,1.6,1,-5,38.20%,Sunday,2026-06
2026-06-28,Kayla McBride,Threes,Over,1.5,-122,56.40%,3.30%,WIN,2,2,4.1,55.00%,Sunday,2026-06
2026-06-28,Kayla McBride,Threes,Under,1.5,132,53.40%,18.00%,LOSS,0.95,2,-5,43.10%,Sunday,2026-06
2026-06-28,Kayla McBride,Threes,Under,1.5,-118,54.00%,-0.20%,WIN,1.5,1,4.24,54.10%,Sunday,2026-06
2026-06-28,Kayla McBride,Threes,Over,1.5,116,47.30%,1.80%,WIN,1.5,2,5.8,46.30%,Sunday,2026-06
2026-06-28,Kayla McBride,Threes,Over,1.5,-104,47.20%,-7.80%,LOSS,1.6,1,-5,51.00%,Sunday,2026-06
2026-06-28,Kayla McBride,Threes,Over,1.5,-154,62.20%,4.00%,WIN,2.3,2,3.25,60.60%,Sunday,2026-06
2026-06-28,Kayla McBride,Threes,Over,1.5,168,40.90%,5.70%,LOSS,1.6,1,-5,37.30%,Sunday,2026-06
2026-06-30,Kayla McBride,Assists,Over,2.5,-182,55.90%,-24.50%,WIN,2.5,4,2.75,64.50%,Tuesday,2026-06
2026-06-30,Kayla McBride,Assists,Over,6.5,-146,51.70%,-18.70%,WIN,7,7,3.42,59.30%,Tuesday,2026-06
2026-06-30,Kayla McBride,Assists,Over,6.5,-128,50.10%,-13.80%,WIN,7.1,7,3.91,56.10%,Tuesday,2026-06
2026-06-30,Kayla McBride,Assists,Under,2.5,-102,50.80%,0.60%,LOSS,2.5,3,-5,50.50%,Tuesday,2026-06
2026-06-30,Kayla McBride,Assists,Under,2.5,-160,54.00%,-19.70%,WIN,2.4,0,3.13,61.50%,Tuesday,2026-06
2026-06-30,Kayla McBride,Assists,Over,3.5,100,55.80%,11.60%,WIN,5.3,4,5,50.00%,Tuesday,2026-06
2026-06-30,Kayla McBride,Assists,Over,4.5,-152,54.90%,-13.50%,WIN,5,5,3.29,60.30%,Tuesday,2026-06
2026-06-30,Kayla McBride,Points,Over,18.5,-120,53.10%,-3.20%,WIN,19.2,25,4.17,54.50%,Tuesday,2026-06
2026-06-30,Kayla McBride,Points,Under,11.5,-106,47.70%,-7.80%,WIN,11,7,4.72,51.50%,Tuesday,2026-06
2026-06-30,Kayla McBride,Points,Over,11.5,-106,56.20%,9.70%,WIN,14.8,18,4.72,51.50%,Tuesday,2026-06
2026-06-30,Kayla McBride,Points,Under,18.5,-122,55.00%,0.00%,LOSS,17.9,31,-5,55.00%,Tuesday,2026-06
2026-06-30,Kayla Thornton,Points,Under,14.5,-118,54.60%,1.00%,WIN,14.1,9,4.24,54.10%,Tuesday,2026-06
2026-06-30,Kayla Thornton,Points,Under,9.5,-106,58.20%,13.90%,WIN,6,2,4.72,51.50%,Tuesday,2026-06
2026-06-30,Kayla Thornton,Points,Over,7.5,102,47.80%,-3.50%,LOSS,7.6,7,-5,49.50%,Tuesday,2026-06
2026-06-30,Kayla Thornton,Points,Under,10.5,-130,60.90%,10.10%,WIN,7.3,9,3.85,56.50%,Tuesday,2026-06
2026-06-30,Kayla Thornton,Points,Under,7.5,-125,58.60%,6.80%,LOSS,6,15,-5,55.60%,Tuesday,2026-06
2026-06-30,Kayla Thornton,Points,Under,14.5,-110,56.90%,9.40%,LOSS,12,26,-5,52.40%,Tuesday,2026-06
2026-06-30,Kayla Thornton,Pts + Asts,Over,21.5,-130,53.40%,-7.10%,WIN,22.1,29,3.85,56.50%,Tuesday,2026-06
2026-06-30,Kayla Thornton,Pts + Asts,Under,18.5,-102,52.30%,3.70%,WIN,17.5,14,4.9,50.50%,Tuesday,2026-06
2026-06-30,Kayla Thornton,Pts + Asts,Over,13.5,-123,57.40%,4.90%,WIN,16.3,21,4.07,55.20%,Tuesday,2026-06
2026-06-30,Kayla Thornton,Pts + Asts,Under,25.5,-128,57.20%,2.30%,LOSS,24.9,38,-5,56.10%,Tuesday,2026-06
2026-06-30,Kayla Thornton,Pts + Asts,Under,17.5,-130,57.90%,3.10%,WIN,16,12,3.85,56.50%,Tuesday,2026-06
2026-06-30,Kayla Thornton,Pts + Asts,Under,11.5,-118,45.50%,-18.90%,WIN,7.5,4,4.24,54.10%,Tuesday,2026-06
2026-06-30,Kayla Thornton,Pts + Asts,Over,9.5,-118,57.80%,8.10%,LOSS,9.4,7,-5,54.10%,Tuesday,2026-06
2026-06-30,Kayla Thornton,Pts + Asts,Over,11.5,-116,55.20%,3.30%,LOSS,7.9,10,-5,53.70%,Tuesday,2026-06
2026-06-30,Kayla Thornton,Pts + Asts,Over,10.5,-128,58.40%,5.20%,WIN,10.8,19,3.91,56.10%,Tuesday,2026-06
2026-06-30,Kayla Thornton,Pts + Asts,Under,19.5,-108,56.00%,8.60%,LOSS,16,31,-5,51.90%,Tuesday,2026-06
2026-06-30,Kayla Thornton,Pts + Rebs,Under,27.5,-122,56.40%,3.20%,LOSS,26.1,36,-5,55.00%,Tuesday,2026-06
2026-06-30,Kayla Thornton,Pts + Rebs,Under,15.5,-108,45.10%,-14.10%,WIN,15.4,10,4.63,51.90%,Tuesday,2026-06
2026-06-30,Kayla Thornton,Pts + Rebs,Over,14.5,-109,55.70%,7.40%,WIN,17.8,21,4.59,52.20%,Tuesday,2026-06
2026-06-30,Kayla Thornton,Pts + Rebs,Under,23.5,-114,54.20%,2.00%,LOSS,22.6,33,-5,53.30%,Tuesday,2026-06
2026-06-30,Kayla Thornton,Pts + Rebs,Under,23.5,-130,54.40%,-4.90%,WIN,23,18,3.85,56.50%,Tuesday,2026-06
2026-06-30,Kayla Thornton,Pts + Rebs,Under,12.5,-114,55.60%,4.90%,WIN,9.5,10,4.39,53.30%,Tuesday,2026-06
2026-06-30,Kayla Thornton,Pts + Rebs,Under,15.5,-106,51.90%,0.90%,WIN,13.8,15,4.72,51.50%,Tuesday,2026-06
2026-06-30,Kayla Thornton,Pts + Rebs,Over,9.5,-136,57.90%,0.60%,WIN,9.4,20,3.68,57.60%,Tuesday,2026-06
2026-06-30,Kayla Thornton,Pts + Rebs,Under,18.5,-110,55.30%,6.10%,LOSS,16.2,31,-5,52.40%,Tuesday,2026-06
2026-06-30,Kayla Thornton,Rebs + Asts,Under,11.5,-118,61.90%,16.90%,LOSS,9.6,15,-5,54.10%,Tuesday,2026-06
2026-06-30,Kayla Thornton,Rebs + Asts,Over,10.5,-136,57.80%,0.40%,LOSS,11.6,10,-5,57.60%,Tuesday,2026-06
2026-06-30,Kayla Thornton,Rebs + Asts,Over,11.5,-138,52.90%,-12.10%,LOSS,11.7,9,-5,58.00%,Tuesday,2026-06
2026-06-30,Kayla Thornton,Rebs + Asts,Under,11.5,-125,61.10%,12.60%,LOSS,10,12,-5,55.60%,Tuesday,2026-06
2026-06-30,Kayla Thornton,Rebs + Asts,Over,4.5,118,54.20%,15.50%,WIN,4.7,10,5.9,45.90%,Tuesday,2026-06
2026-06-30,Kayla Thornton,Rebs + Asts,Over,6.5,-126,56.00%,0.60%,WIN,5.8,7,3.97,55.80%,Tuesday,2026-06
2026-06-30,Kayla Thornton,Rebs + Asts,Over,6.5,114,49.40%,5.10%,WIN,6.9,9,5.7,46.70%,Tuesday,2026-06
2026-06-30,Kayla Thornton,Rebs + Asts,Under,9.5,-120,55.60%,2.20%,LOSS,8.6,10,-5,54.50%,Tuesday,2026-06
2026-06-30,Kayla Thornton,Threes,Over,1.5,-198,58.50%,-23.70%,LOSS,1.9,1,-5,66.40%,Tuesday,2026-06
2026-06-30,Kayla Thornton,Threes,Over,1.5,-188,65.70%,1.30%,WIN,2.2,3,2.66,65.30%,Tuesday,2026-06
2026-06-30,Kayla Thornton,Threes,Over,1.5,-144,60.70%,4.10%,LOSS,2.2,1,-5,59.00%,Tuesday,2026-06
2026-06-30,Kayla Thornton,Threes,Over,1.5,-138,48.10%,-23.60%,LOSS,1.6,0,-5,58.00%,Tuesday,2026-06
2026-06-30,Kayla Thornton,Threes,Under,1.5,-102,54.10%,7.40%,WIN,1.5,0,4.9,50.50%,Tuesday,2026-06
2026-06-30,Kayla Thornton,Threes,Over,1.5,-114,54.00%,1.50%,LOSS,1.8,1,-5,53.30%,Tuesday,2026-06
2026-06-30,Kayla Thornton,Threes,Under,0.5,-156,53.40%,-19.30%,LOSS,0,1,-5,60.90%,Tuesday,2026-06
2026-06-30,Kayla Thornton,Threes,Under,2.5,-186,71.60%,18.70%,LOSS,1.2,5,-5,65.00%,Tuesday,2026-06
2026-07-02,Kayla Thornton,Assists,Over,2.5,-148,58.40%,-3.10%,LOSS,3.1,1,-5,59.70%,Thursday,2026-07
2026-07-02,Kayla Thornton,Assists,Under,2.5,-200,64.60%,-6.30%,WIN,1.7,1,2.5,66.70%,Thursday,2026-07
2026-07-02,Kayla Thornton,Assists,Over,2.5,-114,53.40%,0.30%,WIN,2.9,3,4.39,53.30%,Thursday,2026-07
2026-07-02,Kayla Thornton,Assists,Over,3.5,-172,63.30%,0.10%,WIN,4.3,5,2.91,63.20%,Thursday,2026-07
2026-07-02,Kayla Thornton,Assists,Over,4.5,-172,55.10%,-22.00%,LOSS,4.9,1,-5,63.20%,Thursday,2026-07
2026-07-02,Kayla Thornton,Assists,Over,6.5,120,47.20%,3.20%,WIN,7.6,7,6,45.50%,Thursday,2026-07
2026-07-02,Kayla Thornton,Assists,Under,4.5,108,49.10%,2.00%,LOSS,4.4,5,-5,48.10%,Thursday,2026-07
2026-07-02,Kayla Thornton,Assists,Under,2.5,104,50.10%,2.00%,WIN,2.3,2,5.2,49.00%,Thursday,2026-07
2026-07-02,Kayla Thornton,Assists,Under,4.5,-122,49.90%,-11.20%,WIN,4.5,2,4.1,55.00%,Thursday,2026-07
2026-07-02,Kayla Thornton,Assists,Over,5.5,-154,61.70%,2.80%,WIN,6.8,7,3.25,60.60%,Thursday,2026-07
2026-07-02,Kayla Thornton,Assists,Over,3.5,132,44.50%,2.40%,LOSS,2.9,3,-5,43.10%,Thursday,2026-07
2026-07-02,Kayla Thornton,Assists,Under,2.5,-104,51.50%,1.00%,LOSS,2.4,3,-5,51.00%,Thursday,2026-07
2026-07-02,Kayla Thornton,Points,Under,8.5,-130,58.20%,3.90%,LOSS,6.6,11,-5,56.50%,Thursday,2026-07
2026-07-02,Kayla Thornton,Points,Over,16.5,-120,58.10%,7.90%,WIN,19,17,4.17,54.50%,Thursday,2026-07
2026-07-02,Kayla Thornton,Points,Over,14.5,-122,51.70%,-7.30%,LOSS,16,13,-5,55.00%,Thursday,2026-07
2026-07-02,Kayla Thornton,Points,Under,13.5,-108,54.90%,6.10%,WIN,10.6,9,4.63,51.90%,Thursday,2026-07
2026-07-02,Kayla Thornton,Points,Over,11.5,-120,56.50%,4.30%,WIN,14,13,4.17,54.50%,Thursday,2026-07
2026-07-02,Kayla Thornton,Points,Over,14.5,-118,55.50%,3.10%,LOSS,16.8,4,-5,54.10%,Thursday,2026-07
2026-07-02,Kayla Thornton,Points,Under,11.5,-102,51.20%,1.30%,LOSS,10.4,13,-5,50.50%,Thursday,2026-07
2026-07-02,Kayla Thornton,Points,Over,7.5,-106,51.50%,0.10%,WIN,7.9,14,4.72,51.50%,Thursday,2026-07
2026-07-02,Kayla Thornton,Points,Under,11.5,-114,54.60%,2.80%,WIN,10,6,4.39,53.30%,Thursday,2026-07
2026-07-02,Kayla Thornton,Points,Under,8.5,-106,56.80%,11.10%,WIN,6.1,3,4.72,51.50%,Thursday,2026-07
2026-07-02,Kayla Thornton,Points,Under,18.5,-122,62.90%,17.70%,WIN,9.9,5,4.1,55.00%,Thursday,2026-07
2026-07-02,Kayla Thornton,Points,Over,12.5,-108,47.20%,-9.70%,LOSS,12.9,11,-5,51.90%,Thursday,2026-07
2026-07-02,Kayla Thornton,Points,Under,8.5,-125,60.00%,10.10%,LOSS,5.9,11,-5,55.60%,Thursday,2026-07
2026-07-02,Kayla Thornton,Points,Under,13.5,-113,55.50%,5.20%,LOSS,11.5,14,-5,53.10%,Thursday,2026-07
2026-07-02,Kayla Thornton,Points,Over,10.5,-120,55.40%,1.80%,LOSS,12.2,10,-5,54.50%,Thursday,2026-07
2026-07-02,Kayla Thornton,Points,Under,18.5,-104,57.60%,13.50%,LOSS,13.9,30,-5,51.00%,Thursday,2026-07
2026-07-02,Kayla Thornton,Points,Under,8.5,-114,55.70%,5.20%,WIN,6.5,8,4.39,53.30%,Thursday,2026-07
2026-07-02,Kayla Thornton,Points,Over,14.5,-110,53.00%,1.30%,LOSS,15,14,-5,52.40%,Thursday,2026-07
2026-07-02,Kayla Thornton,Points,Over,11.5,-120,52.00%,-5.60%,WIN,12,18,4.17,54.50%,Thursday,2026-07
2026-07-02,Kayla Thornton,Points,Under,8.5,-125,57.40%,4.20%,WIN,6.6,3,4,55.60%,Thursday,2026-07
2026-07-02,Kayla Thornton,Points,Under,15.5,-106,56.10%,9.70%,WIN,13.1,13,4.72,51.50%,Thursday,2026-07
2026-07-02,Kayla Thornton,Points,Over,9.5,-118,47.50%,-14.60%,WIN,9.6,11,4.24,54.10%,Thursday,2026-07
2026-07-02,Kayla Thornton,Points,Over,20.5,-106,48.80%,-5.40%,WIN,21.2,25,4.72,51.50%,Thursday,2026-07
2026-07-02,Kayla Thornton,Points,Over,18.5,100,52.70%,5.50%,WIN,21.5,20,5,50.00%,Thursday,2026-07
2026-07-02,Kayla Thornton,Points,Under,12.5,-104,52.80%,3.60%,LOSS,11.9,21,-5,51.00%,Thursday,2026-07
2026-07-02,Kayla Thornton,Points,Under,11.5,-106,58.40%,14.30%,LOSS,6.6,18,-5,51.50%,Thursday,2026-07
2026-07-02,Kayla Thornton,Pts + Asts,Over,19.5,-132,59.10%,5.10%,WIN,22.1,20,3.79,56.90%,Thursday,2026-07
2026-07-02,Kayla Thornton,Pts + Asts,Over,16.5,-132,58.00%,2.50%,LOSS,19.4,16,-5,56.90%,Thursday,2026-07
2026-07-02,Kayla Thornton,Pts + Asts,Under,16.5,-106,54.20%,5.70%,WIN,14.9,10,4.72,51.50%,Thursday,2026-07
2026-07-02,Kayla Thornton,Pts + Asts,Over,16.5,-130,57.70%,2.80%,LOSS,19.4,9,-5,56.50%,Thursday,2026-07
2026-07-02,Kayla Thornton,Pts + Asts,Under,13.5,-132,56.30%,-1.40%,LOSS,11.4,14,-5,56.90%,Thursday,2026-07
2026-07-02,Kayla Thornton,Pts + Asts,Under,19.5,-102,57.20%,13.60%,WIN,11.6,6,4.9,50.50%,Thursday,2026-07
2026-07-02,Kayla Thornton,Pts + Asts,Under,15.5,-130,56.70%,0.30%,WIN,15.1,14,3.85,56.50%,Thursday,2026-07
2026-07-02,Kayla Thornton,Pts + Asts,Under,12.5,-118,46.60%,-16.40%,LOSS,10.5,16,-5,54.10%,Thursday,2026-07
2026-07-02,Kayla Thornton,Pts + Asts,Under,18.5,-106,53.10%,3.50%,WIN,17.3,15,4.72,51.50%,Thursday,2026-07
2026-07-02,Kayla Thornton,Pts + Asts,Over,17.5,-136,58.00%,0.80%,LOSS,19.1,17,-5,57.60%,Thursday,2026-07
2026-07-02,Kayla Thornton,Pts + Asts,Under,20.5,-112,56.40%,7.60%,LOSS,16.8,33,-5,52.80%,Thursday,2026-07
2026-07-02,Kayla Thornton,Pts + Asts,Over,16.5,-102,47.00%,-7.00%,LOSS,16.6,16,-5,50.50%,Thursday,2026-07
2026-07-02,Kayla Thornton,Pts + Asts,Under,16.5,-106,52.90%,2.90%,LOSS,16,23,-5,51.50%,Thursday,2026-07
2026-07-02,Kayla Thornton,Pts + Asts,Under,11.5,-128,46.90%,-21.00%,WIN,8.9,5,3.91,56.10%,Thursday,2026-07
2026-07-02,Kelsey Mitchell,Pts + Asts,Under,20.5,-114,56.50%,6.90%,WIN,17.2,15,4.39,53.30%,Thursday,2026-07
2026-07-02,Kelsey Mitchell,Pts + Asts,Under,11.5,-120,45.80%,-19.20%,LOSS,10.6,12,-5,54.50%,Thursday,2026-07
2026-07-02,Kelsey Mitchell,Pts + Asts,Under,26.5,-114,55.10%,3.80%,LOSS,26.6,32,-5,53.30%,Thursday,2026-07
2026-07-02,Kelsey Mitchell,Pts + Asts,Over,21.5,-108,55.10%,6.50%,WIN,25.6,27,4.63,51.90%,Thursday,2026-07
2026-07-02,Kelsey Mitchell,Pts + Asts,Under,15.5,-108,53.20%,2.60%,LOSS,14.9,24,-5,51.90%,Thursday,2026-07
2026-07-02,Kelsey Mitchell,Pts + Rebs,Under,11.5,-110,53.80%,2.90%,LOSS,10.1,14,-5,52.40%,Thursday,2026-07
2026-07-02,Kelsey Mitchell,Pts + Rebs,Over,19.5,-125,58.20%,5.90%,WIN,23.4,21,4,55.60%,Thursday,2026-07
2026-07-02,Kelsey Mitchell,Pts + Rebs,Over,26.5,-102,51.00%,1.10%,LOSS,28.5,26,-5,50.50%,Thursday,2026-07
2026-07-02,Kelsey Mitchell,Pts + Rebs,Under,17.5,-130,57.50%,2.20%,WIN,14.3,11,3.85,56.50%,Thursday,2026-07
2026-07-02,Kelsey Mitchell,Pts + Rebs,Over,17.5,-102,52.60%,4.20%,WIN,18.9,19,4.9,50.50%,Thursday,2026-07
2026-07-02,Kelsey Mitchell,Pts + Rebs,Over,17.5,-102,52.40%,3.80%,LOSS,20.1,8,-5,50.50%,Thursday,2026-07
2026-07-02,Kelsey Mitchell,Pts + Rebs,Under,16.5,-120,51.80%,-6.10%,LOSS,15.7,24,-5,54.50%,Thursday,2026-07
2026-07-02,Kelsey Mitchell,Pts + Rebs,Under,18.5,-122,59.10%,9.20%,WIN,13.7,14,4.1,55.00%,Thursday,2026-07
2026-07-02,Kelsey Mitchell,Pts + Rebs,Under,27.5,-118,63.50%,20.50%,WIN,15.1,11,4.24,54.10%,Thursday,2026-07
2026-07-02,Kelsey Mitchell,Pts + Rebs,Over,17.5,-112,54.80%,4.10%,LOSS,18.5,14,-5,52.80%,Thursday,2026-07
2026-07-02,Kelsey Mitchell,Pts + Rebs,Under,10.5,-132,51.50%,-12.60%,LOSS,9.4,15,-5,56.90%,Thursday,2026-07
2026-07-02,Kelsey Mitchell,Pts + Rebs,Under,25.5,-104,55.70%,9.50%,WIN,21.3,20,4.81,51.00%,Thursday,2026-07
2026-07-02,Kelsey Mitchell,Pts + Rebs,Over,14.5,-102,52.20%,3.40%,LOSS,15.2,13,-5,50.50%,Thursday,2026-07
2026-07-02,Kelsey Mitchell,Pts + Rebs,Under,22.5,-106,56.30%,10.10%,LOSS,18.3,37,-5,51.50%,Thursday,2026-07
2026-07-02,Kelsey Mitchell,Pts + Rebs,Under,11.5,-102,52.30%,3.70%,WIN,9.8,10,4.9,50.50%,Thursday,2026-07
2026-07-02,Kelsey Mitchell,Pts + Rebs,Over,22.5,-125,55.70%,0.20%,WIN,24,24,4,55.60%,Thursday,2026-07
2026-07-02,Kelsey Mitchell,Pts + Rebs,Under,19.5,-122,57.00%,4.40%,WIN,15.3,17,4.1,55.00%,Thursday,2026-07
2026-07-02,Kelsey Mitchell,Pts + Rebs,Under,16.5,-120,53.10%,-3.20%,LOSS,14.7,19,-5,54.50%,Thursday,2026-07
2026-07-02,Kelsey Mitchell,Pts + Rebs,Under,24.5,-128,56.10%,0.00%,LOSS,24.3,32,-5,56.10%,Thursday,2026-07
2026-07-02,Kelsey Mitchell,Pts + Rebs,Over,21.5,-120,56.20%,3.60%,WIN,23.9,26,4.17,54.50%,Thursday,2026-07
2026-07-02,Kelsey Mitchell,Pts + Rebs,Under,21.5,-130,57.40%,1.90%,LOSS,20.1,30,-5,56.50%,Thursday,2026-07
2026-07-02,Kelsey Mitchell,Pts + Rebs,Under,17.5,-120,60.60%,13.40%,LOSS,9,20,-5,54.50%,Thursday,2026-07
2026-07-02,Kelsey Mitchell,Rebs + Asts,Over,5.5,118,51.90%,11.10%,WIN,5.8,7,5.9,45.90%,Thursday,2026-07
2026-07-02,Kelsey Mitchell,Rebs + Asts,Over,14.5,-108,55.80%,8.20%,WIN,16.4,16,4.63,51.90%,Thursday,2026-07
2026-07-02,Kelsey Mitchell,Rebs + Asts,Under,6.5,-144,49.60%,-23.00%,WIN,6.4,3,3.47,59.00%,Thursday,2026-07
2026-07-02,Kelsey Mitchell,Rebs + Asts,Over,6.5,-124,55.70%,0.80%,WIN,6.1,12,4.03,55.40%,Thursday,2026-07
2026-07-02,Kelsey Mitchell,Rebs + Asts,Under,10.5,-108,62.50%,22.00%,WIN,6,7,4.63,51.90%,Thursday,2026-07
2026-07-02,Kelsey Mitchell,Rebs + Asts,Over,7.5,-125,60.00%,10.00%,LOSS,8.5,6,-5,55.60%,Thursday,2026-07
2026-07-02,Kelsey Mitchell,Rebs + Asts,Under,16.5,-128,54.90%,-2.80%,WIN,15.9,7,3.91,56.10%,Thursday,2026-07
2026-07-02,Kelsey Mitchell,Rebs + Asts,Over,9.5,-108,53.50%,3.20%,WIN,10.5,10,4.63,51.90%,Thursday,2026-07
2026-07-02,Kelsey Mitchell,Rebs + Asts,Under,5.5,-132,45.10%,-27.30%,LOSS,4.1,10,-5,56.90%,Thursday,2026-07
2026-07-02,Kelsey Mitchell,Rebs + Asts,Over,9.5,-140,49.30%,-21.70%,WIN,9.8,12,3.57,58.30%,Thursday,2026-07
2026-07-02,Kelsey Mitchell,Rebs + Asts,Under,8.5,-144,63.40%,10.60%,LOSS,6.6,9,-5,59.00%,Thursday,2026-07
2026-07-02,Kelsey Mitchell,Rebs + Asts,Over,9.5,-132,49.70%,-16.60%,WIN,10,14,3.79,56.90%,Thursday,2026-07
2026-07-02,Kelsey Mitchell,Rebs + Asts,Over,6.5,-138,61.90%,9.40%,LOSS,7.5,5,-5,58.00%,Thursday,2026-07
2026-07-02,Kelsey Mitchell,Rebs + Asts,Over,10.5,-130,54.00%,-5.90%,WIN,11,12,3.85,56.50%,Thursday,2026-07
2026-07-02,Kelsey Mitchell,Threes,Over,1.5,-154,62.40%,4.40%,LOSS,2.2,0,-5,60.60%,Thursday,2026-07
2026-07-02,Kelsey Mitchell,Threes,Over,1.5,-114,47.10%,-13.20%,WIN,1.6,3,4.39,53.30%,Thursday,2026-07
2026-07-02,Kelsey Mitchell,Threes,Over,1.5,116,56.30%,18.60%,LOSS,2.5,1,-5,46.30%,Thursday,2026-07
2026-07-02,Kelsey Mitchell,Threes,Over,1.5,-160,63.10%,4.00%,LOSS,2.2,0,-5,61.50%,Thursday,2026-07
2026-07-02,Kelsey Mitchell,Threes,Under,1.5,-172,67.10%,10.60%,WIN,0.93,0,2.91,63.20%,Thursday,2026-07
2026-07-02,Kelsey Mitchell,Threes,Under,1.5,-260,72.80%,2.10%,WIN,0.91,0,1.92,72.20%,Thursday,2026-07
2026-07-02,Kelsey Mitchell,Threes,Over,1.5,116,48.40%,3.90%,WIN,1.7,2,5.8,46.30%,Thursday,2026-07
2026-07-02,Kelsey Mitchell,Threes,Over,0.5,-205,59.10%,-24.90%,LOSS,0.94,0,-5,67.20%,Thursday,2026-07
2026-07-02,Kelsey Mitchell,Threes,Under,1.5,114,60.20%,25.30%,LOSS,0.61,2,-5,46.70%,Thursday,2026-07
2026-07-02,Kelsey Mitchell,Threes,Under,1.5,-245,60.80%,-35.30%,WIN,1.4,0,2.04,71.00%,Thursday,2026-07
2026-07-02,Kelsey Mitchell,Threes,Under,1.5,-225,71.10%,6.10%,LOSS,0.89,2,-5,69.20%,Thursday,2026-07
2026-07-02,Kelsey Mitchell,Threes,Under,2.5,-188,71.60%,18.10%,WIN,1.6,1,2.66,65.30%,Thursday,2026-07
2026-07-02,Kelsey Mitchell,Threes,Over,1.5,-132,58.50%,3.70%,WIN,2.1,2,3.79,56.90%,Thursday,2026-07
2026-07-02,Kelsey Mitchell,Threes,Over,2.5,-166,75.60%,35.20%,WIN,5.3,5,3.01,62.40%,Thursday,2026-07
2026-07-03,Kelsey Mitchell,Assists,Under,3.5,-154,62.60%,4.90%,WIN,2.5,0,3.25,60.60%,Friday,2026-07
2026-07-03,Kelsey Mitchell,Assists,Under,7.5,-158,61.40%,0.50%,WIN,7.4,6,3.16,61.20%,Friday,2026-07
2026-07-03,Kelsey Mitchell,Assists,Over,3.5,-144,65.30%,15.30%,LOSS,7.7,3,-5,59.00%,Friday,2026-07
2026-07-03,Kelsey Mitchell,Assists,Under,4.5,-148,56.30%,-8.40%,WIN,4.3,3,3.38,59.70%,Friday,2026-07
2026-07-03,Kelsey Mitchell,Assists,Over,6.5,104,49.80%,1.60%,LOSS,7.4,5,-5,49.00%,Friday,2026-07
2026-07-03,Kelsey Mitchell,Assists,Under,2.5,106,49.50%,1.90%,LOSS,2.3,5,-5,48.50%,Friday,2026-07
2026-07-03,Kelsey Mitchell,Assists,Under,2.5,-181,55.90%,-23.90%,LOSS,2.5,4,-5,64.40%,Friday,2026-07
2026-07-03,Kelsey Mitchell,Assists,Over,2.5,102,50.00%,1.00%,LOSS,2.7,1,-5,49.50%,Friday,2026-07
2026-07-03,Kelsey Mitchell,Assists,Under,2.5,118,47.10%,2.30%,WIN,2.5,2,5.9,45.90%,Friday,2026-07
2026-07-03,Kelsey Mitchell,Assists,Over,5.5,-122,56.20%,2.70%,LOSS,6.5,5,-5,55.00%,Friday,2026-07
2026-07-03,Kelsey Mitchell,Assists,Over,3.5,-125,56.80%,2.70%,WIN,4.2,6,4,55.60%,Friday,2026-07
2026-07-03,Kelsey Mitchell,Assists,Over,4.5,114,47.40%,1.30%,WIN,4.6,6,5.7,46.70%,Friday,2026-07
2026-07-03,Kelsey Mitchell,Assists,Over,4.5,-130,58.30%,4.10%,LOSS,5.7,4,-5,56.50%,Friday,2026-07
2026-07-03,Kelsey Mitchell,Points,Under,10.5,100,51.60%,3.20%,LOSS,9.9,11,-5,50.00%,Friday,2026-07
2026-07-03,Kelsey Mitchell,Points,Over,18.5,-130,53.00%,-8.20%,WIN,18.9,36,3.85,56.50%,Friday,2026-07
2026-07-03,Kelsey Mitchell,Points,Under,13.5,-110,57.10%,10.00%,LOSS,10,18,-5,52.40%,Friday,2026-07
2026-07-03,Kelsey Mitchell,Points,Over,13.5,-114,54.40%,2.50%,LOSS,15.4,4,-5,53.30%,Friday,2026-07
2026-07-03,Kelsey Mitchell,Points,Over,5.5,-118,62.50%,18.20%,WIN,12.1,11,4.24,54.10%,Friday,2026-07
2026-07-03,Kelsey Mitchell,Points,Under,15.5,-120,58.20%,8.10%,LOSS,12.8,16,-5,54.50%,Friday,2026-07
2026-07-03,Kelsey Mitchell,Points,Under,7.5,-128,56.90%,1.70%,WIN,6.3,2,3.91,56.10%,Friday,2026-07
2026-07-03,Kelsey Mitchell,Points,Under,19.5,-130,59.40%,6.60%,WIN,17.6,16,3.85,56.50%,Friday,2026-07
2026-07-03,Kelsey Mitchell,Points,Over,7.5,-117,56.50%,5.60%,WIN,10.2,19,4.27,53.90%,Friday,2026-07
2026-07-03,Kelsey Mitchell,Points,Under,14.5,-110,56.70%,9.00%,WIN,12,14,4.55,52.40%,Friday,2026-07
2026-07-03,Kelsey Mitchell,Points,Under,13.5,-132,55.40%,-3.50%,LOSS,13.2,16,-5,56.90%,Friday,2026-07
2026-07-03,Kelsey Mitchell,Points,Under,15.5,-132,60.10%,7.50%,LOSS,12.3,18,-5,56.90%,Friday,2026-07
2026-07-03,Kelsey Mitchell,Points,Under,8.5,-114,58.30%,10.70%,LOSS,4.8,13,-5,53.30%,Friday,2026-07
2026-07-03,Kelsey Mitchell,Points,Under,7.5,-120,53.10%,-3.20%,WIN,7.5,0,4.17,54.50%,Friday,2026-07
2026-07-03,Kelsey Mitchell,Points,Under,12.5,-128,61.60%,12.40%,LOSS,7.9,29,-5,56.10%,Friday,2026-07
2026-07-03,Kelsey Mitchell,Points,Over,6.5,-115,57.80%,9.20%,WIN,10.1,15,4.35,53.50%,Friday,2026-07
2026-07-03,Kelsey Mitchell,Points,Under,15.5,-104,53.80%,5.80%,WIN,13.8,7,4.81,51.00%,Friday,2026-07
2026-07-03,Kelsey Mitchell,Points,Under,8.5,-110,57.60%,10.90%,WIN,5.7,7,4.55,52.40%,Friday,2026-07
2026-07-03,Kelsey Mitchell,Points,Over,18.5,-118,53.20%,-2.10%,LOSS,19.4,14,-5,54.10%,Friday,2026-07
2026-07-03,Kelsey Mitchell,Points,Under,7.5,-106,51.80%,0.80%,LOSS,7.5,14,-5,51.50%,Friday,2026-07
2026-07-03,Kelsey Mitchell,Points,Under,14.5,-106,56.20%,9.80%,LOSS,12,17,-5,51.50%,Friday,2026-07
2026-07-03,Kelsey Mitchell,Points,Under,14.5,-122,54.90%,-0.20%,LOSS,14.3,19,-5,55.00%,Friday,2026-07
2026-07-03,Kelsey Mitchell,Points,Over,14.5,-115,50.40%,-6.70%,LOSS,15.9,6,-5,53.50%,Friday,2026-07
2026-07-03,Kelsey Mitchell,Pts + Asts,Under,13.5,-112,51.20%,-3.50%,WIN,12.9,11,4.46,52.80%,Friday,2026-07
2026-07-03,Kelsey Mitchell,Pts + Asts,Under,22.5,-118,54.40%,0.60%,LOSS,21.8,26,-5,54.10%,Friday,2026-07
2026-07-03,Kelsey Mitchell,Pts + Asts,Under,21.5,-132,60.40%,8.00%,LOSS,17.4,24,-5,56.90%,Friday,2026-07
2026-07-03,Kelsey Mitchell,Pts + Asts,Over,9.5,-132,62.70%,13.50%,WIN,16.5,14,3.79,56.90%,Friday,2026-07
2026-07-03,Kelsey Mitchell,Pts + Asts,Under,19.5,-110,54.20%,3.70%,WIN,18.4,19,4.55,52.40%,Friday,2026-07
2026-07-03,Kelsey Mitchell,Pts + Asts,Over,25.5,-114,46.00%,-15.60%,LOSS,25.9,21,-5,53.30%,Friday,2026-07
2026-07-03,Kelsey Mitchell,Pts + Asts,Under,17.5,-112,56.10%,6.80%,LOSS,14.3,19,-5,52.80%,Friday,2026-07
2026-07-03,Kelsey Mitchell,Pts + Asts,Over,15.5,-112,45.80%,-14.90%,WIN,15.7,20,4.46,52.80%,Friday,2026-07
2026-07-03,Kelsey Mitchell,Pts + Asts,Under,17.5,-117,55.90%,4.30%,LOSS,15.9,19,-5,53.90%,Friday,2026-07
2026-07-03,Kelsey Mitchell,Pts + Asts,Under,10.5,-130,46.00%,-24.10%,LOSS,6.7,17,-5,56.50%,Friday,2026-07
2026-07-03,Kelsey Mitchell,Pts + Asts,Under,13.5,-117,51.20%,-5.90%,LOSS,8.8,30,-5,53.90%,Friday,2026-07
2026-07-03,Kelsey Mitchell,Pts + Asts,Over,10.5,-101,55.20%,9.90%,WIN,14.3,20,4.95,50.20%,Friday,2026-07
2026-07-03,Kelsey Mitchell,Pts + Asts,Under,18.5,-111,56.60%,8.40%,WIN,16,9,4.5,52.60%,Friday,2026-07
2026-07-03,Kelsey Mitchell,Pts + Asts,Under,11.5,-136,48.10%,-22.50%,WIN,8.3,10,3.68,57.60%,Friday,2026-07
2026-07-03,Kelsey Plum,Pts + Asts,Over,24.5,-118,48.50%,-12.20%,LOSS,26.1,19,-5,54.10%,Friday,2026-07
2026-07-03,Kelsey Plum,Pts + Asts,Over,11.5,-114,54.90%,3.40%,WIN,12.2,20,4.39,53.30%,Friday,2026-07
2026-07-03,Kelsey Plum,Pts + Asts,Under,19.5,-125,58.80%,7.30%,LOSS,16.1,23,-5,55.60%,Friday,2026-07
2026-07-03,Kelsey Plum,Pts + Asts,Over,19.5,-104,51.50%,1.00%,WIN,20,23,4.81,51.00%,Friday,2026-07
2026-07-03,Kelsey Plum,Pts + Asts,Over,16.5,-118,47.10%,-15.20%,LOSS,16.6,7,-5,54.10%,Friday,2026-07
2026-07-03,Kelsey Plum,Pts + Rebs,Under,18.5,-120,56.80%,5.00%,WIN,16.4,13,4.17,54.50%,Friday,2026-07
2026-07-03,Kelsey Plum,Pts + Rebs,Under,27.5,-112,54.00%,2.40%,LOSS,26.6,43,-5,52.80%,Friday,2026-07
2026-07-03,Kelsey Plum,Pts + Rebs,Under,18.5,-118,56.60%,5.40%,LOSS,14.9,22,-5,54.10%,Friday,2026-07
2026-07-03,Kelsey Plum,Pts + Rebs,Under,20.5,-112,55.10%,4.70%,LOSS,18.4,21,-5,52.80%,Friday,2026-07
2026-07-03,Kelsey Plum,Pts + Rebs,Under,10.5,-106,51.50%,0.00%,WIN,10,4,4.72,51.50%,Friday,2026-07
2026-07-03,Kelsey Plum,Pts + Rebs,Under,24.5,-114,54.80%,3.40%,WIN,23.1,22,4.39,53.30%,Friday,2026-07
2026-07-03,Kelsey Plum,Pts + Rebs,Under,23.5,-112,56.30%,7.50%,LOSS,20.8,29,-5,52.80%,Friday,2026-07
2026-07-03,Kelsey Plum,Pts + Rebs,Over,21.5,-112,53.10%,0.50%,WIN,22.3,26,4.46,52.80%,Friday,2026-07
2026-07-03,Kelsey Plum,Pts + Rebs,Under,18.5,-118,56.40%,4.90%,LOSS,16.7,19,-5,54.10%,Friday,2026-07
2026-07-03,Kelsey Plum,Pts + Rebs,Under,11.5,-130,57.00%,1.00%,LOSS,8.9,16,-5,56.50%,Friday,2026-07
2026-07-03,Kelsey Plum,Pts + Rebs,Under,19.5,-125,59.50%,8.80%,LOSS,14.7,37,-5,55.60%,Friday,2026-07
2026-07-03,Kelsey Plum,Pts + Rebs,Over,9.5,-114,57.40%,8.80%,WIN,12.7,18,4.39,53.30%,Friday,2026-07
2026-07-03,Kelsey Plum,Pts + Rebs,Under,23.5,-102,54.00%,7.00%,WIN,21.6,13,4.9,50.50%,Friday,2026-07
2026-07-03,Kelsey Plum,Pts + Rebs,Under,15.5,-130,58.30%,4.00%,WIN,12.2,12,3.85,56.50%,Friday,2026-07
2026-07-03,Kelsey Plum,Pts + Rebs,Over,23.5,-114,54.90%,3.50%,LOSS,25.8,19,-5,53.30%,Friday,2026-07
2026-07-03,Kelsey Plum,Pts + Rebs,Under,10.5,-112,51.50%,-2.90%,LOSS,9.9,16,-5,52.80%,Friday,2026-07
2026-07-03,Kelsey Plum,Pts + Rebs,Under,18.5,-104,54.10%,6.40%,LOSS,16.1,19,-5,51.00%,Friday,2026-07
2026-07-03,Kelsey Plum,Pts + Rebs,Over,17.5,-104,51.70%,1.50%,WIN,17.7,20,4.81,51.00%,Friday,2026-07
2026-07-03,Kelsey Plum,Pts + Rebs,Over,15.5,-129,54.30%,-4.60%,LOSS,16.7,7,-5,56.30%,Friday,2026-07
2026-07-03,Kelsey Plum,Rebs + Asts,Under,9.5,-104,52.80%,3.70%,WIN,8.5,2,4.81,51.00%,Friday,2026-07
2026-07-03,Kelsey Plum,Rebs + Asts,Under,11.5,100,58.80%,17.60%,WIN,9.6,7,5,50.00%,Friday,2026-07
2026-07-03,Kelsey Plum,Rebs + Asts,Under,11.5,-106,51.60%,0.30%,WIN,11.3,10,4.72,51.50%,Friday,2026-07
2026-07-03,Kelsey Plum,Rebs + Asts,Under,9.5,-125,57.10%,3.60%,WIN,9.5,8,4,55.60%,Friday,2026-07
2026-07-03,Kelsey Plum,Rebs + Asts,Over,11.5,-132,52.20%,-10.90%,LOSS,11.6,11,-5,56.90%,Friday,2026-07
2026-07-03,Kelsey Plum,Rebs + Asts,Under,11.5,-118,61.90%,16.60%,LOSS,9.8,20,-5,54.10%,Friday,2026-07
2026-07-03,Kelsey Plum,Rebs + Asts,Under,10.5,-125,54.90%,-1.40%,LOSS,10.4,14,-5,55.60%,Friday,2026-07
2026-07-03,Kelsey Plum,Rebs + Asts,Under,8.5,-128,61.30%,11.70%,LOSS,6.2,9,-5,56.10%,Friday,2026-07
2026-07-03,Kelsey Plum,Rebs + Asts,Over,6.5,105,55.70%,13.50%,WIN,7.8,8,5.25,48.80%,Friday,2026-07
2026-07-03,Kelsey Plum,Rebs + Asts,Under,10.5,101,56.10%,12.70%,WIN,9,8,5.05,49.80%,Friday,2026-07
2026-07-03,Kelsey Plum,Rebs + Asts,Under,8.5,-110,54.00%,3.30%,WIN,7.6,8,4.55,52.40%,Friday,2026-07
2026-07-03,Kelsey Plum,Rebs + Asts,Over,10.5,-102,46.40%,-8.30%,LOSS,10.5,10,-5,50.50%,Friday,2026-07
2026-07-03,Kelsey Plum,Rebs + Asts,Over,6.5,-106,52.90%,2.90%,WIN,6.6,8,4.72,51.50%,Friday,2026-07
2026-07-03,Kelsey Plum,Rebs + Asts,Over,8.5,-106,53.50%,4.20%,LOSS,8.6,8,-5,51.50%,Friday,2026-07
2026-07-03,Kelsey Plum,Rebs + Asts,Over,7.5,-114,58.00%,10.10%,LOSS,8.7,5,-5,53.30%,Friday,2026-07
2026-07-03,Kelsey Plum,Threes,Under,1.5,-188,57.50%,-22.40%,WIN,1.2,0,2.66,65.30%,Friday,2026-07
2026-07-03,Kelsey Plum,Threes,Under,0.5,118,48.90%,5.60%,LOSS,0.35,2,-5,45.90%,Friday,2026-07
2026-07-03,Kelsey Plum,Threes,Under,2.5,-174,65.30%,5.00%,WIN,1.9,0,2.87,63.50%,Friday,2026-07
2026-07-03,Kelsey Plum,Threes,Over,0.5,-205,63.80%,-10.50%,LOSS,1,0,-5,67.20%,Friday,2026-07
2026-07-03,Kelsey Plum,Threes,Under,1.5,-220,59.80%,-28.60%,LOSS,1.4,2,-5,68.80%,Friday,2026-07
2026-07-03,Kelsey Plum,Threes,Under,2.5,-152,61.40%,2.70%,WIN,2.2,0,3.29,60.30%,Friday,2026-07
2026-07-03,Kelsey Plum,Threes,Over,1.5,-138,57.30%,-1.70%,WIN,2,3,3.62,58.00%,Friday,2026-07
2026-07-03,Kelsey Plum,Threes,Over,1.5,-130,45.70%,-24.80%,WIN,1.5,2,3.85,56.50%,Friday,2026-07
2026-07-03,Kelsey Plum,Threes,Over,1.5,-174,58.00%,-15.10%,WIN,2,4,2.87,63.50%,Friday,2026-07
2026-07-03,Kelsey Plum,Threes,Under,1.5,-136,58.10%,1.20%,LOSS,1.6,3,-5,57.60%,Friday,2026-07
2026-07-03,Kelsey Plum,Threes,Over,1.5,-119,55.60%,2.80%,LOSS,2,0,-5,54.30%,Friday,2026-07
2026-07-03,Kelsey Plum,Threes,Under,1.5,-158,53.40%,-20.30%,WIN,1.3,1,3.16,61.20%,Friday,2026-07
2026-07-03,Kelsey Plum,Threes,Under,1.5,-220,59.90%,-28.30%,WIN,1.4,0,2.27,68.80%,Friday,2026-07
2026-07-03,Kelsey Plum,Threes,Under,2.5,-188,72.90%,22.00%,LOSS,1.4,3,-5,65.30%,Friday,2026-07
2026-07-03,Kelsey Plum,Threes,Over,1.5,118,50.00%,7.70%,WIN,1.9,2,5.9,45.90%,Friday,2026-07
2026-07-03,Kelsey Plum,Threes,Over,1.5,-174,67.90%,12.00%,LOSS,2.7,1,-5,63.50%,Friday,2026-07
2026-07-04,Kelsey Plum,Assists,Under,2.5,-144,60.10%,2.70%,LOSS,2.1,3,-5,59.00%,Saturday,2026-07
2026-07-04,Kelsey Plum,Assists,Over,2.5,-108,52.50%,1.10%,WIN,2.9,3,4.63,51.90%,Saturday,2026-07
2026-07-04,Kelsey Plum,Assists,Under,6.5,-130,59.90%,7.70%,WIN,5.4,4,3.85,56.50%,Saturday,2026-07
2026-07-04,Kelsey Plum,Assists,Over,2.5,-122,50.60%,-9.80%,LOSS,2.6,2,-5,55.00%,Saturday,2026-07
2026-07-04,Kelsey Plum,Assists,Over,5.5,-144,60.40%,3.40%,WIN,6.8,8,3.47,59.00%,Saturday,2026-07
2026-07-04,Kelsey Plum,Assists,Under,4.5,-114,54.30%,2.20%,WIN,4.2,4,4.39,53.30%,Saturday,2026-07
2026-07-04,Kelsey Plum,Assists,Over,3.5,110,48.00%,0.70%,LOSS,3.7,3,-5,47.60%,Saturday,2026-07
2026-07-04,Kelsey Plum,Assists,Over,5.5,-120,57.10%,5.70%,LOSS,7,4,-5,54.50%,Saturday,2026-07
2026-07-04,Kennedy Burke,Points,Over,17.5,-125,49.00%,-14.80%,WIN,17.6,22,4,55.60%,Saturday,2026-07
2026-07-04,Kennedy Burke,Points,Over,13.5,-130,51.40%,-11.80%,WIN,13.8,17,3.85,56.50%,Saturday,2026-07
2026-07-04,Kennedy Burke,Points,Over,11.5,-114,55.60%,5.00%,WIN,13.5,12,4.39,53.30%,Saturday,2026-07
2026-07-04,Kennedy Burke,Points,Under,13.5,-122,59.10%,9.10%,LOSS,10,14,-5,55.00%,Saturday,2026-07
2026-07-04,Kennedy Burke,Points,Under,14.5,-114,56.30%,6.40%,LOSS,12.5,20,-5,53.30%,Saturday,2026-07
2026-07-04,Kennedy Burke,Points,Over,8.5,-128,53.20%,-6.60%,WIN,9.3,9,3.91,56.10%,Saturday,2026-07
2026-07-04,Kennedy Burke,Points,Under,18.5,-118,61.80%,16.80%,LOSS,10.4,22,-5,54.10%,Saturday,2026-07
2026-07-04,Kennedy Burke,Points,Over,12.5,-115,46.10%,-15.80%,LOSS,12.6,1,-5,53.50%,Saturday,2026-07
2026-07-04,Kennedy Burke,Points,Under,15.5,-106,49.40%,-4.30%,LOSS,14.9,19,-5,51.50%,Saturday,2026-07
2026-07-04,Kennedy Burke,Points,Over,9.5,-110,57.60%,11.00%,WIN,13.7,14,4.55,52.40%,Saturday,2026-07
2026-07-04,Kennedy Burke,Points,Over,10.5,-128,56.40%,0.50%,LOSS,11.5,7,-5,56.10%,Saturday,2026-07
2026-07-04,Kennedy Burke,Points,Over,8.5,-118,57.20%,6.60%,LOSS,10.8,2,-5,54.10%,Saturday,2026-07
2026-07-04,Kennedy Burke,Points,Under,12.5,-125,55.60%,0.10%,WIN,10.9,10,4,55.60%,Saturday,2026-07
2026-07-04,Kennedy Burke,Points,Under,15.5,-130,60.50%,9.10%,WIN,12.2,15,3.85,56.50%,Saturday,2026-07
2026-07-04,Kiah Stokes,Points,Over,17.5,100,54.80%,9.70%,WIN,21.5,19,5,50.00%,Saturday,2026-07
2026-07-04,Kiah Stokes,Points,Under,11.5,-130,58.00%,3.40%,WIN,9.7,4,3.85,56.50%,Saturday,2026-07
2026-07-04,Kiah Stokes,Points,Under,11.5,100,47.60%,-4.80%,LOSS,11.5,21,-5,50.00%,Saturday,2026-07
2026-07-04,Kiki Iriafen,Pts + Asts,Under,20.5,-118,54.80%,1.40%,LOSS,19.4,25,-5,54.10%,Saturday,2026-07
2026-07-04,Kiki Iriafen,Pts + Asts,Over,16.5,-118,51.30%,-6.20%,WIN,17.3,20,4.24,54.10%,Saturday,2026-07
2026-07-04,Kiki Iriafen,Pts + Asts,Under,21.5,-128,60.00%,8.70%,LOSS,16.9,24,-5,56.10%,Saturday,2026-07
2026-07-04,Kiki Iriafen,Pts + Asts,Under,18.5,-114,55.10%,3.90%,LOSS,16.8,21,-5,53.30%,Saturday,2026-07
2026-07-04,Kiki Iriafen,Pts + Asts,Over,16.5,-130,56.30%,-0.60%,LOSS,18.7,15,-5,56.50%,Saturday,2026-07
2026-07-04,Kiki Iriafen,Pts + Asts,Under,19.5,-104,54.30%,6.70%,WIN,16.8,19,4.81,51.00%,Saturday,2026-07
2026-07-04,Kiki Iriafen,Pts + Asts,Over,20.5,-114,57.10%,8.20%,WIN,25.1,22,4.39,53.30%,Saturday,2026-07
2026-07-04,Kiki Iriafen,Pts + Asts,Over,17.5,-128,52.60%,-8.10%,WIN,18.8,25,3.91,56.10%,Saturday,2026-07
2026-07-04,Kiki Iriafen,Pts + Rebs,Under,21.5,-128,57.10%,2.10%,LOSS,20.1,26,-5,56.10%,Saturday,2026-07
2026-07-04,Kiki Iriafen,Pts + Rebs,Over,25.5,-125,53.80%,-3.90%,WIN,26.3,30,4,55.60%,Saturday,2026-07
2026-07-04,Kiki Iriafen,Pts + Rebs,Over,16.5,-136,59.50%,4.30%,LOSS,18.8,15,-5,57.60%,Saturday,2026-07
2026-07-04,Kiki Iriafen,Pts + Rebs,Under,16.5,-102,51.60%,2.20%,LOSS,14.2,21,-5,50.50%,Saturday,2026-07
2026-07-04,Kiki Iriafen,Pts + Rebs,Under,17.5,-120,55.40%,1.90%,LOSS,14.9,23,-5,54.50%,Saturday,2026-07
2026-07-04,Kiki Iriafen,Pts + Rebs,Under,27.5,-114,62.70%,20.20%,WIN,15.3,27,4.39,53.30%,Saturday,2026-07
2026-07-04,Kiki Iriafen,Pts + Rebs,Under,18.5,-130,53.40%,-7.10%,WIN,17.6,9,3.85,56.50%,Saturday,2026-07
2026-07-04,Kiki Iriafen,Pts + Rebs,Under,19.5,-108,52.30%,0.90%,LOSS,18.7,20,-5,51.90%,Saturday,2026-07
2026-07-04,Kiki Iriafen,Pts + Rebs,Over,12.5,-128,60.90%,10.90%,WIN,17.5,16,3.91,56.10%,Saturday,2026-07
2026-07-04,Kiki Iriafen,Pts + Rebs,Over,14.5,-104,52.50%,3.00%,LOSS,14.8,11,-5,51.00%,Saturday,2026-07
2026-07-04,Kiki Iriafen,Pts + Rebs,Over,13.5,-125,57.10%,3.60%,LOSS,15.5,6,-5,55.60%,Saturday,2026-07
2026-07-04,Kiki Iriafen,Pts + Rebs,Under,15.5,-104,46.40%,-9.40%,LOSS,14.9,19,-5,51.00%,Saturday,2026-07
2026-07-04,Kiki Iriafen,Pts + Rebs,Under,17.5,-109,53.20%,2.30%,WIN,15.4,17,4.59,52.20%,Saturday,2026-07
2026-07-04,Kiki Iriafen,Pts + Rebs,Over,20.5,-130,58.20%,3.90%,WIN,23.8,24,3.85,56.50%,Saturday,2026-07
2026-07-04,Kiki Iriafen,Pts + Rebs,Under,15.5,-123,56.00%,1.90%,WIN,13.4,10,4.07,55.20%,Saturday,2026-07
2026-07-04,Kiki Iriafen,Pts + Rebs,Over,15.5,-108,52.70%,1.70%,WIN,17.1,22,4.63,51.90%,Saturday,2026-07
2026-07-04,Kiki Iriafen,Rebs + Asts,Over,5.5,-125,58.90%,7.60%,WIN,5.4,7,4,55.60%,Saturday,2026-07
2026-07-04,Kiki Iriafen,Rebs + Asts,Over,14.5,-110,54.90%,5.30%,WIN,15.9,16,4.55,52.40%,Saturday,2026-07
2026-07-04,Kiki Iriafen,Rebs + Asts,Under,8.5,-107,58.00%,13.10%,WIN,7,7,4.67,51.70%,Saturday,2026-07
2026-07-04,Kiki Iriafen,Rebs + Asts,Under,6.5,-114,45.80%,-16.00%,WIN,6.3,3,4.39,53.30%,Saturday,2026-07
2026-07-04,Kiki Iriafen,Rebs + Asts,Over,9.5,104,46.00%,-5.90%,WIN,9.9,12,5.2,49.00%,Saturday,2026-07
2026-07-04,Kiki Iriafen,Rebs + Asts,Under,7.5,-151,58.90%,-3.20%,WIN,6.5,6,3.31,60.20%,Saturday,2026-07
2026-07-04,Kiki Iriafen,Rebs + Asts,Over,7.5,-138,48.70%,-22.00%,LOSS,7.2,8,-5,58.00%,Saturday,2026-07
2026-07-04,Kiki Iriafen,Rebs + Asts,Over,8.5,-138,61.40%,8.10%,LOSS,10.7,5,-5,58.00%,Saturday,2026-07
2026-07-04,Kiki Iriafen,Threes,Under,1.5,124,50.80%,11.10%,WIN,1.2,1,6.2,44.60%,Saturday,2026-07
2026-07-04,Kiki Iriafen,Threes,Over,1.5,-114,55.60%,5.00%,WIN,2,2,4.39,53.30%,Saturday,2026-07
2026-07-04,Kiki Iriafen,Threes,Under,2.5,-146,57.30%,-5.10%,WIN,2.4,1,3.42,59.30%,Saturday,2026-07
2026-07-04,Kiki Iriafen,Threes,Over,0.5,-195,56.90%,-27.10%,LOSS,0.8,0,-5,66.10%,Saturday,2026-07
2026-07-04,Kiki Iriafen,Threes,Over,1.5,120,55.20%,18.00%,LOSS,2.4,1,-5,45.50%,Saturday,2026-07
2026-07-04,Kiki Iriafen,Threes,Under,1.5,-114,55.20%,4.00%,WIN,1.5,0,4.39,53.30%,Saturday,2026-07
2026-07-04,Kiki Iriafen,Threes,Over,1.5,-128,58.60%,5.60%,WIN,2.1,4,3.91,56.10%,Saturday,2026-07
2026-07-04,Kiki Iriafen,Threes,Under,1.5,-168,72.00%,24.90%,WIN,3.3,3,2.98,62.70%,Saturday,2026-07
2026-07-04,Kiki Iriafen,Threes,Under,1.5,-245,72.40%,4.70%,WIN,0.86,1,2.04,71.00%,Saturday,2026-07
2026-07-04,Kiki Iriafen,Threes,Over,1.5,114,56.00%,17.40%,LOSS,2.4,0,-5,46.70%,Saturday,2026-07
2026-07-04,Kiki Iriafen,Threes,Under,1.5,-146,63.50%,10.30%,WIN,1,1,3.42,59.30%,Saturday,2026-07
2026-07-04,Kiki Iriafen,Threes,Under,2.5,-215,73.70%,17.10%,WIN,1.4,2,2.33,68.30%,Saturday,2026-07
2026-07-04,Kiki Iriafen,Threes,Over,2.5,-132,70.00%,30.50%,WIN,4.6,4,3.79,56.90%,Saturday,2026-07
2026-07-04,Kiki Iriafen,Threes,Under,1.5,-136,58.00%,0.90%,WIN,1.5,0,3.68,57.60%,Saturday,2026-07
2026-07-04,Kiki Iriafen,Threes,Over,1.5,152,46.20%,10.80%,WIN,1.9,2,7.6,39.70%,Saturday,2026-07
2026-07-05,Kiki Iriafen,Assists,Under,3.5,-114,53.60%,0.70%,WIN,3.3,1,4.39,53.30%,Sunday,2026-07
2026-07-05,Kiki Iriafen,Assists,Over,2.5,-114,54.40%,2.40%,LOSS,3.1,2,-5,53.30%,Sunday,2026-07
2026-07-05,Kiki Iriafen,Assists,Over,6.5,-154,53.50%,-18.20%,LOSS,7.4,6,-5,60.60%,Sunday,2026-07
2026-07-05,Kiki Iriafen,Assists,Over,6.5,116,46.90%,1.20%,LOSS,7,4,-5,46.30%,Sunday,2026-07
2026-07-05,Kiki Iriafen,Assists,Under,5.5,-158,62.80%,4.00%,WIN,4.6,3,3.16,61.20%,Sunday,2026-07
2026-07-05,Kiki Iriafen,Assists,Over,3.5,134,44.00%,2.30%,LOSS,3.8,3,-5,42.70%,Sunday,2026-07
2026-07-05,Kiki Iriafen,Assists,Over,3.5,-172,61.40%,-5.00%,WIN,4.2,5,2.91,63.20%,Sunday,2026-07
2026-07-05,Kiki Iriafen,Assists,Over,6.5,106,48.70%,0.40%,WIN,7,7,5.3,48.50%,Sunday,2026-07
2026-07-05,Kiki Iriafen,Assists,Under,3.5,-192,66.40%,1.80%,WIN,2.7,2,2.6,65.80%,Sunday,2026-07
2026-07-05,Kiki Iriafen,Assists,Under,3.5,114,52.90%,11.60%,LOSS,1.5,5,-5,46.70%,Sunday,2026-07
2026-07-05,Kiki Iriafen,Points,Under,17.5,-108,53.80%,3.80%,LOSS,16.5,18,-5,51.90%,Sunday,2026-07
2026-07-05,Kiki Iriafen,Points,Under,12.5,-108,54.60%,5.60%,WIN,10.3,10,4.63,51.90%,Sunday,2026-07
2026-07-05,Kiki Iriafen,Points,Over,14.5,-110,52.90%,1.00%,WIN,15.2,17,4.55,52.40%,Sunday,2026-07
2026-07-05,Kiki Iriafen,Points,Under,14.5,-120,58.60%,8.80%,WIN,11.5,10,4.17,54.50%,Sunday,2026-07
2026-07-05,Kiki Iriafen,Points,Under,8.5,-120,59.30%,10.40%,LOSS,4,9,-5,54.50%,Sunday,2026-07
2026-07-05,Kiki Iriafen,Points,Under,14.5,-135,64.00%,15.30%,WIN,8.5,13,3.7,57.40%,Sunday,2026-07
2026-07-05,Kiki Iriafen,Points,Under,20.5,-120,62.20%,16.80%,WIN,13.6,15,4.17,54.50%,Sunday,2026-07
2026-07-05,Kiki Iriafen,Points,Under,13.5,100,52.80%,5.70%,LOSS,10.8,14,-5,50.00%,Sunday,2026-07
2026-07-05,Kiki Iriafen,Points,Under,10.5,-114,55.60%,5.00%,LOSS,8.9,12,-5,53.30%,Sunday,2026-07
2026-07-05,Kiki Iriafen,Points,Under,23.5,-114,57.00%,7.90%,LOSS,21.4,27,-5,53.30%,Sunday,2026-07
2026-07-05,Kiki Iriafen,Points,Under,7.5,-102,54.60%,8.30%,LOSS,5.7,10,-5,50.50%,Sunday,2026-07
2026-07-05,Kiki Rice,Points,Under,10.5,-114,53.80%,1.20%,WIN,10.1,3,4.39,53.30%,Sunday,2026-07
2026-07-05,Kiki Rice,Points,Under,22.5,-104,54.70%,7.60%,WIN,18.8,19,4.81,51.00%,Sunday,2026-07
2026-07-05,Kiki Rice,Points,Under,8.5,-114,58.30%,10.70%,WIN,5.2,6,4.39,53.30%,Sunday,2026-07
2026-07-05,Kiki Rice,Points,Under,13.5,-120,62.30%,17.00%,WIN,7.1,9,4.17,54.50%,Sunday,2026-07
2026-07-05,Kiki Rice,Points,Under,11.5,-102,56.10%,11.30%,LOSS,7.8,14,-5,50.50%,Sunday,2026-07
2026-07-05,Kiki Rice,Points,Under,21.5,-115,55.10%,3.50%,LOSS,21,22,-5,53.50%,Sunday,2026-07
2026-07-05,Kiki Rice,Points,Under,7.5,-102,54.60%,8.30%,WIN,3.8,6,4.9,50.50%,Sunday,2026-07
2026-07-05,Kiki Rice,Points,Under,9.5,-106,53.50%,4.10%,WIN,8.3,9,4.72,51.50%,Sunday,2026-07
2026-07-05,Kiki Rice,Points,Under,7.5,-122,58.10%,7.00%,WIN,2.8,4,4.1,55.00%,Sunday,2026-07
2026-07-05,Kiki Rice,Pts + Asts,Under,21.5,-118,55.40%,2.90%,WIN,20.1,19,4.24,54.10%,Sunday,2026-07
2026-07-05,Kiki Rice,Pts + Asts,Under,15.5,-120,55.40%,1.80%,WIN,14.7,12,4.17,54.50%,Sunday,2026-07
2026-07-05,Kiki Rice,Pts + Asts,Under,21.5,-114,57.30%,8.60%,WIN,18,16,4.39,53.30%,Sunday,2026-07
2026-07-05,Kiki Rice,Pts + Asts,Under,26.5,-106,55.50%,8.30%,WIN,22.2,19,4.72,51.50%,Sunday,2026-07
2026-07-05,Kiki Rice,Pts + Asts,Under,19.5,-122,58.30%,7.40%,WIN,16.2,17,4.1,55.00%,Sunday,2026-07
2026-07-05,Kiki Rice,Pts + Asts,Under,26.5,-108,56.00%,8.40%,LOSS,24.3,30,-5,51.90%,Sunday,2026-07
2026-07-05,Kiki Rice,Pts + Asts,Under,27.5,-125,59.60%,9.00%,WIN,23,24,4,55.60%,Sunday,2026-07
2026-07-05,Kiki Rice,Pts + Asts,Under,27.5,-102,53.60%,6.30%,LOSS,26.5,29,-5,50.50%,Sunday,2026-07
2026-07-05,Laura Juskaite,Pts + Asts,Under,11.5,-132,47.70%,-21.30%,WIN,5,8,3.79,56.90%,Sunday,2026-07
2026-07-05,Laura Juskaite,Pts + Asts,Under,11.5,-128,46.90%,-21.00%,WIN,3.7,9,3.91,56.10%,Sunday,2026-07
2026-07-05,Laura Juskaite,Pts + Rebs,Under,26.5,-120,56.10%,3.50%,LOSS,25.1,28,-5,54.50%,Sunday,2026-07
2026-07-05,Laura Juskaite,Pts + Rebs,Under,15.5,-112,50.60%,-4.70%,LOSS,14.1,16,-5,52.80%,Sunday,2026-07
2026-07-05,Laura Juskaite,Pts + Rebs,Over,8.5,-125,57.80%,5.20%,WIN,6.8,16,4,55.60%,Sunday,2026-07
2026-07-05,Laura Juskaite,Pts + Rebs,Under,18.5,-110,55.10%,5.70%,WIN,15.2,14,4.55,52.40%,Sunday,2026-07
2026-07-05,Laura Juskaite,Pts + Rebs,Under,13.5,-118,56.70%,5.70%,WIN,7.7,9,4.24,54.10%,Sunday,2026-07
2026-07-05,Laura Juskaite,Pts + Rebs,Under,20.5,-122,62.00%,15.50%,WIN,12.5,18,4.1,55.00%,Sunday,2026-07
2026-07-05,Laura Juskaite,Pts + Rebs,Under,25.5,-104,57.40%,13.10%,WIN,20,17,4.81,51.00%,Sunday,2026-07
2026-07-05,Laura Juskaite,Pts + Rebs,Under,26.5,-128,62.40%,14.20%,LOSS,20.3,29,-5,56.10%,Sunday,2026-07
2026-07-05,Laura Juskaite,Pts + Rebs,Under,13.5,-108,51.00%,-2.00%,LOSS,12.6,15,-5,51.90%,Sunday,2026-07
2026-07-05,Laura Juskaite,Pts + Rebs,Under,25.5,-106,54.40%,6.10%,LOSS,23.7,29,-5,51.50%,Sunday,2026-07
2026-07-05,Laura Juskaite,Pts + Rebs,Under,11.5,100,51.90%,3.90%,LOSS,10,14,-5,50.00%,Sunday,2026-07
2026-07-05,Laura Juskaite,Pts + Rebs,Under,15.5,-118,49.10%,-11.00%,WIN,14.3,13,4.24,54.10%,Sunday,2026-07
2026-07-05,Laura Juskaite,Pts + Rebs,Under,26.5,-110,57.00%,9.60%,WIN,22,24,4.55,52.40%,Sunday,2026-07
2026-07-05,Laura Juskaite,Pts + Rebs,Under,13.5,-102,53.90%,6.90%,WIN,10.1,12,4.9,50.50%,Sunday,2026-07
2026-07-05,Laura Juskaite,Pts + Rebs,Under,20.5,-110,59.50%,14.90%,WIN,13.4,19,4.55,52.40%,Sunday,2026-07
2026-07-05,Laura Juskaite,Pts + Rebs,Under,17.5,-130,59.20%,6.10%,LOSS,13,21,-5,56.50%,Sunday,2026-07
2026-07-05,Laura Juskaite,Pts + Rebs,Under,25.5,-112,54.80%,4.30%,WIN,24.4,25,4.46,52.80%,Sunday,2026-07
2026-07-05,Laura Juskaite,Pts + Rebs,Under,11.5,-120,55.40%,2.00%,LOSS,5.7,12,-5,54.50%,Sunday,2026-07
2026-07-05,Laura Juskaite,Pts + Rebs,Under,12.5,-106,54.20%,5.60%,WIN,11.4,10,4.72,51.50%,Sunday,2026-07
2026-07-05,Laura Juskaite,Rebs + Asts,Under,12.5,-112,54.30%,3.20%,WIN,12,11,4.46,52.80%,Sunday,2026-07
2026-07-05,Laura Ju��kait��,Rebs + Asts,Over,5.5,-106,55.90%,9.20%,WIN,6.2,8,4.72,51.50%,Sunday,2026-07
2026-07-05,Laura Ju��kait��,Rebs + Asts,Under,11.5,-128,53.40%,-6.20%,WIN,11.2,10,3.91,56.10%,Sunday,2026-07
2026-07-05,Laura Ju��kait��,Rebs + Asts,Under,11.5,-102,52.00%,3.00%,WIN,11,6,4.9,50.50%,Sunday,2026-07
2026-07-05,Lauren Betts,Rebs + Asts,Under,16.5,100,52.00%,4.00%,LOSS,15.6,18,-5,50.00%,Sunday,2026-07
2026-07-05,Lauren Betts,Rebs + Asts,Under,5.5,-132,45.10%,-27.30%,WIN,5,5,3.79,56.90%,Sunday,2026-07
2026-07-05,Lauren Betts,Rebs + Asts,Under,7.5,104,51.70%,5.20%,LOSS,6.7,10,-5,49.00%,Sunday,2026-07
2026-07-05,Lauren Betts,Rebs + Asts,Over,10.5,-114,48.80%,-9.70%,LOSS,10.7,10,-5,53.30%,Sunday,2026-07
2026-07-05,Lauren Betts,Rebs + Asts,Over,6.5,-120,55.10%,1.30%,WIN,4.2,8,4.17,54.50%,Sunday,2026-07
2026-07-05,Lauren Betts,Threes,Under,1.5,-270,73.50%,1.90%,LOSS,0.87,3,-5,73.00%,Sunday,2026-07
2026-07-05,Lauren Betts,Threes,Over,1.5,-130,51.40%,-11.70%,LOSS,1.7,1,-5,56.50%,Sunday,2026-07
2026-07-05,Lauren Betts,Threes,Over,1.5,-166,61.40%,-2.70%,WIN,2.1,5,3.01,62.40%,Sunday,2026-07
2026-07-05,Lauren Betts,Threes,Over,1.5,-210,51.90%,-49.00%,LOSS,1.5,0,-5,67.70%,Sunday,2026-07
2026-07-05,Lauren Betts,Threes,Under,2.5,-154,68.20%,19.20%,WIN,1.3,1,3.25,60.60%,Sunday,2026-07
2026-07-05,Leila Lacan,Threes,Under,2.5,-210,70.00%,7.10%,WIN,1.7,2,2.38,67.70%,Sunday,2026-07
2026-07-05,Leila Lacan,Threes,Over,2.5,-102,47.20%,-6.70%,WIN,2.9,3,4.9,50.50%,Sunday,2026-07
2026-07-05,Leila Lacan,Threes,Under,1.5,-220,61.20%,-24.00%,WIN,1.2,0,2.27,68.80%,Sunday,2026-07
2026-07-05,Leila Lacan,Threes,Over,1.5,-138,55.70%,-5.40%,LOSS,1.9,1,-5,58.00%,Sunday,2026-07
2026-07-05,Leila Lacan,Threes,Over,3.5,-104,50.90%,-0.20%,LOSS,3.5,3,-5,51.00%,Sunday,2026-07
2026-07-05,Leila Lacan,Threes,Over,1.5,-146,60.00%,1.60%,LOSS,2.1,1,-5,59.30%,Sunday,2026-07
2026-07-05,Leila Lacan,Threes,Under,1.5,-270,76.00%,11.10%,WIN,0.54,0,1.85,73.00%,Sunday,2026-07
2026-07-05,Leila Lacan,Threes,Over,1.5,-148,60.20%,1.20%,WIN,2.1,3,3.38,59.70%,Sunday,2026-07
2026-07-05,Leila Lacan,Threes,Under,1.5,-154,68.60%,20.10%,WIN,0.07,0,3.25,60.60%,Sunday,2026-07
2026-07-06,Leila Lacan,Assists,Under,4.5,122,48.40%,6.10%,LOSS,4.2,6,-5,45.00%,Monday,2026-07
2026-07-06,Leila Lacan,Assists,Under,5.5,-162,63.40%,4.10%,LOSS,4.5,7,-5,61.80%,Monday,2026-07
2026-07-06,Leila Lacan,Assists,Under,4.5,-118,54.90%,1.80%,WIN,4.3,3,4.24,54.10%,Monday,2026-07
2026-07-06,Leila Lacan,Assists,Under,4.5,104,51.40%,4.70%,WIN,4.2,4,5.2,49.00%,Monday,2026-07
2026-07-06,Leila Lacan,Assists,Over,5.5,104,52.60%,7.00%,LOSS,6.8,3,-5,49.00%,Monday,2026-07
2026-07-06,Leila Lacan,Points,Under,8.5,-118,55.20%,2.30%,WIN,7.6,5,4.24,54.10%,Monday,2026-07
2026-07-06,Leila Lacan,Points,Under,9.5,102,50.40%,1.70%,WIN,8.9,5,5.1,49.50%,Monday,2026-07
2026-07-06,Leila Lacan,Points,Over,12.5,-114,54.10%,1.70%,LOSS,13.8,7,-5,53.30%,Monday,2026-07
2026-07-06,Leila Lacan,Points,Under,10.5,-104,55.50%,9.20%,LOSS,8,29,-5,51.00%,Monday,2026-07
2026-07-06,Leila Lacan,Points,Over,8.5,-122,58.50%,7.90%,LOSS,11.8,6,-5,55.00%,Monday,2026-07
2026-07-06,Leila Lacan,Points,Under,17.5,-120,59.50%,10.90%,LOSS,14,23,-5,54.50%,Monday,2026-07
2026-07-06,Leila Lacan,Points,Under,14.5,-106,52.50%,2.10%,LOSS,14.2,17,-5,51.50%,Monday,2026-07
2026-07-06,Leila Lacan,Points,Under,18.5,-122,50.80%,12.90%,WIN,13.9,2,4.1,55.00%,Monday,2026-07
2026-07-06,Leila Lacan,Points,Over,8.5,-130,53.70%,-6.50%,LOSS,9.2,3,-5,56.50%,Monday,2026-07
2026-07-06,Leila Lacan,Points,Under,12.5,-130,52.80%,-8.60%,LOSS,12.1,23,-5,56.50%,Monday,2026-07
2026-07-06,Leila Lacan,Points,Over,14.5,-108,58.10%,12.90%,LOSS,19.3,2,-5,51.90%,Monday,2026-07
2026-07-06,Leila Lacan,Points,Over,10.5,100,54.50%,9.00%,LOSS,13.7,8,-5,50.00%,Monday,2026-07
2026-07-06,Leila Lacan,Points,Under,15.5,-104,54.90%,8.00%,LOSS,12.7,28,-5,51.00%,Monday,2026-07
2026-07-06,Leila Lacan,Points,Over,8.5,-125,55.90%,0.80%,LOSS,9.8,2,-5,55.60%,Monday,2026-07
2026-07-06,Leila Lacan,Points,Under,14.5,-106,51.60%,0.40%,WIN,14.5,12,4.72,51.50%,Monday,2026-07
2026-07-06,Leila Lacan,Points,Over,11.5,-114,54.30%,2.30%,WIN,12.6,13,4.39,53.30%,Monday,2026-07
2026-07-06,Leila Lacan,Points,Under,15.5,-130,59.20%,6.10%,LOSS,13.3,18,-5,56.50%,Monday,2026-07
2026-07-06,Leila Lacan,Points,Under,15.5,-106,54.00%,5.20%,WIN,13.8,15,4.72,51.50%,Monday,2026-07
2026-07-06,Leila Lacan,Points,Under,8.5,100,55.70%,11.40%,WIN,5.9,2,5,50.00%,Monday,2026-07
2026-07-06,Leila Lacan,Points,Over,17.5,-102,50.80%,0.60%,LOSS,17.8,14,-5,50.50%,Monday,2026-07
2026-07-06,Leila Lacan,Points,Over,9.5,-118,51.80%,-5.00%,WIN,10.1,10,4.24,54.10%,Monday,2026-07
2026-07-06,Leila Lacan,Points,Under,16.5,-113,62.30%,19.70%,WIN,7.8,5,4.42,53.10%,Monday,2026-07
2026-07-06,Leila Lacan,Points,Over,11.5,-125,57.30%,4.00%,LOSS,14.2,11,-5,55.60%,Monday,2026-07
2026-07-06,Leila Lacan,Points,Over,11.5,-108,53.50%,3.20%,LOSS,12.5,7,-5,51.90%,Monday,2026-07
2026-07-06,Leila Lacan,Pts + Asts,Under,22.5,-114,56.90%,7.80%,LOSS,19,29,-5,53.30%,Monday,2026-07
2026-07-06,Leila Lacan,Pts + Asts,Under,14.5,-130,56.70%,0.50%,WIN,13.5,10,3.85,56.50%,Monday,2026-07
2026-07-06,Leila Lacan,Pts + Asts,Under,18.5,-118,57.30%,6.90%,LOSS,16,30,-5,54.10%,Monday,2026-07
2026-07-06,Leila Lacan,Pts + Asts,Under,16.5,-122,54.00%,-2.20%,WIN,16.4,16,4.1,55.00%,Monday,2026-07
2026-07-06,Leila Lacan,Pts + Asts,Under,17.5,-112,55.30%,5.20%,LOSS,15.9,22,-5,52.80%,Monday,2026-07
2026-07-06,Leila Lacan,Pts + Asts,Under,20.5,-106,53.50%,4.10%,WIN,18.1,19,4.72,51.50%,Monday,2026-07
2026-07-06,Leila Lacan,Pts + Asts,Over,11.5,-118,55.40%,2.80%,LOSS,8.1,5,-5,54.10%,Monday,2026-07
2026-07-06,Leila Lacan,Pts + Asts,Over,16.5,-128,57.50%,3.20%,LOSS,20,10,-5,56.10%,Monday,2026-07
2026-07-06,Leila Lacan,Pts + Rebs,Under,12.5,-108,54.80%,6.00%,WIN,11.4,7,4.63,51.90%,Monday,2026-07
2026-07-06,Leila Lacan,Pts + Rebs,Over,17.5,-130,57.70%,2.80%,LOSS,19.2,12,-5,56.50%,Monday,2026-07
2026-07-06,Leila Lacan,Pts + Rebs,Under,16.5,-112,55.00%,4.60%,LOSS,13.5,39,-5,52.80%,Monday,2026-07
2026-07-06,Leila Lacan,Pts + Rebs,Under,22.5,-114,58.20%,10.50%,LOSS,18.8,32,-5,53.30%,Monday,2026-07
2026-07-06,Leila Lacan,Pts + Rebs,Over,22.5,-108,53.10%,2.40%,LOSS,23.1,21,-5,51.90%,Monday,2026-07
2026-07-06,Leila Lacan,Pts + Rebs,Under,27.5,-118,62.70%,18.60%,WIN,19.3,11,4.24,54.10%,Monday,2026-07
2026-07-06,Leila Lacan,Pts + Rebs,Under,17.5,-128,57.30%,2.60%,LOSS,17.1,28,-5,56.10%,Monday,2026-07
2026-07-06,Leila Lacan,Pts + Rebs,Over,17.5,-130,59.00%,5.70%,LOSS,21.8,5,-5,56.50%,Monday,2026-07
2026-07-06,Leila Lacan,Pts + Rebs,Over,13.5,-120,56.60%,4.60%,LOSS,17.5,9,-5,54.50%,Monday,2026-07
2026-07-06,Leila Lacan,Pts + Rebs,Under,19.5,-118,55.70%,3.50%,LOSS,17.7,31,-5,54.10%,Monday,2026-07
2026-07-06,Leila Lacan,Pts + Rebs,Over,13.5,-124,57.50%,4.80%,LOSS,14.8,2,-5,55.40%,Monday,2026-07
2026-07-06,Leila Lacan,Pts + Rebs,Under,24.5,-130,56.60%,0.20%,WIN,23.3,21,3.85,56.50%,Monday,2026-07
2026-07-06,Leila Lacan,Pts + Rebs,Under,23.5,-125,59.10%,8.00%,LOSS,20.7,24,-5,55.60%,Monday,2026-07
2026-07-06,Leila Lacan,Pts + Rebs,Under,15.5,-132,61.10%,9.80%,WIN,11.7,6,3.79,56.90%,Monday,2026-07
2026-07-06,Leila Lacan,Pts + Rebs,Over,24.5,-120,54.00%,-1.20%,WIN,25.7,25,4.17,54.50%,Monday,2026-07
2026-07-06,Leila Lacan,Pts + Rebs,Under,16.5,-110,51.20%,-2.60%,LOSS,15.1,18,-5,52.40%,Monday,2026-07
2026-07-06,Leila Lacan,Pts + Rebs,Over,20.5,-102,51.00%,1.00%,WIN,21.6,22,4.9,50.50%,Monday,2026-07
2026-07-06,Leila Lacan,Pts + Rebs,Over,14.5,-114,54.40%,2.50%,LOSS,16.7,10,-5,53.30%,Monday,2026-07
2026-07-06,Leila Lacan,Rebs + Asts,Under,10.5,-140,62.10%,9.00%,LOSS,9.2,15,-5,58.30%,Monday,2026-07
2026-07-06,Leila Lacan,Rebs + Asts,Over,5.5,-154,63.00%,6.00%,LOSS,5.4,5,-5,60.60%,Monday,2026-07
2026-07-06,Leila Lacan,Rebs + Asts,Under,10.5,-118,60.00%,12.70%,WIN,8.3,10,4.24,54.10%,Monday,2026-07
2026-07-06,Leila Lacan,Rebs + Asts,Under,8.5,-108,54.60%,5.70%,WIN,7.2,7,4.63,51.90%,Monday,2026-07
2026-07-06,Leila Lacan,Rebs + Asts,Over,8.5,-108,55.00%,6.40%,LOSS,10.2,6,-5,51.90%,Monday,2026-07
2026-07-06,Leila Lacan,Threes,Under,1.5,-220,64.60%,-13.20%,WIN,1.1,0,2.27,68.80%,Monday,2026-07
2026-07-06,Leila Lacan,Threes,Over,1.5,-130,58.80%,5.30%,LOSS,2.1,1,-5,56.50%,Monday,2026-07
2026-07-06,Leila Lacan,Threes,Over,1.5,118,52.40%,12.10%,LOSS,2,0,-5,45.90%,Monday,2026-07
2026-07-06,Leila Lacan,Threes,Over,1.5,128,43.40%,-0.80%,WIN,1.7,3,6.4,43.90%,Monday,2026-07
2026-07-06,Leila Lacan,Threes,Under,1.5,-168,59.80%,-7.70%,WIN,1.3,1,2.98,62.70%,Monday,2026-07
2026-07-06,Leila Lacan,Threes,Over,1.5,102,49.00%,-1.00%,WIN,1.7,3,5.1,49.50%,Monday,2026-07
2026-07-06,Leila Lacan,Threes,Over,1.5,-114,63.40%,21.60%,LOSS,2.6,0,-5,53.30%,Monday,2026-07
2026-07-06,Leila Lacan,Threes,Over,1.5,-162,69.20%,19.20%,WIN,2.9,2,3.09,61.80%,Monday,2026-07
2026-07-06,Leila Lacan,Threes,Under,2.5,-200,71.20%,13.70%,LOSS,1.8,4,-5,66.70%,Monday,2026-07
2026-07-06,Leila Lacan,Threes,Over,1.5,-104,56.90%,12.10%,LOSS,2.3,0,-5,51.00%,Monday,2026-07
2026-07-06,Leila Lacan,Threes,Under,2.3,-188,71.80%,18.70%,WIN,1.5,1,2.66,65.30%,Monday,2026-07
2026-07-06,Leila Lacan,Threes,Under,1.5,-158,63.10%,4.90%,WIN,1,0,3.16,61.20%,Monday,2026-07
2026-07-06,Leonie Fiebich,Threes,Under,1.5,-182,57.30%,-20.30%,WIN,1.4,1,2.75,64.50%,Monday,2026-07
2026-07-06,Leonie Fiebich,Threes,Under,1.5,-114,60.80%,16.10%,WIN,0.8,0,4.39,53.30%,Monday,2026-07
2026-07-06,Leonie Fiebich,Threes,Over,1.5,152,40.70%,1.60%,LOSS,1.6,0,-5,39.70%,Monday,2026-07
2026-07-07,Leonie Fiebich,Assists,Over,2.5,140,45.90%,7.20%,LOSS,3.2,1,-5,41.70%,Tuesday,2026-07
2026-07-07,Leonie Fiebich,Assists,Under,2.5,-188,64.60%,-2.00%,LOSS,2.1,3,-5,65.30%,Tuesday,2026-07
2026-07-07,Leonie Fiebich,Assists,Under,3.5,-168,62.90%,0.50%,LOSS,2.9,4,-5,62.70%,Tuesday,2026-07
2026-07-07,Leonie Fiebich,Assists,Over,5.5,-138,60.50%,6.10%,LOSS,7.4,1,-5,58.00%,Tuesday,2026-07
2026-07-07,Leonie Fiebich,Assists,Under,4.5,-106,53.60%,4.40%,LOSS,4.1,11,-5,51.50%,Tuesday,2026-07
2026-07-07,Leonie Fiebich,Assists,Over,2.5,-174,59.20%,-11.70%,LOSS,3,2,-5,63.50%,Tuesday,2026-07
2026-07-07,Leonie Fiebich,Assists,Over,6.5,-102,49.30%,-2.40%,LOSS,6.9,6,-5,50.50%,Tuesday,2026-07
2026-07-07,Leonie Fiebich,Assists,Over,4.5,-114,53.40%,0.20%,LOSS,5,1,-5,53.30%,Tuesday,2026-07
2026-07-07,Leonie Fiebich,Assists,Over,4.5,-114,54.00%,1.70%,WIN,5.3,5,4.39,53.30%,Tuesday,2026-07
2026-07-07,Leonie Fiebich,Points,Under,12.5,-110,55.00%,5.60%,WIN,11,8,4.55,52.40%,Tuesday,2026-07
2026-07-07,Leonie Fiebich,Points,Under,11.5,-113,53.70%,1.40%,WIN,10.7,9,4.42,53.10%,Tuesday,2026-07
2026-07-07,Leonie Fiebich,Points,Over,13.5,-130,57.30%,1.90%,LOSS,15,12,-5,56.50%,Tuesday,2026-07
2026-07-07,Leonie Fiebich,Points,Over,19.5,-114,51.00%,-4.90%,WIN,20.6,29,4.39,53.30%,Tuesday,2026-07
2026-07-07,Leonie Fiebich,Points,Over,8.5,-128,62.50%,14.40%,LOSS,15.4,7,-5,56.10%,Tuesday,2026-07
2026-07-07,Leonie Fiebich,Points,Under,11.5,-104,52.60%,3.30%,LOSS,9.7,12,-5,51.00%,Tuesday,2026-07
2026-07-07,Leonie Fiebich,Points,Under,12.5,-114,55.90%,5.70%,LOSS,10.1,22,-5,53.30%,Tuesday,2026-07
2026-07-07,Leonie Fiebich,Points,Under,14.5,-120,55.40%,1.90%,LOSS,13.4,17,-5,54.50%,Tuesday,2026-07
2026-07-07,Leonie Fiebich,Points,Under,20.5,-132,61.70%,11.10%,LOSS,16.2,25,-5,56.90%,Tuesday,2026-07
2026-07-07,Leonie Fiebich,Points,Under,7.5,102,50.80%,2.60%,WIN,7.5,7,5.1,49.50%,Tuesday,2026-07
2026-07-07,Leonie Fiebich,Points,Under,7.5,-104,55.00%,8.20%,WIN,5.3,0,4.81,51.00%,Tuesday,2026-07
2026-07-07,Leonie Fiebich,Points,Under,21.5,-128,58.80%,6.20%,WIN,20.7,15,3.91,56.10%,Tuesday,2026-07
2026-07-07,Leonie Fiebich,Points,Over,9.5,-114,51.70%,3.40%,LOSS,9.8,4,-5,53.30%,Tuesday,2026-07
2026-07-07,Leonie Fiebich,Points,Under,14.5,100,51.80%,3.50%,WIN,13.9,14,5,50.00%,Tuesday,2026-07
2026-07-07,Leonie Fiebich,Points,Over,14.5,-114,53.80%,1.20%,WIN,16,16,4.39,53.30%,Tuesday,2026-07
2026-07-07,Leonie Fiebich,Points,Under,12.5,-102,58.00%,15.10%,WIN,7.5,9,4.9,50.50%,Tuesday,2026-07
2026-07-07,Leonie Fiebich,Pts + Asts,Over,14.5,-130,52.30%,-9.70%,LOSS,14.8,9,-5,56.50%,Tuesday,2026-07
2026-07-07,Leonie Fiebich,Pts + Asts,Over,16.5,-106,53.10%,3.30%,LOSS,18,15,-5,51.50%,Tuesday,2026-07
2026-07-07,Leonie Fiebich,Pts + Asts,Over,22.5,-125,51.00%,-10.40%,WIN,23.7,33,4,55.60%,Tuesday,2026-07
2026-07-07,Leonie Fiebich,Pts + Asts,Over,14.5,-130,61.60%,11.70%,LOSS,21.2,8,-5,56.50%,Tuesday,2026-07
2026-07-07,Leonie Fiebich,Pts + Asts,Under,17.5,-120,57.50%,6.60%,LOSS,15,33,-5,54.50%,Tuesday,2026-07
2026-07-07,Leonie Fiebich,Pts + Asts,Under,17.5,-114,49.30%,-8.60%,LOSS,17.2,19,-5,53.30%,Tuesday,2026-07
2026-07-07,Leonie Fiebich,Pts + Asts,Under,16.5,-130,56.90%,0.90%,WIN,15.7,9,3.85,56.50%,Tuesday,2026-07
2026-07-07,Leonie Fiebich,Pts + Asts,Under,27.5,-112,55.70%,6.10%,WIN,26.5,21,4.46,52.80%,Tuesday,2026-07
2026-07-07,Leonie Fiebich,Pts + Asts,Under,14.5,-125,56.00%,0.90%,WIN,13.5,5,4,55.60%,Tuesday,2026-07
2026-07-07,Leonie Fiebich,Pts + Asts,Under,19.5,-108,52.70%,1.70%,WIN,18.2,19,4.63,51.90%,Tuesday,2026-07
2026-07-07,Leonie Fiebich,Pts + Rebs,Under,15.5,-125,48.00%,-17.00%,WIN,15.3,9,4,55.60%,Tuesday,2026-07
2026-07-07,Leonie Fiebich,Pts + Rebs,Under,18.5,-112,54.80%,4.30%,LOSS,16.4,19,-5,52.80%,Tuesday,2026-07
2026-07-07,Lexie Hull,Pts + Rebs,Over,16.5,-112,56.80%,8.40%,LOSS,19.1,12,-5,52.80%,Tuesday,2026-07
2026-07-07,Lexie Hull,Pts + Rebs,Over,27.5,-125,49.90%,-12.70%,WIN,29.3,38,4,55.60%,Tuesday,2026-07
2026-07-07,Lexie Hull,Pts + Rebs,Under,18.5,-104,55.60%,9.40%,LOSS,14,19,-5,51.00%,Tuesday,2026-07
2026-07-07,Lexie Hull,Pts + Rebs,Under,23.5,-112,59.30%,13.80%,LOSS,19.4,34,-5,52.80%,Tuesday,2026-07
2026-07-07,Lexie Hull,Pts + Rebs,Over,24.5,-127,51.00%,-11.10%,WIN,23.8,29,3.94,55.90%,Tuesday,2026-07
2026-07-07,Lexie Hull,Pts + Rebs,Under,23.5,-110,54.80%,5.10%,LOSS,21.2,29,-5,52.40%,Tuesday,2026-07
2026-07-07,Lexie Hull,Pts + Rebs,Under,24.5,-114,53.90%,1.30%,WIN,24,13,4.39,53.30%,Tuesday,2026-07
2026-07-07,Lexie Hull,Pts + Rebs,Under,24.5,-106,52.40%,2.00%,WIN,24.5,22,4.72,51.50%,Tuesday,2026-07
2026-07-07,Lexie Hull,Pts + Rebs,Over,12.5,-122,52.90%,-4.50%,LOSS,12.7,6,-5,55.00%,Tuesday,2026-07
2026-07-07,Lexie Hull,Pts + Rebs,Under,18.5,-104,53.40%,4.90%,WIN,17,17,4.81,51.00%,Tuesday,2026-07
2026-07-07,Lexie Hull,Pts + Rebs,Under,18.5,-118,62.10%,17.40%,WIN,11.1,15,4.24,54.10%,Tuesday,2026-07
2026-07-07,Lexie Hull,Rebs + Asts,Over,4.5,-130,62.40%,13.50%,LOSS,6.2,2,-5,56.50%,Tuesday,2026-07
2026-07-07,Lexie Hull,Rebs + Asts,Over,4.5,-110,59.40%,14.70%,LOSS,4.4,3,-5,52.40%,Tuesday,2026-07
2026-07-07,Lexie Hull,Rebs + Asts,Under,11.5,-122,60.30%,11.80%,LOSS,10.1,13,-5,55.00%,Tuesday,2026-07
2026-07-07,Lexie Hull,Rebs + Asts,Over,15.5,-122,53.00%,-4.30%,WIN,15.9,23,4.1,55.00%,Tuesday,2026-07
2026-07-07,Lexie Hull,Rebs + Asts,Under,11.5,102,49.70%,0.30%,LOSS,11.4,14,-5,49.50%,Tuesday,2026-07
2026-07-07,Lexie Hull,Rebs + Asts,Over,10.5,100,45.40%,-9.20%,WIN,10.5,13,5,50.00%,Tuesday,2026-07
2026-07-07,Lexie Hull,Rebs + Asts,Over,7.5,-118,56.10%,4.40%,LOSS,7.6,3,-5,54.10%,Tuesday,2026-07
2026-07-07,Lexie Hull,Rebs + Asts,Over,8.5,-110,54.00%,3.30%,LOSS,8.8,8,-5,52.40%,Tuesday,2026-07
2026-07-07,Lexie Hull,Threes,Under,1.5,104,53.60%,9.00%,WIN,1.3,0,5.2,49.00%,Tuesday,2026-07
2026-07-07,Lexie Hull,Threes,Under,1.5,-270,64.60%,-31.20%,WIN,1.2,1,1.85,73.00%,Tuesday,2026-07
2026-07-07,Lexie Hull,Threes,Over,1.5,-146,60.10%,1.80%,LOSS,2,0,-5,59.30%,Tuesday,2026-07
2026-07-07,Lexie Hull,Threes,Under,1.5,-132,60.80%,9.00%,LOSS,1,2,-5,56.90%,Tuesday,2026-07
2026-07-07,Luisa Geiselsoder,Threes,Over,1.5,-132,48.70%,-19.10%,WIN,1.7,3,3.79,56.90%,Tuesday,2026-07
2026-07-07,Luisa Geiselsoder,Threes,Under,1.5,136,51.20%,15.30%,LOSS,1.1,4,-5,42.40%,Tuesday,2026-07
2026-07-07,Luisa Geiselsoder,Threes,Over,1.5,-130,59.80%,7.60%,LOSS,2,1,-5,56.50%,Tuesday,2026-07
2026-07-07,Luisa Geiselsoder,Threes,Under,2.5,-182,70.20%,15.80%,WIN,1.7,2,2.75,64.50%,Tuesday,2026-07
2026-07-07,Luisa Geiselsoder,Threes,Over,1.5,-144,64.10%,12.40%,WIN,2.4,3,3.47,59.00%,Tuesday,2026-07
2026-07-08,Luisa Geiselsoder,Assists,Over,6.5,-118,60.40%,13.70%,LOSS,9.5,3,-5,54.10%,Wednesday,2026-07
2026-07-08,Luisa Geiselsoder,Assists,Under,5.5,-120,58.50%,8.60%,LOSS,4.2,7,-5,54.50%,Wednesday,2026-07
2026-07-08,Maria Conde,Assists,Under,5.5,-162,63.70%,5.00%,LOSS,4.4,6,-5,61.80%,Wednesday,2026-07
2026-07-08,Maria Conde,Assists,Over,2.5,110,50.80%,6.00%,LOSS,3.2,2,-5,47.60%,Wednesday,2026-07
2026-07-08,Maria Conde,Assists,Over,3.5,-146,58.70%,-1.70%,WIN,4.3,6,3.42,59.30%,Wednesday,2026-07
2026-07-08,Maria Conde,Assists,Over,3.5,-148,52.90%,-16.70%,WIN,3.8,4,3.38,59.70%,Wednesday,2026-07
2026-07-08,Maria Conde,Assists,Under,2.5,-113,55.40%,4.90%,LOSS,1.9,5,-5,53.10%,Wednesday,2026-07
2026-07-08,Maria Conde,Assists,Over,5.5,-132,59.20%,5.20%,WIN,7,6,3.79,56.90%,Wednesday,2026-07
2026-07-08,Maria Conde,Points,Under,9.5,-102,54.10%,7.30%,LOSS,7.6,12,-5,50.50%,Wednesday,2026-07
2026-07-08,Maria Conde,Points,Over,16.5,-102,57.80%,14.80%,LOSS,24.7,9,-5,50.50%,Wednesday,2026-07
2026-07-08,Maria Conde,Points,Over,7.5,-130,60.20%,8.40%,LOSS,10.9,3,-5,56.50%,Wednesday,2026-07
2026-07-08,Maria Conde,Points,Under,18.5,-114,59.40%,13.20%,WIN,13.8,12,4.39,53.30%,Wednesday,2026-07
2026-07-08,Maria Conde,Points,Under,15.5,-120,57.30%,6.00%,LOSS,13.4,21,-5,54.50%,Wednesday,2026-07
2026-07-08,Maria Conde,Points,Over,7.5,-132,57.50%,1.40%,WIN,9.3,12,3.79,56.90%,Wednesday,2026-07
2026-07-08,Maria Conde,Points,Over,14.5,-110,56.60%,8.80%,LOSS,17.9,7,-5,52.40%,Wednesday,2026-07
2026-07-08,Maria Conde,Points,Under,13.5,-125,59.90%,9.70%,LOSS,8.9,24,-5,55.60%,Wednesday,2026-07
2026-07-08,Maria Conde,Points,Under,18.5,-106,60.70%,19.00%,LOSS,11.7,23,-5,51.50%,Wednesday,2026-07
2026-07-08,Maria Conde,Points,Over,7.5,-132,57.80%,2.20%,WIN,9.6,15,3.79,56.90%,Wednesday,2026-07
2026-07-08,Maria Conde,Points,Over,23.5,-102,52.70%,4.40%,WIN,25.7,29,4.9,50.50%,Wednesday,2026-07
2026-07-08,Maria Conde,Points,Over,7.5,-118,55.00%,1.80%,LOSS,8.9,3,-5,54.10%,Wednesday,2026-07
2026-07-08,Maria Conde,Points,Under,12.5,-114,52.20%,-2.20%,LOSS,12.5,15,-5,53.30%,Wednesday,2026-07
2026-07-08,Maria Conde,Points,Under,8.5,-137,61.80%,9.50%,LOSS,6.2,14,-5,57.80%,Wednesday,2026-07
2026-07-08,Maria Conde,Points,Under,9.5,-125,55.90%,0.80%,WIN,8.7,9,4,55.60%,Wednesday,2026-07
2026-07-08,Maria Conde,Points,Under,20.5,-114,54.90%,3.40%,WIN,18.4,11,4.39,53.30%,Wednesday,2026-07
2026-07-08,Maria Conde,Points,Under,9.5,-126,61.60%,13.10%,WIN,6,4,3.97,55.80%,Wednesday,2026-07
2026-07-08,Maria Conde,Points,Under,16.5,-114,55.20%,4.20%,WIN,14.8,12,4.39,53.30%,Wednesday,2026-07
2026-07-08,Maria Conde,Points,Under,9.5,-135,62.90%,12.80%,WIN,5.5,1,3.7,57.40%,Wednesday,2026-07
2026-07-08,Maria Conde,Points,Under,16.5,-113,53.80%,1.50%,LOSS,16,24,-5,53.10%,Wednesday,2026-07
2026-07-08,Maria Conde,Points,Under,11.5,-130,60.40%,8.80%,WIN,8.7,2,3.85,56.50%,Wednesday,2026-07
2026-07-08,Maria Conde,Points,Over,10.5,-115,48.10%,-11.60%,WIN,10.5,14,4.35,53.50%,Wednesday,2026-07
2026-07-08,Maria Conde,Points,Under,15.5,-122,62.20%,16.10%,LOSS,8.5,22,-5,55.00%,Wednesday,2026-07
2026-07-08,Maria Conde,Points,Over,10.5,-120,56.50%,4.30%,LOSS,13,6,-5,54.50%,Wednesday,2026-07
2026-07-08,Maria Conde,Pts + Asts,Over,22.5,-128,63.10%,15.80%,LOSS,32.5,12,-5,56.10%,Wednesday,2026-07
2026-07-08,Maria Conde,Pts + Asts,Under,24.5,-122,60.30%,11.80%,WIN,19.2,19,4.1,55.00%,Wednesday,2026-07
2026-07-08,Maria Conde,Pts + Asts,Under,13.5,-130,52.50%,-9.20%,LOSS,13.1,18,-5,56.50%,Wednesday,2026-07
2026-07-08,Maria Conde,Pts + Asts,Over,16.5,-130,59.00%,5.70%,LOSS,20.6,9,-5,56.50%,Wednesday,2026-07
2026-07-08,Maria Conde,Pts + Asts,Under,16.5,-114,53.40%,0.30%,LOSS,16.4,21,-5,53.30%,Wednesday,2026-07
2026-07-08,Maria Conde,Pts + Asts,Under,24.5,-114,55.00%,3.70%,WIN,24.1,15,4.39,53.30%,Wednesday,2026-07
2026-07-08,Maria Conde,Pts + Asts,Over,19.5,-124,49.30%,-13.70%,WIN,18.9,29,4.03,55.40%,Wednesday,2026-07
2026-07-08,Maria Conde,Pts + Asts,Under,18.5,-125,60.70%,11.50%,LOSS,11,26,-5,55.60%,Wednesday,2026-07
2026-07-08,Maria Conde,Pts + Asts,Over,16.5,-125,58.70%,7.00%,LOSS,20.8,12,-5,55.60%,Wednesday,2026-07
2026-07-08,Maria Conde,Pts + Rebs,Under,12.5,-136,59.70%,4.90%,LOSS,10.5,15,-5,57.60%,Wednesday,2026-07
2026-07-08,Maria Conde,Pts + Rebs,Over,19.5,-118,61.20%,15.30%,LOSS,27.3,13,-5,54.10%,Wednesday,2026-07
2026-07-08,Maria Conde,Pts + Rebs,Under,24.5,-112,59.80%,14.80%,WIN,19.6,16,4.46,52.80%,Wednesday,2026-07
2026-07-08,Maria Conde,Pts + Rebs,Under,23.5,-122,52.10%,-6.20%,LOSS,22.6,30,-5,55.00%,Wednesday,2026-07
2026-07-08,Maria Conde,Pts + Rebs,Over,17.5,-118,56.10%,4.40%,LOSS,21.1,8,-5,54.10%,Wednesday,2026-07
2026-07-08,Maria Conde,Pts + Rebs,Under,19.5,-121,60.80%,13.30%,LOSS,13.2,32,-5,54.80%,Wednesday,2026-07
2026-07-08,Marina Mabrey,Pts + Rebs,Under,21.5,-102,57.00%,13.10%,LOSS,16.1,27,-5,50.50%,Wednesday,2026-07
2026-07-08,Marina Mabrey,Pts + Rebs,Over,12.5,-114,55.20%,4.20%,WIN,13.8,24,4.39,53.30%,Wednesday,2026-07
2026-07-08,Marina Mabrey,Pts + Rebs,Under,12.5,-105,54.30%,6.30%,LOSS,10.3,16,-5,51.20%,Wednesday,2026-07
2026-07-08,Marina Mabrey,Pts + Rebs,Under,14.5,-115,52.30%,-2.50%,WIN,13.1,12,4.35,53.50%,Wednesday,2026-07
2026-07-08,Marina Mabrey,Pts + Rebs,Under,24.5,-114,54.60%,2.80%,WIN,22.7,17,4.39,53.30%,Wednesday,2026-07
2026-07-08,Marina Mabrey,Pts + Rebs,Under,16.5,-126,61.20%,12.30%,WIN,11.4,16,3.97,55.80%,Wednesday,2026-07
2026-07-08,Marina Mabrey,Pts + Rebs,Under,24.5,-122,56.20%,2.70%,WIN,21.9,22,4.1,55.00%,Wednesday,2026-07
2026-07-08,Marina Mabrey,Pts + Rebs,Under,15.5,-132,61.10%,9.80%,WIN,11.6,2,3.79,56.90%,Wednesday,2026-07
2026-07-08,Marina Mabrey,Pts + Rebs,Over,24.5,-114,47.00%,-13.50%,WIN,24.8,32,4.39,53.30%,Wednesday,2026-07
2026-07-08,Marina Mabrey,Pts + Rebs,Under,17.5,-114,54.40%,2.40%,WIN,14.8,3,4.39,53.30%,Wednesday,2026-07
2026-07-08,Marina Mabrey,Pts + Rebs,Under,18.5,-130,58.40%,4.30%,LOSS,14.9,19,-5,56.50%,Wednesday,2026-07
2026-07-08,Marina Mabrey,Pts + Rebs,Over,13.5,-125,57.20%,3.70%,LOSS,17.3,8,-5,55.60%,Wednesday,2026-07
2026-07-08,Marina Mabrey,Rebs + Asts,Over,10.5,102,55.10%,11.10%,LOSS,12.6,7,-5,49.50%,Wednesday,2026-07
2026-07-08,Marina Mabrey,Rebs + Asts,Under,11.5,-106,59.50%,16.60%,WIN,9.6,11,4.72,51.50%,Wednesday,2026-07
2026-07-08,Marina Mabrey,Rebs + Asts,Over,5.5,-114,57.60%,9.30%,LOSS,6.9,3,-5,53.30%,Wednesday,2026-07
2026-07-08,Marina Mabrey,Rebs + Asts,Under,5.5,-166,48.70%,-36.50%,LOSS,5.1,7,-5,62.40%,Wednesday,2026-07
2026-07-08,Marina Mabrey,Rebs + Asts,Under,7.5,108,51.20%,5.90%,LOSS,6.7,10,-5,48.10%,Wednesday,2026-07
2026-07-08,Marina Mabrey,Rebs + Asts,Under,10.5,-117,58.90%,10.70%,LOSS,9.5,13,-5,53.90%,Wednesday,2026-07
2026-07-08,Marina Mabrey,Rebs + Asts,Over,8.5,-132,59.40%,5.80%,LOSS,10.5,8,-5,56.90%,Wednesday,2026-07
2026-07-08,Marina Mabrey,Threes,Under,1.5,-220,68.40%,-1.00%,LOSS,0.93,2,-5,68.80%,Wednesday,2026-07
2026-07-08,Marina Mabrey,Threes,Over,1.5,-146,67.80%,20.80%,LOSS,3.2,1,-5,59.30%,Wednesday,2026-07
2026-07-08,Marina Mabrey,Threes,Over,1.5,178,43.90%,12.40%,LOSS,1.9,1,-5,36.00%,Wednesday,2026-07
2026-07-08,Marina Mabrey,Threes,Over,1.5,110,48.30%,1.30%,LOSS,1.8,0,-5,47.60%,Wednesday,2026-07
2026-07-08,Marina Mabrey,Threes,Under,1.5,-220,60.30%,-26.90%,WIN,1.3,1,2.27,68.80%,Wednesday,2026-07
2026-07-08,Marina Mabrey,Threes,Over,1.5,-114,63.10%,21.00%,LOSS,2.5,1,-5,53.30%,Wednesday,2026-07
2026-07-08,Marina Mabrey,Threes,Under,2.5,-114,64.60%,24.30%,WIN,1.4,2,4.39,53.30%,Wednesday,2026-07
2026-07-08,Marina Mabrey,Threes,Over,1.5,108,53.90%,11.10%,WIN,2.2,3,5.4,48.10%,Wednesday,2026-07
2026-07-08,Marina Mabrey,Threes,Over,2.5,-158,64.40%,8.00%,WIN,3.3,5,3.16,61.20%,Wednesday,2026-07
2026-07-08,Marina Mabrey,Threes,Under,1.5,-186,66.90%,5.30%,LOSS,0.89,2,-5,65.00%,Wednesday,2026-07
2026-07-08,Marina Mabrey,Threes,Under,3.5,-172,54.00%,-25.00%,WIN,3.5,0,2.91,63.20%,Wednesday,2026-07
2026-07-08,Marina Mabrey,Threes,Under,1.5,-136,63.00%,12.60%,WIN,0.84,0,3.68,57.60%,Wednesday,2026-07
2026-07-08,Marina Mabrey,Threes,Under,1.5,-200,60.40%,-18.80%,LOSS,1.3,2,-5,66.70%,Wednesday,2026-07
2026-07-08,Marina Mabrey,Threes,Under,1.5,-220,68.40%,-1.30%,LOSS,0.94,2,-5,68.80%,Wednesday,2026-07
2026-07-08,Marina Mabrey,Threes,Over,15,-120,59.30%,10.40%,LOSS,2.3,0,-5,54.50%,Wednesday,2026-07
2026-07-08,Marina Mabrey,Threes,Over,1.5,178,43.50%,11.80%,LOSS,1.8,1,-5,36.00%,Wednesday,2026-07
2026-07-09,Marina Mabrey,Assists,Over,2.5,-138,59.70%,4.00%,WIN,3.6,3,3.62,58.00%,Thursday,2026-07
2026-07-09,Marina Mabrey,Assists,Under,3.5,-122,55.60%,1.30%,WIN,3.2,0,4.1,55.00%,Thursday,2026-07
2026-07-09,Marina Mabrey,Assists,Under,5.5,112,51.20%,7.70%,WIN,4.9,5,5.6,47.20%,Thursday,2026-07
2026-07-09,Marina Mabrey,Assists,Under,7.5,-166,60.70%,-4.50%,WIN,7.6,7,3.01,62.40%,Thursday,2026-07
2026-07-09,Marina Mabrey,Assists,Over,6.5,110,49.10%,2.90%,WIN,11,7.6,5.5,47.60%,Thursday,2026-07
2026-07-09,Marina Mabrey,Assists,Under,4.5,-174,64.40%,2.40%,WIN,3.6,4,2.87,63.50%,Thursday,2026-07
2026-07-09,Marina Mabrey,Assists,Over,6.5,106,49.20%,1.30%,WIN,7.2,8,5.3,48.50%,Thursday,2026-07
2026-07-09,Marina Mabrey,Assists,Under,1.5,-125,45.30%,-23.00%,LOSS,1.1,2,-5,55.60%,Thursday,2026-07
2026-07-09,Marina Mabrey,Assists,Over,2.5,-166,63.10%,1.80%,WIN,3.6,8,3.01,62.40%,Thursday,2026-07
2026-07-09,Marina Mabrey,Assists,Under,4.5,-112,55.40%,5.40%,WIN,3.8,3,4.46,52.80%,Thursday,2026-07
2026-07-09,Marina Mabrey,Assists,Over,3.5,118,46.50%,1.10%,LOSS,3.5,2,-5,45.90%,Thursday,2026-07
2026-07-09,Marina Mabrey,Assists,Under,2.5,-138,59.30%,3.10%,LOSS,2.1,3,-5,58.00%,Thursday,2026-07
2026-07-09,Marina Mabrey,Assists,Under,4.5,-174,69.00%,15.10%,LOSS,2.3,5,-5,63.50%,Thursday,2026-07
2026-07-09,Marina Mabrey,Points,Over,23.5,-108,56.70%,9.90%,WIN,28.7,32,4.63,51.90%,Thursday,2026-07
2026-07-09,Marina Mabrey,Points,Over,17.5,-108,52.80%,1.90%,WIN,18.1,21,4.63,51.90%,Thursday,2026-07
2026-07-09,Marina Mabrey,Points,Over,18.5,-106,50.70%,-1.50%,WIN,18.6,22,4.72,51.50%,Thursday,2026-07
2026-07-09,Marina Mabrey,Points,Over,14.5,-106,53.20%,3.60%,WIN,16.8,18,4.72,51.50%,Thursday,2026-07
2026-07-09,Marina Mabrey,Points,Over,12.5,-106,52.00%,1.10%,LOSS,13.4,4,-5,51.50%,Thursday,2026-07
2026-07-09,Marina Mabrey,Points,Under,13.5,-125,59.30%,8.30%,WIN,10.3,9,4,55.60%,Thursday,2026-07
2026-07-09,Marina Mabrey,Points,Under,14.5,-114,55.40%,4.50%,WIN,12.9,13,4.39,53.30%,Thursday,2026-07
2026-07-09,Marina Mabrey,Points,Under,13.5,-106,54.80%,6.90%,WIN,11.4,8,4.72,51.50%,Thursday,2026-07
2026-07-09,Marina Mabrey,Points,Over,5.5,-122,56.60%,3.60%,LOSS,6.9,0,-5,55.00%,Thursday,2026-07
2026-07-09,Marina Mabrey,Points,Under,11.5,-128,56.90%,1.80%,WIN,9.5,9,3.91,56.10%,Thursday,2026-07
2026-07-09,Marina Mabrey,Points,Under,15.5,-128,59.00%,6.60%,WIN,12.5,15,3.91,56.10%,Thursday,2026-07
2026-07-09,Marina Mabrey,Points,Under,7.5,-102,54.60%,8.30%,LOSS,5.4,10,-5,50.50%,Thursday,2026-07
2026-07-09,Marina Mabrey,Points,Over,12.5,-108,49.30%,-5.60%,WIN,12.7,14,4.63,51.90%,Thursday,2026-07
2026-07-09,Marina Mabrey,Points,Over,17.5,-125,53.10%,-5.50%,WIN,17.9,19,4,55.60%,Thursday,2026-07
2026-07-09,Marina Mabrey,Points,Under,9.5,-130,60.40%,8.90%,WIN,7.7,6,3.85,56.50%,Thursday,2026-07
2026-07-09,Marina Mabrey,Points,Over,10.5,-102,50.50%,0.00%,WIN,11.3,14,4.9,50.50%,Thursday,2026-07
2026-07-09,Marina Mabrey,Points,Under,20.5,-125,60.80%,11.90%,LOSS,15.8,22,-5,55.60%,Thursday,2026-07
2026-07-09,Marina Mabrey,Points,Over,23.5,-122,56.40%,3.20%,WIN,25.9,29,4.1,55.00%,Thursday,2026-07
2026-07-09,Marina Mabrey,Points,Under,8.5,100,53.10%,6.20%,LOSS,6.7,10,-5,50.00%,Thursday,2026-07
2026-07-09,Marina Mabrey,Points,Under,12.5,-122,56.90%,4.40%,WIN,10.9,11,4.1,55.00%,Thursday,2026-07
2026-07-09,Marina Mabrey,Points,Over,6.5,-114,48.50%,-10.20%,WIN,6.9,14,4.39,53.30%,Thursday,2026-07
2026-07-09,Marina Mabrey,Points,Under,8.5,-118,58.90%,10.50%,WIN,5.8,2,4.24,54.10%,Thursday,2026-07
2026-07-09,Marina Mabrey,Points,Under,11.5,-106,54.10%,5.40%,LOSS,9,16,-5,51.50%,Thursday,2026-07
2026-07-09,Marina Mabrey,Points,Under,15.5,-132,62.60%,13.30%,LOSS,11.1,20,-5,56.90%,Thursday,2026-07
2026-07-09,Marina Mabrey,Points,Over,17.5,-110,55.80%,7.20%,WIN,21.8,19,4.55,52.40%,Thursday,2026-07
2026-07-09,Marina Mabrey,Points,Under,11.5,-130,57.00%,1.00%,WIN,9.8,8,3.85,56.50%,Thursday,2026-07
2026-07-09,Marina Mabrey,Points,Under,7.5,-106,55.30%,8.00%,LOSS,4.1,15,-5,51.50%,Thursday,2026-07
2026-07-09,Marina Mabrey,Points,Under,10.5,-102,57.00%,13.10%,WIN,6.4,10,4.9,50.50%,Thursday,2026-07
2026-07-09,Marina Mabrey,Pts + Asts,Over,26.5,-108,55.40%,7.30%,WIN,30.4,35,4.63,51.90%,Thursday,2026-07
2026-07-09,Marina Mabrey,Pts + Asts,Under,21.5,-130,51.90%,-10.90%,WIN,21.3,21,3.85,56.50%,Thursday,2026-07
2026-07-09,Marina Mabrey,Pts + Asts,Under,20.5,-108,53.80%,3.90%,WIN,17.8,18,4.63,51.90%,Thursday,2026-07
2026-07-09,Marina Mabrey,Pts + Asts,Under,21.5,-128,58.30%,4.90%,WIN,17.8,15,3.91,56.10%,Thursday,2026-07
2026-07-09,Marina Mabrey,Pts + Asts,Over,24.5,-112,45.90%,-14.70%,WIN,25.5,30,4.46,52.80%,Thursday,2026-07
2026-07-09,Marina Mabrey,Pts + Asts,Over,11.5,-125,56.50%,2.20%,LOSS,11.7,9,-5,55.60%,Thursday,2026-07
2026-07-09,Marina Mabrey,Pts + Asts,Over,16.5,-128,56.10%,0.00%,WIN,18.8,22,3.91,56.10%,Thursday,2026-07
2026-07-09,Marina Mabrey,Pts + Asts,Under,21.5,-108,55.10%,6.60%,LOSS,18,24,-5,51.90%,Thursday,2026-07
2026-07-09,Marina Mabrey,Pts + Asts,Under,26.5,-104,54.10%,6.40%,LOSS,25.1,37,-5,51.00%,Thursday,2026-07
2026-07-09,Marina Mabrey,Pts + Asts,Under,19.5,-106,56.80%,11.00%,LOSS,15.9,23,-5,51.50%,Thursday,2026-07
2026-07-09,Marina Mabrey,Pts + Asts,Over,20.5,-120,58.60%,9.00%,WIN,26.4,21,4.17,54.50%,Thursday,2026-07
2026-07-09,Marina Mabrey,Pts + Asts,Under,13.5,-128,52.50%,-8.30%,WIN,11.1,11,3.91,56.10%,Thursday,2026-07
2026-07-09,Marina Mabrey,Pts + Asts,Under,12.5,-136,49.40%,-19.50%,LOSS,6.1,20,-5,57.60%,Thursday,2026-07
2026-07-09,Marina Mabrey,Pts + Rebs,Over,31.5,-118,58.80%,10.10%,WIN,37.1,42,4.24,54.10%,Thursday,2026-07
2026-07-09,Marina Mabrey,Pts + Rebs,Over,26.5,-118,52.00%,-4.60%,WIN,26.8,30,4.24,54.10%,Thursday,2026-07
2026-07-09,Marina Mabrey,Pts + Rebs,Over,21.5,-114,54.50%,2.70%,WIN,22.7,25,4.39,53.30%,Thursday,2026-07
2026-07-09,Marina Mabrey,Pts + Rebs,Over,25.5,-112,55.80%,6.30%,WIN,28.9,29,4.46,52.80%,Thursday,2026-07
2026-07-09,Marina Mabrey,Pts + Rebs,Over,17.5,-108,54.00%,4.30%,LOSS,18.7,9,-5,51.90%,Thursday,2026-07
2026-07-09,Marina Mabrey,Pts + Rebs,Under,16.5,-104,52.00%,2.10%,WIN,14.2,15,4.81,51.00%,Thursday,2026-07
2026-07-09,Marina Mabrey,Pts + Rebs,Under,16.5,-105,50.90%,-0.60%,WIN,15.2,16,4.76,51.20%,Thursday,2026-07
2026-07-09,Marina Mabrey,Pts + Rebs,Under,18.5,-122,57.30%,5.10%,WIN,14.8,9,4.1,55.00%,Thursday,2026-07
2026-07-09,Marina Mabrey,Pts + Rebs,Under,22.5,-104,56.60%,11.40%,LOSS,18.5,24,-5,51.00%,Thursday,2026-07
2026-07-09,Marina Mabrey,Pts + Rebs,Under,13.5,-118,57.00%,6.30%,LOSS,9.8,17,-5,54.10%,Thursday,2026-07
2026-07-09,Marina Mabrey,Pts + Rebs,Over,17.5,-118,48.30%,-12.80%,LOSS,17.6,16,-5,54.10%,Thursday,2026-07
2026-07-09,Marina Mabrey,Pts + Rebs,Over,22.5,-127,55.70%,-0.50%,WIN,22.5,23,3.94,55.90%,Thursday,2026-07
2026-07-09,Marina Mabrey,Pts + Rebs,Under,12.5,-132,59.10%,5.20%,WIN,11.4,7,3.79,56.90%,Thursday,2026-07
2026-07-09,Marina Mabrey,Pts + Rebs,Under,23.5,-108,55.50%,7.30%,LOSS,20.9,27,-5,51.90%,Thursday,2026-07
2026-07-09,Marina Mabrey,Pts + Rebs,Under,25.5,-104,53.00%,4.20%,LOSS,24.9,31,-5,51.00%,Thursday,2026-07
2026-07-09,Marina Mabrey,Pts + Rebs,Under,13.5,-118,57.00%,6.30%,WIN,10.3,10,4.24,54.10%,Thursday,2026-07
2026-07-09,Marina Mabrey,Pts + Rebs,Under,16.5,-125,51.50%,-9.10%,WIN,14.9,14,4,55.60%,Thursday,2026-07
2026-07-09,Marina Mabrey,Pts + Rebs,Under,15.5,-120,59.30%,10.40%,WIN,10.9,4,4.17,54.50%,Thursday,2026-07
2026-07-09,Marina Mabrey,Pts + Rebs,Under,18.5,-102,52.00%,3.00%,WIN,15.1,18,4.9,50.50%,Thursday,2026-07
2026-07-09,Marina Mabrey,Pts + Rebs,Under,17.5,-126,56.10%,0.80%,LOSS,15,25,-5,55.80%,Thursday,2026-07
2026-07-09,Marina Mabrey,Pts + Rebs,Over,21.5,-106,55.60%,8.60%,WIN,25.3,23,4.72,51.50%,Thursday,2026-07
2026-07-09,Marina Mabrey,Pts + Rebs,Under,15.5,-112,54.20%,2.90%,WIN,13.2,14,4.46,52.80%,Thursday,2026-07
2026-07-09,Marina Mabrey,Pts + Rebs,Under,15.5,-106,56.90%,11.20%,WIN,9.5,12,4.72,51.50%,Thursday,2026-07
2026-07-09,Marina Mabrey,Rebs + Asts,Over,10.5,-136,60.30%,6.20%,WIN,12.2,13,3.68,57.60%,Thursday,2026-07
2026-07-09,Marina Mabrey,Rebs + Asts,Under,12.5,-106,52.00%,1.20%,WIN,12.4,9,4.72,51.50%,Thursday,2026-07
2026-07-09,Marina Mabrey,Rebs + Asts,Under,8.5,-121,60.40%,12.60%,WIN,6.9,8,4.13,54.80%,Thursday,2026-07
2026-07-09,Marina Mabrey,Rebs + Asts,Under,11.5,-125,53.20%,-5.20%,WIN,11.2,8,4,55.60%,Thursday,2026-07
2026-07-09,Marina Mabrey,Rebs + Asts,Under,11.5,-136,57.80%,0.40%,LOSS,10.9,15,-5,57.60%,Thursday,2026-07
2026-07-09,Marina Mabrey,Rebs + Asts,Under,5.5,-162,48.40%,-35.20%,LOSS,4.5,7,-5,61.80%,Thursday,2026-07
2026-07-09,Marina Mabrey,Rebs + Asts,Over,4.5,-166,66.70%,11.40%,WIN,5.1,10,3.01,62.40%,Thursday,2026-07
2026-07-09,Marina Mabrey,Rebs + Asts,Under,7.5,-149,59.50%,-0.90%,LOSS,6.4,8,-5,59.80%,Thursday,2026-07
2026-07-09,Marina Mabrey,Rebs + Asts,Under,7.5,-154,50.50%,-25.70%,WIN,7.3,6,3.25,60.60%,Thursday,2026-07
2026-07-09,Marina Mabrey,Rebs + Asts,Over,6.5,-121,55.80%,2.30%,WIN,6,9,4.13,54.80%,Thursday,2026-07
2026-07-09,Marina Mabrey,Threes,Over,0.5,-177,64.40%,1.50%,WIN,1.2,1,2.82,63.90%,Thursday,2026-07
2026-07-09,Marina Mabrey,Threes,Under,1.5,-270,64.70%,-30.60%,LOSS,1.2,3,-5,73.00%,Thursday,2026-07
2026-07-09,Marina Mabrey,Threes,Over,1.5,-120,54.70%,0.40%,LOSS,1.9,1,-5,54.50%,Thursday,2026-07
2026-07-09,Marina Mabrey,Threes,Over,1.5,-106,56.20%,98.00%,LOSS,2.2,0,-5,51.50%,Thursday,2026-07
2026-07-09,Marina Mabrey,Threes,Under,2.5,-136,57.80%,0.40%,LOSS,2.3,3,-5,57.60%,Thursday,2026-07
2026-07-09,Marina Mabrey,Threes,Over,0.5,-158,57.40%,-10.00%,LOSS,0.74,0,-5,61.20%,Thursday,2026-07
2026-07-09,Marina Mabrey,Threes,Over,1.5,-178,63.70%,-0.90%,LOSS,2.1,1,-5,64.00%,Thursday,2026-07
2026-07-09,Marina Mabrey,Threes,Under,1.5,-144,63.40%,10.70%,WIN,0.88,1,3.47,59.00%,Thursday,2026-07
2026-07-09,Marina Mabrey,Threes,Over,0.5,-227,60.10%,-30.50%,WIN,0.73,1,2.2,69.40%,Thursday,2026-07
2026-07-09,Marina Mabrey,Threes,Over,1.5,130,49.30%,10.40%,LOSS,1.9,0,-5,43.50%,Thursday,2026-07
2026-07-09,Marina Mabrey,Threes,Under,2.5,-200,71.80%,15.30%,LOSS,1.6,3,-5,66.70%,Thursday,2026-07
2026-07-09,Marina Mabrey,Threes,Under,1.5,-210,62.50%,-16.20%,LOSS,2.1,2,-5,67.70%,Thursday,2026-07
2026-07-09,Marina Mabrey,Threes,Under,1.5,112,60.60%,25.40%,LOSS,0.68,3,-5,47.20%,Thursday,2026-07
2026-07-09,Marina Mabrey,Threes,Over,2.5,-162,65.70%,10.20%,WIN,3.5,3,3.09,61.80%,Thursday,2026-07
2026-07-09,Marina Mabrey,Threes,Under,1.5,-186,67.00%,5.60%,LOSS,0.88,2,-5,65.00%,Thursday,2026-07
2026-07-09,Marina Mabrey,Threes,Under,1.5,-158,64.20%,7.50%,WIN,0.93,1,3.16,61.20%,Thursday,2026-07
2026-07-09,Marina Mabrey,Threes,Under,2.5,-205,71.80%,14.00%,LOSS,1.7,3,-5,67.20%,Thursday,2026-07
2026-07-09,Marina Mabrey,Threes,Over,2.5,-180,76.40%,33.90%,WIN,5.2,4,2.78,64.30%,Thursday,2026-07
2026-07-09,Marina Mabrey,Threes,Under,1.5,-168,57.10%,-15.00%,WIN,1.3,1,2.98,62.70%,Thursday,2026-07
2026-07-09,Marina Mabrey,Threes,Under,1.5,-186,71.30%,18.00%,LOSS,0.32,3,-5,65.00%,Thursday,2026-07
2026-07-09,Marina Mabrey,Threes,Under,1.5,-250,75.20%,13.00%,LOSS,0.51,2,-5,71.40%,Thursday,2026-07
2026-07-10,Marina Mabrey,Assists,Under,2.5,-102,53.30%,5.70%,WIN,2.3,2,4.9,50.50%,Friday,2026-07
2026-07-10,Marina Mabrey,Assists,Under,2.5,-162,54.60%,-18.90%,WIN,2.4,2,3.09,61.80%,Friday,2026-07
2026-07-10,Marina Mabrey,Assists,Under,3.5,-136,58.90%,3.00%,WIN,2.9,2,3.68,57.60%,Friday,2026-07
2026-07-10,Marina Mabrey,Assists,Over,5.5,-122,52.80%,-4.80%,LOSS,5.9,4,-5,55.00%,Friday,2026-07
2026-07-10,Marina Mabrey,Assists,Under,2.5,118,49.60%,6.90%,LOSS,2.3,3,-5,45.90%,Friday,2026-07
2026-07-10,Marina Mabrey,Assists,Under,5.5,-154,64.10%,8.80%,LOSS,4,8,-5,60.60%,Friday,2026-07
2026-07-10,Marina Mabrey,Assists,Under,5.5,-146,61.00%,4.10%,WIN,4.9,3,3.42,59.30%,Friday,2026-07
2026-07-10,Marina Mabrey,Assists,Under,6.5,-106,52.60%,2.40%,LOSS,6.2,8,-5,51.50%,Friday,2026-07
2026-07-10,Marina Mabrey,Assists,Over,2.5,-120,52.60%,-4.30%,LOSS,2.7,2,-5,54.50%,Friday,2026-07
2026-07-10,Marina Mabrey,Assists,Under,4.5,-144,59.40%,0.90%,LOSS,4.2,6,-5,59.00%,Friday,2026-07
2026-07-10,Marina Mabrey,Assists,Over,3.5,-158,54.90%,-16.30%,LOSS,4,1,-5,61.20%,Friday,2026-07
2026-07-10,Marina Mabrey,Assists,Over,4.5,-148,54.60%,-12.50%,WIN,5.1,7,3.38,59.70%,Friday,2026-07
2026-07-10,Marina Mabrey,Assists,Under,2.5,124,46.50%,3.30%,LOSS,2.4,5,-5,44.60%,Friday,2026-07
2026-07-10,Marina Mabrey,Assists,Under,2.5,-128,57.80%,3.80%,LOSS,1.3,4,-5,56.10%,Friday,2026-07
2026-07-10,Marina Mabrey,Assists,Over,6.5,-118,50.80%,-7.20%,LOSS,7.1,6,-5,54.10%,Friday,2026-07
2026-07-10,Marina Mabrey,Assists,Over,5.5,-108,54.10%,4.50%,WIN,6.5,6,4.63,51.90%,Friday,2026-07
2026-07-10,Marina Mabrey,Points,Under,9.5,-110,54.80%,5.00%,LOSS,8.1,17,-5,52.40%,Friday,2026-07
2026-07-10,Marina Mabrey,Points,Under,13.5,-128,58.00%,4.30%,LOSS,11.5,20,-5,56.10%,Friday,2026-07
2026-07-10,Marina Mabrey,Points,Under,6.5,-135,59.30%,4.20%,WIN,4.6,3,3.7,57.40%,Friday,2026-07
2026-07-10,Marina Mabrey,Points,Under,12.5,-106,55.50%,8.30%,WIN,9.2,10,4.72,51.50%,Friday,2026-07
2026-07-10,Marina Mabrey,Points,Under,13.5,-122,56.10%,2.60%,LOSS,15,13,-5,55.00%,Friday,2026-07
2026-07-10,Marina Mabrey,Points,Over,7.5,-121,56.90%,4.80%,LOSS,10.2,4,-5,54.80%,Friday,2026-07
2026-07-10,Marina Mabrey,Points,Under,8.5,-114,53.70%,0.90%,LOSS,8,10,-5,53.30%,Friday,2026-07
2026-07-10,Marina Mabrey,Points,Over,9.5,100,54.40%,8.90%,LOSS,12.8,6,-5,50.00%,Friday,2026-07
2026-07-10,Marina Mabrey,Points,Under,16.5,-120,56.00%,3.30%,LOSS,14.9,17,-5,54.50%,Friday,2026-07
2026-07-10,Marine Johannes,Points,Over,8.5,-106,52.50%,2.20%,WIN,9.6,15,4.72,51.50%,Friday,2026-07
2026-07-10,Marine Johannes,Points,Under,13.5,-114,56.70%,7.30%,LOSS,10.6,18,-5,53.30%,Friday,2026-07
2026-07-10,Marine Johannes,Points,Over,11.5,-108,54.70%,5.70%,WIN,14.4,16,4.63,51.90%,Friday,2026-07
2026-07-10,Marine Johannes,Points,Under,14.5,-114,59.50%,13.30%,LOSS,9.5,20,-5,53.30%,Friday,2026-07
2026-07-10,Marine Johannes,Points,Under,7.5,100,54.20%,8.40%,WIN,5.9,3,5,50.00%,Friday,2026-07
2026-07-10,Marine Johannes,Points,Under,14.5,-110,53.70%,2.80%,LOSS,14,15,-5,52.40%,Friday,2026-07
2026-07-10,Marine Johannes,Points,Over,8.5,-120,52.60%,-4.20%,LOSS,9,2,-5,54.50%,Friday,2026-07
2026-07-10,Marine Johannes,Points,Under,8.5,-132,55.70%,-2.70%,WIN,8,0,3.79,56.90%,Friday,2026-07
2026-07-10,Marine Johannes,Points,Under,8.5,-130,57.50%,1.90%,LOSS,7.4,25,-5,56.50%,Friday,2026-07
2026-07-10,Marine Johannes,Points,Over,12.5,-114,49.00%,-9.10%,LOSS,12.6,8,-5,53.30%,Friday,2026-07
2026-07-10,Marine Johannes,Points,Under,10.5,-118,57.30%,6.90%,LOSS,8.3,12,-5,54.10%,Friday,2026-07
2026-07-10,Marine Johannes,Points,Under,21.5,-114,58.10%,10.40%,LOSS,17.1,34,-5,53.30%,Friday,2026-07
2026-07-10,Marine Johannes,Points,Over,10.5,-113,53.20%,0.40%,LOSS,11.6,9,-5,53.10%,Friday,2026-07
2026-07-10,Marine Johannes,Points,Under,17.5,-118,56.50%,5.20%,LOSS,15.2,25,-5,54.10%,Friday,2026-07
2026-07-10,Marine Johannes,Points,Under,11.5,-120,55.40%,1.90%,LOSS,9.7,12,-5,54.50%,Friday,2026-07
2026-07-10,Marine Johannes,Points,Under,21.5,-130,59.20%,6.20%,LOSS,20.6,34,-5,56.50%,Friday,2026-07
2026-07-10,Marine Johannes,Points,Under,15.5,-130,62.60%,14.00%,LOSS,9.3,17,-5,56.50%,Friday,2026-07
2026-07-10,Marine Johannes,Points,Under,16.5,-115,56.80%,7.10%,WIN,14.2,15,4.35,53.50%,Friday,2026-07
2026-07-10,Marine Johannes,Points,Over,11.5,-104,52.90%,3.90%,WIN,12.4,17,4.81,51.00%,Friday,2026-07
2026-07-10,Marine Johannes,Pts + Asts,Under,15.5,-112,55.60%,5.80%,WIN,12.3,12,4.46,52.80%,Friday,2026-07
2026-07-10,Marine Johannes,Pts + Asts,Over,16.5,-102,52.00%,3.10%,LOSS,18.3,15,-5,50.50%,Friday,2026-07
2026-07-10,Marine Johannes,Pts + Asts,Under,12.5,-132,49.00%,-18.30%,WIN,10.9,12,3.79,56.90%,Friday,2026-07
2026-07-10,Marine Johannes,Pts + Asts,Over,15.5,-132,59.50%,6.00%,LOSS,17.1,10,-5,56.90%,Friday,2026-07
2026-07-10,Marine Johannes,Pts + Asts,Under,19.5,-122,55.20%,0.60%,LOSS,17.7,20,-5,55.00%,Friday,2026-07
2026-07-10,Marine Johannes,Pts + Asts,Over,13.5,-122,48.00%,-15.50%,WIN,13.7,27,4.1,55.00%,Friday,2026-07
2026-07-10,Marine Johannes,Pts + Asts,Under,20.5,-132,61.60%,10.90%,LOSS,16.1,24,-5,56.90%,Friday,2026-07
2026-07-10,Marine Johannes,Pts + Asts,Under,14.5,-106,52.70%,2.60%,WIN,10.5,11,4.72,51.50%,Friday,2026-07
2026-07-10,Marine Johannes,Pts + Asts,Under,17.5,-109,51.70%,-0.90%,WIN,16.9,17,4.59,52.20%,Friday,2026-07
2026-07-10,Marine Johannes,Pts + Asts,Under,16.5,-132,56.00%,-2.10%,WIN,16.6,14,3.79,56.90%,Friday,2026-07
2026-07-10,Marine Johannes,Pts + Asts,Under,25.5,-112,56.80%,8.30%,LOSS,21.9,35,-5,52.80%,Friday,2026-07
2026-07-10,Marine Johannes,Pts + Asts,Over,15.5,-118,46.60%,-16.50%,WIN,16.1,16,4.24,54.10%,Friday,2026-07
2026-07-10,Marine Johannes,Pts + Asts,Under,20.5,-114,54.70%,3.10%,LOSS,19.1,30,-5,53.30%,Friday,2026-07
2026-07-10,Marine Johannes,Pts + Asts,Under,13.5,-110,52.40%,0.10%,LOSS,10.3,16,-5,52.40%,Friday,2026-07
2026-07-10,Marine Johannes,Pts + Asts,Under,27.5,-104,54.10%,6.30%,LOSS,26.8,40,-5,51.00%,Friday,2026-07
2026-07-10,Marine Johannes,Pts + Asts,Under,18.5,-128,61.10%,11.40%,LOSS,12.5,21,-5,56.10%,Friday,2026-07
2026-07-10,Marine Johannes,Pts + Asts,Over,16.5,-132,57.50%,1.30%,WIN,19.7,23,3.79,56.90%,Friday,2026-07
2026-07-10,Marine Johannes,Pts + Rebs,Under,12.5,102,52.90%,6.80%,LOSS,11.7,20,-5,49.50%,Friday,2026-07
2026-07-10,Marine Johannes,Pts + Rebs,Over,15.5,-122,53.00%,-4.20%,WIN,16,23,4.1,55.00%,Friday,2026-07
2026-07-10,Marine Johannes,Pts + Rebs,Under,10.5,-118,52.90%,-2.80%,WIN,8.7,4,4.24,54.10%,Friday,2026-07
2026-07-10,Marine Johannes,Pts + Rebs,Under,19.5,-102,54.10%,7.40%,WIN,16.9,18,4.9,50.50%,Friday,2026-07
2026-07-10,Marine Johannes,Pts + Rebs,Over,16.5,-106,54.40%,6.10%,LOSS,18.4,15,-5,51.50%,Friday,2026-07
2026-07-10,Marine Johannes,Pts + Rebs,Over,11.5,-116,59.10%,11.70%,LOSS,16,9,-5,53.70%,Friday,2026-07
2026-07-10,Marine Johannes,Pts + Rebs,Under,25.5,-104,52.30%,2.70%,WIN,23.4,24,4.81,51.00%,Friday,2026-07
2026-07-10,Marine Johannes,Pts + Rebs,Under,20.5,-128,60.90%,10.90%,LOSS,15,26,-5,56.10%,Friday,2026-07
2026-07-10,Marine Johannes,Pts + Rebs,Under,26.5,-110,57.70%,11.10%,LOSS,21.3,37,-5,52.40%,Friday,2026-07
2026-07-10,Marine Johannes,Pts + Rebs,Under,11.5,-132,57.60%,1.60%,WIN,10.3,8,3.79,56.90%,Friday,2026-07
2026-07-10,Marine Johannes,Pts + Rebs,Over,23.5,-128,56.30%,0.30%,LOSS,22.9,23,-5,56.10%,Friday,2026-07
2026-07-10,Marine Johannes,Pts + Rebs,Under,13.5,-132,47.90%,-20.80%,WIN,14.5,6,3.79,56.90%,Friday,2026-07
2026-07-10,Marine Johannes,Pts + Rebs,Under,11.5,-122,56.10%,2.50%,WIN,10.6,2,4.1,55.00%,Friday,2026-07
2026-07-10,Marine Johannes,Pts + Rebs,Under,14.5,-114,45.90%,-15.90%,WIN,14.3,11,4.39,53.30%,Friday,2026-07
2026-07-10,Marine Johannes,Pts + Rebs,Under,15.5,-121,56.10%,2.90%,WIN,12.8,15,4.13,54.80%,Friday,2026-07
2026-07-10,Marine Johannes,Pts + Rebs,Under,25.5,-112,56.70%,8.20%,LOSS,21.4,35,-5,52.80%,Friday,2026-07
2026-07-10,Marine Johannes,Pts + Rebs,Over,13.5,-128,58.10%,4.40%,LOSS,14.9,11,-5,56.10%,Friday,2026-07
2026-07-10,Marine Johannes,Pts + Rebs,Under,25.5,-130,59.30%,6.50%,LOSS,24.5,37,-5,56.50%,Friday,2026-07
2026-07-10,Marine Johannes,Pts + Rebs,Under,18.5,-106,55.20%,7.80%,LOSS,14.4,20,-5,51.50%,Friday,2026-07
2026-07-10,Marine Johannes,Pts + Rebs,Under,25.5,-125,57.40%,4.00%,LOSS,24.5,40,-5,55.60%,Friday,2026-07
2026-07-10,Marine Johannes,Pts + Rebs,Under,17.5,-114,57.40%,8.70%,LOSS,13,18,-5,53.30%,Friday,2026-07
2026-07-10,Marine Johannes,Pts + Rebs,Over,14.6,-118,55.20%,2.20%,WIN,16.5,20,4.24,54.10%,Friday,2026-07
2026-07-10,Marine Johannes,Rebs + Asts,Under,9.5,-106,55.00%,7.30%,LOSS,8.4,10,-5,51.50%,Friday,2026-07
2026-07-10,Marine Johannes,Rebs + Asts,Over,4.5,-130,62.40%,13.50%,LOSS,4.5,4,-5,56.50%,Friday,2026-07
2026-07-10,Megan DiLeo,Rebs + Asts,Over,8.5,102,51.80%,4.60%,LOSS,9,7,-5,49.50%,Friday,2026-07
2026-07-10,Megan DiLeo,Rebs + Asts,Under,11.5,-118,61.70%,16.40%,WIN,9.2,10,4.24,54.10%,Friday,2026-07
2026-07-10,Megan DiLeo,Rebs + Asts,Under,17.5,-120,55.40%,1.80%,LOSS,16.6,20,-5,54.50%,Friday,2026-07
2026-07-10,Megan DiLeo,Rebs + Asts,Under,9.5,110,50.00%,4.50%,LOSS,8.9,13,-5,47.60%,Friday,2026-07
2026-07-10,Megan DiLeo,Rebs + Asts,Over,10.5,-140,50.20%,-19.60%,LOSS,10.7,10,-5,58.30%,Friday,2026-07
2026-07-10,Megan DiLeo,Rebs + Asts,Under,6.5,-138,48.40%,-22.80%,LOSS,5.9,9,-5,58.00%,Friday,2026-07
2026-07-10,Megan DiLeo,Rebs + Asts,Under,8.5,-152,64.50%,10.60%,WIN,6.8,2,3.29,60.30%,Friday,2026-07
2026-07-10,Megan DiLeo,Rebs + Asts,Under,8.5,-136,48.90%,-20.50%,LOSS,8.4,9,-5,57.60%,Friday,2026-07
2026-07-10,Megan DiLeo,Rebs + Asts,Under,11.5,-118,61.50%,16.20%,LOSS,9.6,17,-5,54.10%,Friday,2026-07
2026-07-10,Megan DiLeo,Rebs + Asts,Under,9.5,-118,62.00%,17.10%,LOSS,6.4,12,-5,54.10%,Friday,2026-07
2026-07-10,Megan DiLeo,Rebs + Asts,Over,10.5,-132,49.50%,-17.10%,WIN,10.7,12,3.79,56.90%,Friday,2026-07
2026-07-10,Megan DiLeo,Rebs + Asts,Over,8.5,-136,59.00%,3.20%,WIN,10.2,9,3.68,57.60%,Friday,2026-07
2026-07-10,Megan DiLeo,Threes,Over,1.5,-158,50.00%,-29.00%,LOSS,1.7,1,-5,61.20%,Friday,2026-07
2026-07-10,Megan DiLeo,Threes,Under,1.5,-154,60.80%,0.50%,WIN,1.2,1,3.25,60.60%,Friday,2026-07
2026-07-10,Megan DiLeo,Threes,Over,1.5,-146,57.70%,-4.10%,WIN,1.9,3,3.42,59.30%,Friday,2026-07
2026-07-10,Megan DiLeo,Threes,Over,1.5,-200,72.10%,16.40%,WIN,3.1,4,2.5,66.70%,Friday,2026-07
2026-07-10,Megan DiLeo,Threes,Under,1.5,-245,60.50%,-36.20%,WIN,1.4,1,2.04,71.00%,Friday,2026-07
2026-07-10,Megan DiLeo,Threes,Over,1.5,126,55.70%,20.50%,LOSS,2.5,0,-5,44.20%,Friday,2026-07
2026-07-10,Megan DiLeo,Threes,Under,1.5,-245,61.00%,-34.60%,WIN,1.5,0,2.04,71.00%,Friday,2026-07
2026-07-10,Megan DiLeo,Threes,Under,1.5,-200,63.30%,-10.20%,WIN,1.1,1,2.5,66.70%,Friday,2026-07
2026-07-10,Megan DiLeo,Threes,Under,1.5,-136,55.60%,-4.70%,LOSS,1.7,2,-5,57.60%,Friday,2026-07
2026-07-10,Megan DiLeo,Threes,Under,3.5,-158,68.70%,19.20%,LOSS,2.6,6,-5,61.20%,Friday,2026-07
2026-07-10,Megan DiLeo,Threes,Under,1.5,-200,60.00%,-20.10%,LOSS,1.3,3,-5,66.70%,Friday,2026-07
2026-07-10,Megan DiLeo,Threes,Over,1.5,-122,58.20%,7.20%,WIN,2.1,2,4.1,55.00%,Friday,2026-07
2026-07-10,Megan DiLeo,Threes,Under,1.5,-220,61.00%,-24.90%,LOSS,1.3,4,-5,68.80%,Friday,2026-07
2026-07-10,Megan DiLeo,Threes,Under,2.5,-186,63.40%,-4.60%,WIN,2,2,2.69,65.00%,Friday,2026-07
2026-07-10,Megan DiLeo,Threes,Over,1.5,148,41.20%,1.60%,LOSS,1.6,1,-5,40.30%,Friday,2026-07
2026-07-11,Megan DiLeo,Assists,Over,3.5,130,45.50%,3.60%,LOSS,3.8,3,-5,43.50%,Saturday,2026-07
2026-07-11,Megan DiLeo,Assists,Under,2.5,-143,52.00%,-16.70%,WIN,2.5,2,3.5,58.80%,Saturday,2026-07
2026-07-11,Megan DiLeo,Assists,Over,8.5,102,51.40%,3.70%,LOSS,9.1,1,-5,49.50%,Saturday,2026-07
2026-07-11,Megan DiLeo,Assists,Under,3.5,-172,64.20%,2.70%,WIN,2.6,3,2.91,63.20%,Saturday,2026-07
2026-07-11,Megan DiLeo,Assists,Under,5.5,-132,58.80%,4.30%,LOSS,5,10,-5,56.90%,Saturday,2026-07
2026-07-11,Megan DiLeo,Assists,Under,7.5,-136,58.40%,1.70%,LOSS,7.6,12,-5,57.60%,Saturday,2026-07
2026-07-11,Megan DiLeo,Assists,Under,4.5,-128,57.00%,2.00%,WIN,4.2,1,3.91,56.10%,Saturday,2026-07
2026-07-11,Megan DiLeo,Assists,Over,6.5,-154,62.70%,5.30%,LOSS,8,6,-5,60.60%,Saturday,2026-07
2026-07-11,Megan DiLeo,Assists,Under,2.5,106,51.70%,6.20%,WIN,2.3,2,5.3,48.50%,Saturday,2026-07
2026-07-11,Megan DiLeo,Assists,Under,7.5,-136,59.10%,3.40%,LOSS,7.2,12,-5,57.60%,Saturday,2026-07
2026-07-11,Megan DiLeo,Assists,Under,3.5,-192,66.20%,1.20%,WIN,2.7,2,2.6,65.80%,Saturday,2026-07
2026-07-11,Megan DiLeo,Assists,Over,5.5,-136,58.50%,2.00%,LOSS,6.4,4,-5,57.60%,Saturday,2026-07
2026-07-11,Megan DiLeo,Assists,Over,3.5,-174,55.70%,-21.50%,LOSS,3.7,2,-5,63.50%,Saturday,2026-07
2026-07-11,Megan DiLeo,Assists,Over,2.5,-168,63.70%,2.70%,WIN,3.7,4,2.98,62.70%,Saturday,2026-07
2026-07-11,Megan DiLeo,Assists,Under,4.5,-112,54.40%,3.30%,LOSS,4.2,5,-5,52.80%,Saturday,2026-07
2026-07-11,Michaela Onyenwere,Points,Over,24.5,-118,57.90%,8.10%,LOSS,29.1,21,-5,54.10%,Saturday,2026-07
2026-07-11,Michaela Onyenwere,Points,Over,18.5,-110,53.50%,2.40%,WIN,20,20,4.55,52.40%,Saturday,2026-07
2026-07-11,Michaela Onyenwere,Points,Under,14.5,-128,57.60%,3.40%,WIN,12.9,7,3.91,56.10%,Saturday,2026-07
2026-07-11,Michaela Onyenwere,Points,Under,19.5,-115,54.20%,1.60%,WIN,18.3,17,4.35,53.50%,Saturday,2026-07
2026-07-11,Michaela Onyenwere,Points,Under,13.5,-114,57.00%,8.00%,WIN,10.5,12,4.39,53.30%,Saturday,2026-07
2026-07-11,Michaela Onyenwere,Points,Under,14.5,-104,57.20%,12.60%,WIN,11.1,13,4.81,51.00%,Saturday,2026-07
2026-07-11,Michaela Onyenwere,Points,Under,12.5,-132,58.30%,3.20%,LOSS,11.2,15,-5,56.90%,Saturday,2026-07
2026-07-11,Michaela Onyenwere,Points,Under,16.5,-118,56.60%,5.50%,WIN,14.5,12,4.24,54.10%,Saturday,2026-07
2026-07-11,Michaela Onyenwere,Points,Under,10.5,-113,53.30%,0.50%,WIN,10.3,2,4.42,53.10%,Saturday,2026-07
2026-07-11,Michaela Onyenwere,Points,Under,8.5,-125,60.00%,10.10%,LOSS,6.2,14,-5,55.60%,Saturday,2026-07
2026-07-11,Michaela Onyenwere,Points,Over,16.5,-130,58.10%,3.60%,LOSS,18.4,8,-5,56.50%,Saturday,2026-07
2026-07-11,Michaela Onyenwere,Points,Over,8.5,-130,57.20%,1.60%,WIN,10.2,9,3.85,56.50%,Saturday,2026-07
2026-07-11,Michaela Onyenwere,Points,Under,14.5,-122,60.60%,12.60%,LOSS,10.6,15,-5,55.00%,Saturday,2026-07
2026-07-11,Michaela Onyenwere,Points,Under,11.5,-108,53.20%,2.70%,WIN,10.3,10,4.63,51.90%,Saturday,2026-07
2026-07-11,Michaela Onyenwere,Points,Under,20.5,-115,56.00%,5.40%,WIN,17.5,9,4.35,53.50%,Saturday,2026-07
2026-07-11,Michaela Onyenwere,Points,Over,15.5,-130,59.60%,7.20%,LOSS,13.2,25,-5,56.50%,Saturday,2026-07
2026-07-11,Michaela Onyenwere,Points,Under,7.5,-130,59.30%,6.40%,LOSS,6,14,-5,56.50%,Saturday,2026-07
2026-07-11,Michaela Onyenwere,Points,Under,12.5,-125,57.20%,3.70%,LOSS,10.7,17,-5,55.60%,Saturday,2026-07
2026-07-11,Michaela Onyenwere,Points,Under,11.5,-128,57.50%,3.10%,LOSS,9.1,14,-5,56.10%,Saturday,2026-07
2026-07-11,Michaela Onyenwere,Points,Under,14.5,-106,53.00%,3.20%,LOSS,13.4,16,-5,51.50%,Saturday,2026-07
2026-07-11,Monique Akoa Makani,Points,Under,8.5,-132,61.10%,9.70%,WIN,5.1,3,3.79,56.90%,Saturday,2026-07
2026-07-11,Monique Akoa Makani,Points,Over,17.5,-102,53.90%,6.90%,WIN,20,23,4.9,50.50%,Saturday,2026-07
2026-07-11,Monique Akoa Makani,Points,Under,9.5,-118,60.30%,13.50%,WIN,5.5,4,4.24,54.10%,Saturday,2026-07
2026-07-11,Monique Akoa Makani,Points,Over,18.5,-115,54.90%,3.10%,LOSS,23.5,10,-5,53.50%,Saturday,2026-07
2026-07-11,Monique Akoa Makani,Points,Under,15.5,-138,63.50%,13.20%,LOSS,11,25,-5,58.00%,Saturday,2026-07
2026-07-11,Monique Akoa Makani,Points,Under,9.5,100,54.90%,9.80%,WIN,6.6,5,5,50.00%,Saturday,2026-07
2026-07-11,Monique Akoa Makani,Pts + Asts,Over,27.5,-102,52.80%,4.60%,LOSS,30.8,24,-5,50.50%,Saturday,2026-07
2026-07-11,Monique Akoa Makani,Pts + Asts,Over,20.5,-125,55.10%,-1.10%,WIN,22.1,22,4,55.60%,Saturday,2026-07
2026-07-11,Monique Akoa Makani,Pts + Asts,Over,22.5,-120,47.20%,-16.10%,LOSS,22.6,8,-5,54.50%,Saturday,2026-07
2026-07-11,Monique Akoa Makani,Pts + Asts,Over,22.5,-122,47.50%,-16.60%,LOSS,22.8,20,-5,55.00%,Saturday,2026-07
2026-07-11,Monique Akoa Makani,Pts + Asts,Under,15.5,-109,55.00%,6.00%,LOSS,12.1,16,-5,52.20%,Saturday,2026-07
2026-07-11,Monique Akoa Makani,Pts + Asts,Under,20.5,-114,57.40%,8.90%,LOSS,16.6,23,-5,53.30%,Saturday,2026-07
2026-07-11,Monique Akoa Makani,Pts + Asts,Under,19.5,-112,53.40%,1.30%,LOSS,18.1,27,-5,52.80%,Saturday,2026-07
2026-07-11,Monique Akoa Makani,Pts + Asts,Under,21.5,-132,58.60%,4.00%,WIN,19.4,13,3.79,56.90%,Saturday,2026-07
2026-07-11,Monique Akoa Makani,Pts + Asts,Over,24.5,-108,46.40%,-11.40%,LOSS,25.7,14,-5,51.90%,Saturday,2026-07
2026-07-11,Monique Akoa Makani,Pts + Asts,Under,17.5,-128,59.20%,7.00%,WIN,13.9,17,3.91,56.10%,Saturday,2026-07
2026-07-11,Monique Akoa Makani,Pts + Asts,Under,19.5,-125,55.40%,-0.30%,LOSS,17.9,22,-5,55.60%,Saturday,2026-07
2026-07-11,Monique Akoa Makani,Pts + Asts,Under,18.5,-125,57.50%,4.40%,LOSS,16.3,27,-5,55.60%,Saturday,2026-07
2026-07-11,Monique Akoa Makani,Pts + Asts,Over,23.5,-104,51.40%,0.80%,WIN,26.1,27,4.81,51.00%,Saturday,2026-07
2026-07-11,Monique Akoa Makani,Pts + Asts,Under,13.5,-108,52.00%,0.30%,WIN,10.1,6,4.63,51.90%,Saturday,2026-07
2026-07-11,Monique Akoa Makani,Pts + Asts,Over,21.5,-130,60.60%,9.50%,LOSS,27.2,14,-5,56.50%,Saturday,2026-07
2026-07-11,Monique Akoa Makani,Pts + Asts,Under,19.5,-110,57.90%,11.60%,LOSS,15.4,30,-5,52.40%,Saturday,2026-07
2026-07-11,Monique Akoa Makani,Pts + Rebs,Over,34.5,-106,54.40%,6.20%,WIN,37.7,36,4.72,51.50%,Saturday,2026-07
2026-07-11,Monique Akoa Makani,Pts + Rebs,Over,21.5,-125,56.80%,2.70%,WIN,23.3,23,4,55.60%,Saturday,2026-07
2026-07-11,Monique Akoa Makani,Pts + Rebs,Under,21.5,-128,57.00%,1.90%,WIN,20.7,13,3.91,56.10%,Saturday,2026-07
2026-07-11,Monique Akoa Makani,Pts + Rebs,Over,27.5,-118,46.80%,-11.90%,LOSS,28.2,24,-5,54.10%,Saturday,2026-07
2026-07-11,Monique Akoa Makani,Pts + Rebs,Under,17.5,-114,55.90%,5.70%,WIN,13.9,15,4.39,53.30%,Saturday,2026-07
2026-07-11,Monique Akoa Makani,Pts + Rebs,Under,16.5,-124,58.40%,6.90%,WIN,13.4,16,4.03,55.40%,Saturday,2026-07
2026-07-11,Monique Akoa Makani,Pts + Rebs,Under,15.5,-132,50.70%,-14.40%,LOSS,15.3,16,-5,56.90%,Saturday,2026-07
2026-07-11,Monique Akoa Makani,Pts + Rebs,Under,21.5,-118,56.60%,5.30%,LOSS,19.9,24,-5,54.10%,Saturday,2026-07
2026-07-11,Monique Akoa Makani,Pts + Rebs,Under,16.5,-102,52.00%,3.10%,WIN,14,6,4.9,50.50%,Saturday,2026-07
2026-07-11,Monique Akoa Makani,Pts + Rebs,Under,13.5,-108,55.30%,7.00%,LOSS,10.3,25,-5,51.90%,Saturday,2026-07
2026-07-11,Monique Akoa Makani,Pts + Rebs,Over,21.5,-118,55.00%,1.80%,LOSS,22.5,10,-5,54.10%,Saturday,2026-07
2026-07-11,Monique Akoa Makani,Pts + Rebs,Under,23.5,-122,59.30%,9.60%,LOSS,20.5,27,-5,55.00%,Saturday,2026-07
2026-07-11,Monique Akoa Makani,Pts + Rebs,Under,15.5,-122,47.60%,-16.40%,WIN,14.7,14,4.1,55.00%,Saturday,2026-07
2026-07-11,Monique Akoa Makani,Pts + Rebs,Under,24.5,-118,55.40%,2.80%,WIN,22.4,13,4.24,54.10%,Saturday,2026-07
2026-07-11,Monique Akoa Makani,Pts + Rebs,Under,18.5,-114,54.30%,2.20%,LOSS,17.6,29,-5,53.30%,Saturday,2026-07
2026-07-11,Monique Akoa Makani,Pts + Rebs,Under,16.5,-118,52.00%,-4.70%,LOSS,14.6,21,-5,54.10%,Saturday,2026-07
2026-07-11,Monique Akoa Makani,Pts + Rebs,Under,17.5,-112,54.30%,3.10%,WIN,14.6,17,4.46,52.80%,Saturday,2026-07
2026-07-11,Monique Akoa Makani,Pts + Rebs,Under,22.5,-125,56.30%,1.70%,LOSS,21.1,25,-5,55.60%,Saturday,2026-07
2026-07-11,Monique Akoa Makani,Pts + Rebs,Under,13.5,-125,58.10%,5.70%,WIN,10.9,8,4,55.60%,Saturday,2026-07
2026-07-11,Monique Akoa Makani,Pts + Rebs,Over,21.5,-128,60.10%,9.10%,WIN,25.9,28,3.91,56.10%,Saturday,2026-07
2026-07-11,Monique Akoa Makani,Pts + Rebs,Under,12.5,-110,55.20%,5.80%,WIN,9.5,4,4.55,52.40%,Saturday,2026-07
2026-07-11,Monique Akoa Makani,Pts + Rebs,Over,22.5,-114,56.40%,6.60%,LOSS,26,13,-5,53.30%,Saturday,2026-07
2026-07-11,Monique Akoa Makani,Pts + Rebs,Under,18.5,-108,54.70%,5.90%,LOSS,15,33,-5,51.90%,Saturday,2026-07
2026-07-11,Monique Akoa Makani,Pts + Rebs,Under,14.5,-122,58.80%,8.40%,WIN,9.6,12,4.1,55.00%,Saturday,2026-07
2026-07-11,Monique Akoa Makani,Rebs + Asts,Over,12.5,-118,47.60%,-14.30%,WIN,12.5,18,4.24,54.10%,Saturday,2026-07
2026-07-11,Monique Akoa Makani,Rebs + Asts,Under,15.5,-132,53.90%,-6.80%,WIN,15,7,3.79,56.90%,Saturday,2026-07
2026-07-11,Monique Akoa Makani,Rebs + Asts,Under,11.5,-120,61.30%,14.80%,WIN,9.8,10,4.17,54.50%,Saturday,2026-07
2026-07-11,Monique Akoa Makani,Rebs + Asts,Under,6.5,-128,46.60%,-21.70%,LOSS,5.2,7,-5,56.10%,Saturday,2026-07
2026-07-11,Monique Akoa Makani,Rebs + Asts,Under,7.5,104,51.80%,5.50%,LOSS,6.7,13,-5,49.00%,Saturday,2026-07
2026-07-11,Monique Akoa Makani,Rebs + Asts,Under,10.5,-130,55.50%,-2.40%,LOSS,11.1,13,-5,56.50%,Saturday,2026-07
2026-07-11,Monique Akoa Makani,Rebs + Asts,Over,9.5,-120,46.20%,-18.30%,WIN,9.7,13,4.17,54.50%,Saturday,2026-07
2026-07-11,Monique Akoa Makani,Rebs + Asts,Under,11.5,-110,50.30%,-4.30%,WIN,11.4,8,4.55,52.40%,Saturday,2026-07
2026-07-11,Monique Akoa Makani,Rebs + Asts,Under,11.5,102,52.10%,5.10%,LOSS,10.8,14,-5,49.50%,Saturday,2026-07
2026-07-11,Monique Akoa Makani,Rebs + Asts,Over,11.5,-144,51.80%,-17.50%,WIN,10.8,16,3.47,59.00%,Saturday,2026-07
2026-07-11,Monique Akoa Makani,Rebs + Asts,Under,6.5,-118,45.60%,-18.50%,WIN,5.9,6,4.24,54.10%,Saturday,2026-07
2026-07-11,Monique Akoa Makani,Rebs + Asts,Over,10.5,-114,47.70%,-11.80%,LOSS,10.6,9,-5,53.30%,Saturday,2026-07
2026-07-11,Monique Akoa Makani,Rebs + Asts,Under,7.5,-144,59.10%,0.30%,WIN,6.6,2,3.47,59.00%,Saturday,2026-07
2026-07-11,Monique Akoa Makani,Rebs + Asts,Over,6.5,-145,62.20%,7.30%,WIN,7.4,7,3.45,59.20%,Saturday,2026-07
2026-07-11,Monique Akoa Makani,Rebs + Asts,Under,8.5,-118,46.40%,-16.80%,LOSS,8.5,13,-5,54.10%,Saturday,2026-07
2026-07-11,Monique Akoa Makani,Threes,Over,1.5,-138,50.80%,-17.00%,LOSS,1.8,1,-5,58.00%,Saturday,2026-07
2026-07-11,Monique Akoa Makani,Threes,Under,0.5,148,43.80%,5.90%,LOSS,0.42,2,-5,40.30%,Saturday,2026-07
2026-07-11,Monique Akoa Makani,Threes,Over,2.5,116,47.60%,2.50%,WIN,47.6,2.5,5.8,46.30%,Saturday,2026-07
2026-07-11,Monique Akoa Makani,Threes,Over,1.5,-180,64.20%,-0.30%,WIN,2,3,2.78,64.30%,Saturday,2026-07
2026-07-11,Monique Akoa Makani,Threes,Over,1.5,162,43.30%,8.20%,WIN,1.8,2,8.1,38.20%,Saturday,2026-07
2026-07-11,Monique Billings,Threes,Under,1.5,-144,61.30%,5.60%,WIN,1.1,0,3.47,59.00%,Saturday,2026-07
2026-07-11,Monique Billings,Threes,Over,1.5,-200,56.50%,-30.50%,WIN,1.8,2,2.5,66.70%,Saturday,2026-07
2026-07-11,Monique Billings,Threes,Over,1.5,-205,64.20%,-9.20%,WIN,2,2,2.44,67.20%,Saturday,2026-07
2026-07-11,Monique Billings,Threes,Under,1.5,-102,56.30%,11.70%,LOSS,1.1,2,-5,50.50%,Saturday,2026-07
2026-07-11,Monique Billings,Threes,Under,1.5,104,52.60%,7.00%,WIN,1.3,1,5.2,49.00%,Saturday,2026-07
2026-07-11,Monique Billings,Threes,Under,2.5,-144,63.90%,12.00%,LOSS,1.9,5,-5,59.00%,Saturday,2026-07
2026-07-11,Monique Billings,Threes,Over,1.5,-128,46.40%,-22.30%,WIN,1.6,4,3.91,56.10%,Saturday,2026-07
2026-07-11,Monique Billings,Threes,Under,1.5,-158,64.50%,8.30%,LOSS,0.9,2,-5,61.20%,Saturday,2026-07
2026-07-11,Monique Billings,Threes,Under,1.5,-168,64.20%,4.10%,WIN,1,1,2.98,62.70%,Saturday,2026-07
2026-07-11,Monique Billings,Threes,Under,1.5,-200,58.10%,-25.70%,LOSS,1.5,4,-5,66.70%,Saturday,2026-07
2026-07-11,Monique Billings,Threes,Over,3.5,102,65.70%,32.00%,LOSS,5.7,2,-5,49.50%,Saturday,2026-07
2026-07-11,Monique Billings,Threes,Under,2.5,-148,68.50%,21.80%,LOSS,1.5,3,-5,59.70%,Saturday,2026-07
2026-07-11,Monique Billings,Threes,Under,1.5,-225,65.60%,-11.90%,WIN,1.1,0,2.22,69.20%,Saturday,2026-07
2026-07-12,Monique Billings,Assists,Over,2.5,-180,65.70%,4.00%,LOSS,3.9,2,-5,64.30%,Sunday,2026-07
2026-07-12,Monique Billings,Assists,Over,2.5,-162,53.60%,-21.50%,WIN,2.7,4,3.09,61.80%,Sunday,2026-07
2026-07-12,Monique Billings,Assists,Over,2.5,102,53.00%,6.90%,LOSS,3.7,1,-5,49.50%,Sunday,2026-07
2026-07-12,Monique Billings,Assists,Under,2.5,-114,55.50%,4.80%,LOSS,2,3,-5,53.30%,Sunday,2026-07
2026-07-12,Monique Billings,Assists,Under,3.5,-172,61.70%,-4.20%,WIN,3,2,2.91,63.20%,Sunday,2026-07
2026-07-12,Monique Billings,Assists,Over,6.5,114,53.90%,13.40%,LOSS,9.1,6,-5,46.70%,Sunday,2026-07
2026-07-12,Monique Billings,Assists,Over,7.5,104,50.10%,2.20%,LOSS,7.8,6,-5,49.00%,Sunday,2026-07
2026-07-12,Monique Billings,Assists,Over,4.5,-122,56.70%,3.80%,LOSS,5.5,3,-5,55.00%,Sunday,2026-07
2026-07-12,Monique Billings,Assists,Over,1.5,-160,62.70%,3.10%,WIN,0.75,2,3.13,61.50%,Sunday,2026-07
2026-07-12,Monique Billings,Assists,Over,2.5,-140,57.30%,-2.40%,WIN,2.9,3,3.57,58.30%,Sunday,2026-07
2026-07-12,Monique Billings,Assists,Over,6.5,102,54.20%,9.40%,LOSS,8.2,3,-5,49.50%,Sunday,2026-07
2026-07-12,Monique Billings,Assists,Over,4.5,-146,52.90%,-15.80%,WIN,4.8,5,3.42,59.30%,Sunday,2026-07
2026-07-12,Monique Billings,Assists,Over,2.5,-154,53.50%,-17.80%,LOSS,2.8,0,-5,60.60%,Sunday,2026-07
2026-07-12,Monique Billings,Assists,Under,7.5,-140,61.40%,7.40%,LOSS,6.2,10,-5,58.30%,Sunday,2026-07
2026-07-12,Monique Billings,Assists,Over,2.5,-138,50.70%,-17.40%,LOSS,2.6,2,-5,58.00%,Sunday,2026-07
2026-07-12,Monique Billings,Assists,Over,2.5,-148,60.20%,1.20%,WIN,3.1,3,3.38,59.70%,Sunday,2026-07
2026-07-12,Monique Billings,Assists,Over,2.5,-125,56.60%,2.20%,LOSS,3,2,-5,55.60%,Sunday,2026-07
2026-07-12,Monique Billings,Assists,Over,3.5,-146,51.80%,-18.60%,WIN,3.6,5,3.42,59.30%,Sunday,2026-07
2026-07-12,NaLyssa Smith,Assists,Over,4.5,-160,54.90%,-17.20%,LOSS,5.1,3,-5,61.50%,Sunday,2026-07
2026-07-12,NaLyssa Smith,Assists,Under,4.5,-130,58.20%,3.90%,WIN,3.9,3,3.85,56.50%,Sunday,2026-07
2026-07-12,NaLyssa Smith,Assists,Over,5.5,-158,62.50%,3.40%,WIN,6.9,11,3.16,61.20%,Sunday,2026-07
2026-07-12,NaLyssa Smith,Assists,Over,3.5,-104,56.30%,10.80%,LOSS,5.2,2,-5,51.00%,Sunday,2026-07
2026-07-12,NaLyssa Smith,Assists,Under,5.5,-172,57.80%,-14.90%,LOSS,5.5,8,-5,63.20%,Sunday,2026-07
2026-07-12,NaLyssa Smith,Assists,Under,2.5,-117,53.90%,-0.10%,LOSS,2.4,3,-5,53.90%,Sunday,2026-07
2026-07-12,NaLyssa Smith,Assists,Under,3.5,-158,57.30%,-10.30%,WIN,3.2,1,3.16,61.20%,Sunday,2026-07
2026-07-12,NaLyssa Smith,Points,Over,25.5,-128,57.30%,2.60%,LOSS,27.9,20,-5,56.10%,Sunday,2026-07
2026-07-12,NaLyssa Smith,Points,Over,16.5,-108,53.80%,4.00%,WIN,18.1,19,4.63,51.90%,Sunday,2026-07
2026-07-12,NaLyssa Smith,Points,Under,13.5,-106,55.60%,8.60%,LOSS,11.1,17.1,-5,51.50%,Sunday,2026-07
2026-07-12,NaLyssa Smith,Points,Over,11.5,-125,55.90%,0.70%,LOSS,11.8,5,-5,55.60%,Sunday,2026-07
2026-07-12,NaLyssa Smith,Points,Under,5.5,-110,50.80%,-3.40%,WIN,3.9,0,4.55,52.40%,Sunday,2026-07
2026-07-12,NaLyssa Smith,Points,Under,12.5,-135,59.30%,4.50%,LOSS,9.9,18,-5,57.40%,Sunday,2026-07
2026-07-12,NaLyssa Smith,Points,Over,14.5,-113,53.60%,1.20%,WIN,15.4,16,4.42,53.10%,Sunday,2026-07
2026-07-12,NaLyssa Smith,Points,Under,20.5,-122,55.50%,1.30%,LOSS,21.7,22,-5,55.00%,Sunday,2026-07
2026-07-12,NaLyssa Smith,Points,Over,15.5,-108,57.40%,11.30%,LOSS,22.9,12,-5,51.90%,Sunday,2026-07
2026-07-12,NaLyssa Smith,Points,Over,11.5,-130,57.30%,1.70%,LOSS,12,9,-5,56.50%,Sunday,2026-07
2026-07-12,NaLyssa Smith,Points,Over,7.5,-128,57.80%,3.80%,WIN,10.1,9,3.91,56.10%,Sunday,2026-07
2026-07-12,NaLyssa Smith,Points,Under,16.5,100,58.30%,16.50%,WIN,10.3,10,5,50.00%,Sunday,2026-07
2026-07-12,NaLyssa Smith,Points,Under,12.5,-102,51.20%,1.50%,WIN,11.8,9,4.9,50.50%,Sunday,2026-07
2026-07-12,NaLyssa Smith,Points,Under,14.5,-130,61.60%,11.80%,WIN,10.9,9,3.85,56.50%,Sunday,2026-07
2026-07-12,NaLyssa Smith,Points,Over,16.5,-120,56.20%,3.70%,LOSS,18.2,15,-5,54.50%,Sunday,2026-07
2026-07-12,NaLyssa Smith,Points,Under,15.5,-114,60.10%,14.60%,LOSS,10.5,19,-5,53.30%,Sunday,2026-07
2026-07-12,NaLyssa Smith,Points,Over,7.5,-130,56.60%,0.10%,WIN,8.7,8,3.85,56.50%,Sunday,2026-07
2026-07-12,NaLyssa Smith,Points,Over,14.5,-125,54.70%,-1.90%,LOSS,15.1,10,-5,55.60%,Sunday,2026-07
2026-07-12,NaLyssa Smith,Points,Under,7.5,100,51.80%,3.50%,WIN,6.5,4,5,50.00%,Sunday,2026-07
2026-07-12,NaLyssa Smith,Points,Under,14.5,-102,52.20%,3.40%,WIN,13.9,12,4.9,50.50%,Sunday,2026-07
2026-07-12,NaLyssa Smith,Points,Under,22.5,-132,57.60%,1.50%,LOSS,23.9,27,-5,56.90%,Sunday,2026-07
2026-07-12,NaLyssa Smith,Points,Over,14.5,-102,50.90%,0.80%,LOSS,14.8,12,-5,50.50%,Sunday,2026-07
2026-07-12,NaLyssa Smith,Points,Under,11.5,-132,57.40%,1.10%,LOSS,9.6,15,-5,56.90%,Sunday,2026-07
2026-07-12,NaLyssa Smith,Points,Under,20.5,-106,53.40%,4.00%,LOSS,18.4,30,-5,51.50%,Sunday,2026-07
2026-07-12,NaLyssa Smith,Points,Over,8.5,-108,51.70%,-0.50%,LOSS,8.9,7,-5,51.90%,Sunday,2026-07
2026-07-12,NaLyssa Smith,Points,Under,10.5,-130,59.60%,7.10%,WIN,8.2,0,3.85,56.50%,Sunday,2026-07
2026-07-12,NaLyssa Smith,Points,Under,10.5,100,51.60%,3.20%,WIN,9.3,9,5,50.00%,Sunday,2026-07
2026-07-12,NaLyssa Smith,Points,Over,10.5,-114,55.60%,5.00%,WIN,12,15,4.39,53.30%,Sunday,2026-07
2026-07-12,NaLyssa Smith,Points,Under,14.5,-122,56.60%,3.70%,LOSS,13,31,-5,55.00%,Sunday,2026-07
2026-07-12,NaLyssa Smith,Points,Under,9.5,-114,57.20%,7.90%,LOSS,7.1,13,-5,53.30%,Sunday,2026-07
2026-07-12,NaLyssa Smith,Points,Under,21.5,-110,55.20%,5.90%,LOSS,21.5,22,-5,52.40%,Sunday,2026-07
2026-07-12,NaLyssa Smith,Points,Under,9.5,-132,59.50%,6.10%,LOSS,7.3,14,-5,56.90%,Sunday,2026-07
2026-07-12,NaLyssa Smith,Points,Under,17.5,-128,60.70%,10.40%,LOSS,13.8,28,-5,56.10%,Sunday,2026-07
2026-07-12,NaLyssa Smith,Points,Over,12.5,-125,48.90%,-15.00%,WIN,12.6,27,4,55.60%,Sunday,2026-07
2026-07-12,NaLyssa Smith,Points,Under,16.5,-125,56.50%,2.00%,LOSS,15.4,19,-5,55.60%,Sunday,2026-07
2026-07-12,NaLyssa Smith,Points,Under,8.5,-130,55.90%,-1.40%,LOSS,8,20,-5,56.50%,Sunday,2026-07
2026-07-12,NaLyssa Smith,Points,Under,14.5,-135,55.20%,-5.20%,LOSS,14.2,20,-5,57.40%,Sunday,2026-07
2026-07-12,NaLyssa Smith,Pts + Asts,Over,29.5,-104,51.40%,0.80%,LOSS,30.1,22,-5,51.00%,Sunday,2026-07
2026-07-12,NaLyssa Smith,Pts + Asts,Over,19.5,-115,53.80%,0.60%,WIN,20.6,23,4.35,53.50%,Sunday,2026-07
2026-07-12,NaLyssa Smith,Pts + Asts,Under,16.5,-122,56.50%,3.40%,LOSS,15.4,18,-5,55.00%,Sunday,2026-07
2026-07-12,NaLyssa Smith,Pts + Asts,Under,14.5,-110,53.50%,2.30%,LOSS,12.1,21,-5,52.40%,Sunday,2026-07
2026-07-12,NaLyssa Smith,Pts + Asts,Over,23.5,-114,46.60%,-14.30%,WIN,24.3,24,4.39,53.30%,Sunday,2026-07
2026-07-12,NaLyssa Smith,Pts + Asts,Over,21.5,-122,61.80%,15.20%,LOSS,30.8,18,-5,55.00%,Sunday,2026-07
2026-07-12,NaLyssa Smith,Pts + Asts,Over,19.5,-114,49.90%,-7.20%,LOSS,19.9,15,-5,53.30%,Sunday,2026-07
2026-07-12,NaLyssa Smith,Pts + Asts,Over,12.5,-118,56.10%,4.40%,LOSS,14.4,12,-5,54.10%,Sunday,2026-07
2026-07-12,NaLyssa Smith,Pts + Asts,Under,18.5,-102,56.70%,12.50%,WIN,10.4,12,4.9,50.50%,Sunday,2026-07
2026-07-12,NaLyssa Smith,Pts + Asts,Under,15.5,-106,53.00%,3.20%,WIN,14.7,12,4.72,51.50%,Sunday,2026-07
2026-07-12,NaLyssa Smith,Pts + Asts,Over,23.5,-110,51.50%,-1.70%,LOSS,25.5,18,-5,52.40%,Sunday,2026-07
2026-07-12,NaLyssa Smith,Pts + Asts,Under,20.5,-112,58.20%,11.40%,LOSS,16.2,24,-5,52.80%,Sunday,2026-07
2026-07-12,NaLyssa Smith,Pts + Asts,Over,17.5,-130,53.70%,-6.50%,LOSS,18,10,-5,56.50%,Sunday,2026-07
2026-07-12,NaLyssa Smith,Pts + Asts,Under,15.5,-118,56.60%,5.40%,WIN,11.3,14,4.24,54.10%,Sunday,2026-07
2026-07-12,NaLyssa Smith,Pts + Asts,Under,17.5,-106,51.80%,0.70%,WIN,16.8,14,4.72,51.50%,Sunday,2026-07
2026-07-12,NaLyssa Smith,Pts + Asts,Over,24.5,-122,47.60%,-16.40%,WIN,25.4,30,4.1,55.00%,Sunday,2026-07
2026-07-12,NaLyssa Smith,Pts + Asts,Under,16.5,-115,54.70%,2.70%,WIN,16.1,15,4.35,53.50%,Sunday,2026-07
2026-07-12,NaLyssa Smith,Pts + Asts,Under,13.5,-102,50.90%,0.90%,LOSS,12.3,17,-5,50.50%,Sunday,2026-07
2026-07-12,NaLyssa Smith,Pts + Asts,Under,24.5,-106,53.60%,4.30%,LOSS,24.1,35,-5,51.50%,Sunday,2026-07
2026-07-12,NaLyssa Smith,Pts + Asts,Over,15.5,-122,56.30%,3.00%,WIN,17.1,18,4.1,55.00%,Sunday,2026-07
2026-07-12,NaLyssa Smith,Pts + Asts,Under,18.5,-104,51.70%,1.50%,LOSS,17.1,34,-5,51.00%,Sunday,2026-07
2026-07-12,NaLyssa Smith,Pts + Asts,Under,27.5,-106,51.10%,-0.70%,LOSS,27.3,33,-5,51.50%,Sunday,2026-07
2026-07-12,Napheesa Collier,Pts + Asts,Under,12.5,-108,45.20%,-14.00%,LOSS,11.9,16,-5,51.90%,Sunday,2026-07
2026-07-12,Napheesa Collier,Pts + Asts,Under,22.5,-122,58.50%,7.80%,LOSS,18.7,36,-5,55.00%,Sunday,2026-07
2026-07-12,Napheesa Collier,Pts + Asts,Under,15.5,-117,54.60%,1.50%,LOSS,15.4,30,-5,53.90%,Sunday,2026-07
2026-07-12,Napheesa Collier,Pts + Asts,Over,19.5,-118,50.50%,-7.90%,WIN,20,20,4.24,54.10%,Sunday,2026-07
2026-07-12,Napheesa Collier,Pts + Rebs,Over,35.5,-112,54.40%,3.20%,LOSS,37.6,32,-5,52.80%,Sunday,2026-07
2026-07-12,Napheesa Collier,Pts + Rebs,Over,25.5,-114,54.40%,2.40%,WIN,26.8,30,4.39,53.30%,Sunday,2026-07
2026-07-12,Napheesa Collier,Pts + Rebs,Under,16.5,-118,50.40%,-8.20%,LOSS,16.1,20,-5,54.10%,Sunday,2026-07
2026-07-12,Napheesa Collier,Pts + Rebs,Under,17.5,-122,52.90%,-4.50%,WIN,17.4,14,4.1,55.00%,Sunday,2026-07
2026-07-12,Napheesa Collier,Pts + Rebs,Under,10.5,-136,52.90%,-11.20%,WIN,8,2,3.68,57.60%,Sunday,2026-07
2026-07-12,Napheesa Collier,Pts + Rebs,Under,19.5,-115,56.60%,6.60%,LOSS,16.6,31,-5,53.50%,Sunday,2026-07
2026-07-12,Napheesa Collier,Pts + Rebs,Over,28.5,-114,46.20%,-15.10%,WIN,28.8,30,4.39,53.30%,Sunday,2026-07
2026-07-12,Napheesa Collier,Pts + Rebs,Over,18.5,-122,61.90%,15.40%,WIN,26.3,19,4.1,55.00%,Sunday,2026-07
2026-07-12,Napheesa Collier,Pts + Rebs,Over,15.5,-118,52.70%,-3.10%,LOSS,16.5,11,-5,54.10%,Sunday,2026-07
2026-07-12,Napheesa Collier,Pts + Rebs,Under,25.5,-112,62.10%,19.60%,WIN,15.2,25,4.46,52.80%,Sunday,2026-07
2026-07-12,Napheesa Collier,Pts + Rebs,Under,17.5,-102,51.40%,1.90%,WIN,16.8,16,4.9,50.50%,Sunday,2026-07
2026-07-12,Napheesa Collier,Pts + Rebs,Under,21.5,-122,60.40%,12.10%,WIN,15.5,16,4.1,55.00%,Sunday,2026-07
2026-07-12,Napheesa Collier,Pts + Rebs,Over,21.5,-102,52.40%,3.90%,LOSS,22.7,16,-5,50.50%,Sunday,2026-07
2026-07-12,Napheesa Collier,Pts + Rebs,Under,28.5,-130,61.50%,11.50%,LOSS,22,29,-5,56.50%,Sunday,2026-07
2026-07-12,Napheesa Collier,Pts + Rebs,Over,10.5,-133,58.10%,2.40%,LOSS,12.5,10,-5,57.10%,Sunday,2026-07
2026-07-12,Napheesa Collier,Pts + Rebs,Over,24.5,-110,51.20%,-2.40%,LOSS,25.5,20,-5,52.40%,Sunday,2026-07
2026-07-12,Napheesa Collier,Pts + Rebs,Under,12.5,-125,57.60%,4.60%,WIN,10,9,4,55.60%,Sunday,2026-07
2026-07-12,Natasha Cloud,Pts + Rebs,Under,23.5,-106,51.50%,0.10%,LOSS,22.7,25,-5,51.50%,Sunday,2026-07
2026-07-12,Natasha Cloud,Pts + Rebs,Over,23.5,-126,51.20%,-10.20%,WIN,24.5,30,3.97,55.80%,Sunday,2026-07
2026-07-12,Natasha Cloud,Pts + Rebs,Over,23.5,-114,51.00%,-4.90%,WIN,23.7,25,4.39,53.30%,Sunday,2026-07
2026-07-12,Natasha Cloud,Pts + Rebs,Under,16.5,-114,56.30%,6.60%,LOSS,12.8,17,-5,53.30%,Sunday,2026-07
2026-07-12,Natasha Cloud,Pts + Rebs,Under,24.5,-104,52.30%,2.70%,LOSS,23.4,32,-5,51.00%,Sunday,2026-07
2026-07-12,Natasha Cloud,Pts + Rebs,Under,12.5,-105,54.30%,6.30%,WIN,10.9,2,4.76,51.20%,Sunday,2026-07
2026-07-12,Natasha Cloud,Pts + Rebs,Under,17.5,-130,57.70%,2.70%,WIN,14.3,14,3.85,56.50%,Sunday,2026-07
2026-07-12,Natasha Cloud,Pts + Rebs,Over,14.5,-106,53.10%,3.40%,WIN,15.2,17,4.72,51.50%,Sunday,2026-07
2026-07-12,Natasha Cloud,Pts + Rebs,Over,16.5,-114,49.20%,-8.70%,WIN,16.9,34,4.39,53.30%,Sunday,2026-07
2026-07-12,Natasha Cloud,Pts + Rebs,Under,14.5,-104,55.70%,9.60%,LOSS,11.4,20,-5,51.00%,Sunday,2026-07
2026-07-12,Natasha Cloud,Pts + Rebs,Under,25.5,-104,52.30%,2.70%,LOSS,25.3,28,-5,51.00%,Sunday,2026-07
2026-07-12,Natasha Cloud,Pts + Rebs,Under,11.5,100,52.30%,4.50%,LOSS,10.6,17,-5,50.00%,Sunday,2026-07
2026-07-12,Natasha Cloud,Pts + Rebs,Under,21.5,-114,59.00%,12.30%,LOSS,16.9,32,-5,53.30%,Sunday,2026-07
2026-07-12,Natasha Cloud,Pts + Rebs,Under,21.5,-118,55.40%,2.90%,LOSS,20.7,32,-5,54.10%,Sunday,2026-07
2026-07-12,Natasha Cloud,Pts + Rebs,Under,20.5,-128,56.90%,1.70%,LOSS,19.6,23,-5,56.10%,Sunday,2026-07
2026-07-12,Natasha Cloud,Pts + Rebs,Over,10.5,-130,49.00%,-17.40%,WIN,11.4,20,3.85,56.50%,Sunday,2026-07
2026-07-12,Natasha Cloud,Rebs + Asts,Over,12.5,-108,52.60%,1.30%,WIN,13.2,14,4.63,51.90%,Sunday,2026-07
2026-07-12,Natasha Cloud,Rebs + Asts,Over,11.5,-137,58.50%,1.60%,WIN,12.5,15,3.65,57.80%,Sunday,2026-07
2026-07-12,Natasha Cloud,Rebs + Asts,Over,4.5,-158,65.80%,11.80%,LOSS,6.5,4,-5,61.20%,Sunday,2026-07
2026-07-12,Natasha Cloud,Rebs + Asts,Under,9.5,-102,55.40%,10.00%,LOSS,8.1,16,-5,50.50%,Sunday,2026-07
2026-07-12,Natasha Cloud,Rebs + Asts,Under,11.5,-118,59.80%,12.30%,WIN,10.1,10,4.24,54.10%,Sunday,2026-07
2026-07-12,Natasha Cloud,Rebs + Asts,Over,9.5,-114,60.40%,15.20%,WIN,12.6,13,4.39,53.30%,Sunday,2026-07
2026-07-12,Natasha Cloud,Rebs + Asts,Over,11.5,104,50.60%,3.20%,LOSS,11.8,8,-5,49.00%,Sunday,2026-07
2026-07-12,Natasha Cloud,Rebs + Asts,Under,10.5,-128,65.60%,21.60%,LOSS,6.1,17,-5,56.10%,Sunday,2026-07
2026-07-12,Natasha Cloud,Rebs + Asts,Over,7.5,-122,58.50%,7.90%,WIN,8.3,10,4.1,55.00%,Sunday,2026-07
2026-07-12,Natasha Cloud,Rebs + Asts,Over,10.5,-118,56.20%,4.50%,LOSS,11.6,4,-5,54.10%,Sunday,2026-07
2026-07-12,Natasha Cloud,Rebs + Asts,Under,17.5,-125,56.00%,0.90%,WIN,16.7,15,4,55.60%,Sunday,2026-07
2026-07-12,Natasha Cloud,Rebs + Asts,Under,12.5,-125,55.20%,-0.90%,WIN,12.2,10,4,55.60%,Sunday,2026-07
2026-07-12,Natasha Cloud,Rebs + Asts,Under,11.5,-140,64.50%,14.80%,LOSS,8.9,15,-5,58.30%,Sunday,2026-07
2026-07-12,Natasha Cloud,Rebs + Asts,Under,11.5,-114,56.10%,6.00%,LOSS,10.6,15,-5,53.30%,Sunday,2026-07
2026-07-12,Natasha Cloud,Rebs + Asts,Under,10.5,-118,59.10%,10.70%,LOSS,9.5,16,-5,54.10%,Sunday,2026-07
2026-07-12,Natasha Cloud,Rebs + Asts,Under,8.5,-152,61.20%,2.10%,WIN,7.1,4,3.29,60.30%,Sunday,2026-07
2026-07-12,Natasha Cloud,Rebs + Asts,Under,7.5,106,51.50%,5.70%,WIN,6.6,7,5.3,48.50%,Sunday,2026-07
2026-07-12,Natasha Cloud,Rebs + Asts,Under,8.5,100,46.90%,-6.10%,WIN,8.3,5,5,50.00%,Sunday,2026-07
2026-07-12,Natasha Cloud,Rebs + Asts,Over,6.5,-131,57.20%,1.20%,LOSS,6.7,6,-5,56.70%,Sunday,2026-07
2026-07-12,Natasha Cloud,Rebs + Asts,Over,10.5,-102,46.40%,-8.40%,WIN,10.6,17,4.9,50.50%,Sunday,2026-07
2026-07-12,Natasha Cloud,Rebs + Asts,Over,6.5,-102,55.20%,9.40%,LOSS,7,5,-5,50.50%,Sunday,2026-07
2026-07-12,Natasha Cloud,Rebs + Asts,Under,9.5,-120,55.00%,0.90%,LOSS,8.9,12,-5,54.50%,Sunday,2026-07
2026-07-12,Natasha Cloud,Rebs + Asts,Over,10.5,-139,49.40%,-20.80%,LOSS,10.6,8,-5,58.20%,Sunday,2026-07
2026-07-12,Natasha Cloud,Rebs + Asts,Under,7.5,-144,49.60%,-23.00%,WIN,7.2,5,3.47,59.00%,Sunday,2026-07
2026-07-12,Natasha Cloud,Threes,Over,0.5,-188,66.10%,2.40%,LOSS,1.3,0,-5,65.30%,Sunday,2026-07
2026-07-12,Natasha Cloud,Threes,Under,1.5,104,53.90%,9.50%,LOSS,1.2,2,-5,49.00%,Sunday,2026-07
2026-07-12,Natasha Cloud,Threes,Over,1.5,-106,49.70%,-3.60%,LOSS,1.8,1,-5,51.50%,Sunday,2026-07
2026-07-12,Natasha Cloud,Threes,Under,1.5,-188,62.60%,-7.60%,LOSS,1.2,3,-5,65.30%,Sunday,2026-07
2026-07-12,Natasha Cloud,Threes,Over,1.5,-146,61.20%,4.50%,WIN,2,3,3.42,59.30%,Sunday,2026-07
2026-07-12,Natasha Cloud,Threes,Over,1.5,-162,69.20%,19.40%,LOSS,3.1,1,-5,61.80%,Sunday,2026-07
2026-07-12,Natasha Cloud,Threes,Over,1.5,-162,64.50%,7.10%,LOSS,2.4,1,-5,61.80%,Sunday,2026-07
2026-07-12,Natasha Cloud,Threes,Under,1.5,-158,61.70%,1.30%,WIN,1.2,0,3.16,61.20%,Sunday,2026-07
2026-07-12,Natasha Cloud,Threes,Over,1.5,-186,61.20%,-10.90%,LOSS,2,1,-5,65.00%,Sunday,2026-07
2026-07-12,Natasha Cloud,Threes,Under,2.5,-215,72.30%,12.80%,WIN,1.7,0,2.33,68.30%,Sunday,2026-07
2026-07-12,Natasha Cloud,Threes,Over,1.5,-146,51.80%,-18.40%,LOSS,1.8,1,-5,59.30%,Sunday,2026-07
2026-07-12,Natasha Cloud,Threes,Under,1.5,-270,63.40%,-35.30%,WIN,1.3,0,1.85,73.00%,Sunday,2026-07
2026-07-12,Natasha Cloud,Threes,Over,2.5,-132,63.40%,15.00%,WIN,3.6,3,3.79,56.90%,Sunday,2026-07
2026-07-12,Natasha Cloud,Threes,Under,1.5,-125,56.40%,1.90%,LOSS,1.6,3,-5,55.60%,Sunday,2026-07
2026-07-12,Natasha Cloud,Threes,Under,3.5,-192,57.70%,-23.40%,WIN,3.2,3,2.6,65.80%,Sunday,2026-07
2026-07-12,Natasha Cloud,Threes,Over,1.5,-146,60.90%,3.80%,LOSS,2,1,-5,59.30%,Sunday,2026-07
2026-07-12,Natasha Cloud,Threes,Under,1.5,-220,61.20%,-24.10%,WIN,1.3,0,2.27,68.80%,Sunday,2026-07
2026-07-12,Natasha Cloud,Threes,Under,2.5,-215,73.30%,15.80%,WIN,1.6,2,2.33,68.30%,Sunday,2026-07
2026-07-12,Natasha Cloud,Threes,Over,1.5,-106,55.70%,8.70%,LOSS,2.2,1,-5,51.50%,Sunday,2026-07
2026-07-12,Natasha Cloud,Threes,Under,2.5,-130,64.10%,17.50%,LOSS,1.8,3,-5,56.50%,Sunday,2026-07
2026-07-12,Natasha Cloud,Threes,Under,1.5,-144,57.90%,-2.60%,WIN,1.6,1,3.47,59.00%,Sunday,2026-07
2026-07-12,Natasha Cloud,Threes,Under,1.5,-136,57.70%,0.20%,LOSS,1.6,6,-5,57.60%,Sunday,2026-07
2026-07-12,Natasha Cloud,Threes,Under,2.5,-215,62.70%,-17.60%,WIN,2.1,2,2.33,68.30%,Sunday,2026-07
2026-07-13,Natasha Cloud,Assists,Over,8.5,120,47.60%,4.00%,WIN,8.9,12,6,45.50%,Monday,2026-07
2026-07-13,Natasha Cloud,Assists,Over,3.5,-152,61.10%,2.00%,LOSS,4.5,3,-5,60.30%,Monday,2026-07
2026-07-13,Natasha Cloud,Assists,Under,5.5,-114,57.80%,9.70%,WIN,4.1,4,4.39,53.30%,Monday,2026-07
2026-07-13,Natasha Cloud,Assists,Under,8.5,114,49.80%,5.80%,LOSS,7.5,9,-5,46.70%,Monday,2026-07
2026-07-13,Natasha Cloud,Assists,Under,2.5,130,44.50%,1.80%,WIN,2.5,1,6.5,43.50%,Monday,2026-07
2026-07-13,Natasha Cloud,Assists,Under,2.5,-210,64.20%,-10.90%,LOSS,2,7,-5,67.70%,Monday,2026-07
2026-07-13,Natasha Cloud,Assists,Over,2.5,104,50.10%,2.20%,LOSS,2.7,0,-5,49.00%,Monday,2026-07
2026-07-13,Natasha Cloud,Assists,Under,3.5,-180,66.70%,6.90%,LOSS,2.1,5,-5,64.30%,Monday,2026-07
2026-07-13,Natasha Cloud,Assists,Over,5.5,-152,61.60%,3.10%,WIN,6.6,8,3.29,60.30%,Monday,2026-07
2026-07-13,Natasha Cloud,Assists,Under,2.5,106,51.70%,6.10%,LOSS,2.3,4,-5,48.50%,Monday,2026-07
2026-07-13,Natasha Cloud,Assists,Over,3.5,-106,52.90%,3.00%,LOSS,3.9,3,-5,51.50%,Monday,2026-07
2026-07-13,Natasha Cloud,Points,Over,20.5,-128,48.30%,-17.80%,LOSS,20.6,20,-5,56.10%,Monday,2026-07
2026-07-13,Natasha Cloud,Points,Under,13.5,-110,55.60%,6.80%,LOSS,11,19,-5,52.40%,Monday,2026-07
2026-07-13,Natasha Cloud,Points,Under,10.5,-128,60.10%,9.10%,LOSS,7.5,13,-5,56.10%,Monday,2026-07
2026-07-13,Natasha Cloud,Points,Under,16.5,-128,59.20%,6.90%,WIN,13.3,8,3.91,56.10%,Monday,2026-07
2026-07-13,Natasha Cloud,Points,Under,9.5,-118,55.90%,3.80%,LOSS,8.1,17,-5,54.10%,Monday,2026-07
2026-07-13,Natasha Cloud,Points,Under,16.5,-130,59.30%,6.40%,WIN,13.7,12,3.85,56.50%,Monday,2026-07
2026-07-13,Natasha Cloud,Points,Under,9.5,-132,53.60%,-7.60%,LOSS,9,20,-5,56.90%,Monday,2026-07
2026-07-13,Natasha Cloud,Points,Under,11.5,-122,51.90%,-6.90%,LOSS,11.6,16,-5,55.00%,Monday,2026-07
2026-07-13,Natasha Cloud,Points,Under,19.5,-110,54.50%,4.50%,LOSS,17.3,26,-5,52.40%,Monday,2026-07
2026-07-13,Natasha Cloud,Points,Under,16.5,104,52.60%,7.10%,LOSS,13.3,37,-5,49.00%,Monday,2026-07
2026-07-13,Natasha Cloud,Points,Under,9.5,-115,56.20%,5.80%,LOSS,7.6,17,-5,53.50%,Monday,2026-07
2026-07-13,Natasha Cloud,Points,Under,15.5,100,53.40%,6.80%,WIN,13.2,13,5,50.00%,Monday,2026-07
2026-07-13,Natasha Cloud,Points,Under,7.5,-108,55.40%,7.30%,WIN,4.3,5,4.63,51.90%,Monday,2026-07
2026-07-13,Natasha Cloud,Points,Under,17.5,-122,58.50%,7.90%,LOSS,14.7,19,-5,55.00%,Monday,2026-07
2026-07-13,Natasha Cloud,Points,Over,19.5,-102,50.90%,0.80%,WIN,20.7,33,4.9,50.50%,Monday,2026-07
2026-07-13,Natasha Cloud,Points,Under,14.5,-108,57.80%,12.20%,LOSS,10.6,18,-5,51.90%,Monday,2026-07
2026-07-13,Natasha Cloud,Points,Over,19.5,-118,54.80%,1.50%,LOSS,23.9,11,-5,54.10%,Monday,2026-07
2026-07-13,Natasha Cloud,Points,Under,10.5,-114,60.40%,15.30%,WIN,5.8,4,4.39,53.30%,Monday,2026-07
2026-07-13,Natasha Cloud,Pts + Asts,Under,22.5,-102,52.20%,3.30%,LOSS,20.2,31,-5,50.50%,Monday,2026-07
2026-07-13,Natasha Cloud,Pts + Asts,Under,20.5,-130,58.50%,4.60%,WIN,18.5,11,3.85,56.50%,Monday,2026-07
2026-07-13,Natasha Cloud,Pts + Asts,Under,14.5,-104,52.20%,2.50%,LOSS,13.5,24,-5,51.00%,Monday,2026-07
2026-07-13,Natasha Cloud,Pts + Asts,Under,19.5,-114,53.80%,1.20%,LOSS,19.2,25,-5,53.30%,Monday,2026-07
2026-07-13,Natasha Cloud,Pts + Asts,Under,19.5,-128,59.70%,8.20%,LOSS,15.5,38,-5,56.10%,Monday,2026-07
2026-07-13,Natasha Cloud,Pts + Asts,Under,18.5,-130,58.90%,5.50%,LOSS,15.5,20,-5,56.50%,Monday,2026-07
2026-07-13,Natasha Cloud,Pts + Asts,Under,10.5,-130,46.60%,-22.80%,WIN,6.8,5,3.85,56.50%,Monday,2026-07
2026-07-13,Natasha Cloud,Pts + Asts,Under,20.5,-114,55.60%,5.00%,LOSS,17.7,24,-5,53.30%,Monday,2026-07
2026-07-13,Natasha Cloud,Pts + Asts,Under,25.5,-122,55.30%,0.90%,LOSS,26.8,41,-5,55.00%,Monday,2026-07
2026-07-13,Natasha Cloud,Pts + Asts,Under,17.5,-112,57.40%,9.70%,LOSS,12.3,22,-5,52.80%,Monday,2026-07
2026-07-13,Natasha Cloud,Pts + Asts,Over,23.5,-112,56.40%,7.50%,LOSS,27.5,14,-5,52.80%,Monday,2026-07
2026-07-13,Natasha Cloud,Pts + Rebs,Under,24.5,-106,52.30%,1.80%,WIN,23.6,21,4.72,51.50%,Monday,2026-07
2026-07-13,Natasha Hiedeman,Pts + Rebs,Under,21.5,-102,53.70%,6.40%,LOSS,18.4,27,-5,50.50%,Monday,2026-07
2026-07-13,Natasha Hiedeman,Pts + Rebs,Under,13.5,-118,55.90%,4.00%,LOSS,10.5,16,-5,54.10%,Monday,2026-07
2026-07-13,Natasha Howard,Pts + Rebs,Under,21.5,-118,57.60%,7.50%,WIN,18.9,15,4.24,54.10%,Monday,2026-07
2026-07-13,Natasha Howard,Pts + Rebs,Under,15.5,-130,57.00%,1.00%,LOSS,12.8,26,-5,56.50%,Monday,2026-07
2026-07-13,Natasha Howard,Pts + Rebs,Under,24.5,-118,55.50%,2.90%,WIN,22.5,17,4.24,54.10%,Monday,2026-07
2026-07-13,Natasha Howard,Pts + Rebs,Over,15.5,-114,53.10%,-0.40%,WIN,16.9,19,4.39,53.30%,Monday,2026-07
2026-07-13,Natasha Howard,Pts + Rebs,Under,23.5,-114,55.10%,4.00%,LOSS,21.5,29,-5,53.30%,Monday,2026-07
2026-07-13,Natasha Howard,Pts + Rebs,Under,19.5,-114,56.50%,7.00%,LOSS,16.8,43,-5,53.30%,Monday,2026-07
2026-07-13,Natasha Howard,Pts + Rebs,Under,24.5,-112,58.00%,11.00%,WIN,20.6,16,4.46,52.80%,Monday,2026-07
2026-07-13,Natasha Howard,Pts + Rebs,Under,13.5,-128,57.50%,3.10%,WIN,10.4,8,3.91,56.10%,Monday,2026-07
2026-07-13,Natasha Howard,Pts + Rebs,Under,26.5,-122,56.80%,4.20%,WIN,24,24,4.1,55.00%,Monday,2026-07
2026-07-13,Natasha Howard,Pts + Rebs,Over,23.5,-130,57.00%,1.00%,WIN,25.3,36,3.85,56.50%,Monday,2026-07
2026-07-13,Natasha Howard,Pts + Rebs,Under,17.5,-125,58.10%,5.80%,LOSS,13.4,22,-5,55.60%,Monday,2026-07
2026-07-13,Natasha Howard,Pts + Rebs,Over,24.5,-108,53.00%,2.20%,LOSS,26,16,-5,51.90%,Monday,2026-07
2026-07-13,Natasha Howard,Pts + Rebs,Under,14.5,100,54.00%,8.00%,WIN,9,5,5,50.00%,Monday,2026-07
2026-07-13,Natasha Howard,Rebs + Asts,Under,15.5,-128,52.30%,-8.90%,LOSS,15.2,20,-5,56.10%,Monday,2026-07
2026-07-13,Natasha Howard,Rebs + Asts,Under,9.5,-148,58.50%,-2.90%,LOSS,9.5,10,-5,59.70%,Monday,2026-07
2026-07-13,Natasha Howard,Rebs + Asts,Under,12.5,-136,60.00%,5.60%,WIN,11.1,12,3.68,57.60%,Monday,2026-07
2026-07-13,Natasha Howard,Rebs + Asts,Under,6.5,-130,47.90%,-19.90%,LOSS,5.4,7,-5,56.50%,Monday,2026-07
2026-07-13,Natasha Howard,Rebs + Asts,Under,10.5,-112,58.10%,11.20%,WIN,8.7,10,4.46,52.80%,Monday,2026-07
2026-07-13,Natasha Howard,Rebs + Asts,Over,7.5,-140,58.60%,0.70%,LOSS,7.6,3,-5,58.30%,Monday,2026-07
2026-07-13,Natasha Howard,Rebs + Asts,Under,12.5,-138,65.40%,17.50%,WIN,9.9,10,3.62,58.00%,Monday,2026-07
2026-07-13,Natasha Howard,Rebs + Asts,Under,10.5,-106,53.70%,4.60%,LOSS,10.2,11,-5,51.50%,Monday,2026-07
2026-07-13,Natasha Howard,Rebs + Asts,Under,5.5,-154,47.90%,-32.40%,LOSS,4.8,8,-5,60.60%,Monday,2026-07
2026-07-13,Natasha Howard,Rebs + Asts,Under,8.5,-144,56.50%,-6.10%,WIN,7.8,8,3.47,59.00%,Monday,2026-07
2026-07-13,Natasha Howard,Threes,Over,1.5,-154,56.50%,-10.50%,WIN,1.9,3,3.25,60.60%,Monday,2026-07
2026-07-13,Natasha Howard,Threes,Under,1.5,-188,58.10%,-20.60%,WIN,1.1,0,2.66,65.30%,Monday,2026-07
2026-07-13,Natasha Howard,Threes,Over,1.5,136,43.00%,1.10%,LOSS,1.5,0,-5,42.40%,Monday,2026-07
2026-07-13,Natasha Howard,Threes,Under,1.5,-160,66.50%,12.80%,LOSS,0.81,2,-5,61.50%,Monday,2026-07
2026-07-13,Natasha Howard,Threes,Under,1.5,-205,60.60%,-20.10%,LOSS,1.1,2,-5,67.20%,Monday,2026-07
2026-07-13,Natasha Howard,Threes,Under,1.5,102,52.70%,6.40%,LOSS,1.2,3,-5,49.50%,Monday,2026-07
2026-07-13,Natasha Howard,Threes,Under,2.5,-136,60.30%,6.20%,LOSS,2,6,-5,57.60%,Monday,2026-07
2026-07-13,Natasha Howard,Threes,Under,1.5,-168,61.90%,-2.10%,WIN,1.1,1,2.98,62.70%,Monday,2026-07
2026-07-13,Natasha Howard,Threes,Under,1.5,-158,57.20%,-10.40%,LOSS,1.2,3,-5,61.20%,Monday,2026-07
2026-07-13,Natasha Howard,Threes,Over,1.5,148,49.80%,15.90%,WIN,2,5,7.4,40.30%,Monday,2026-07
2026-07-13,Natasha Howard,Threes,Under,1.5,-158,64.80%,9.30%,LOSS,0.95,2,-5,61.20%,Monday,2026-07
2026-07-13,Natasha Howard,Threes,Over,3.5,146,58.20%,29.60%,LOSS,5.3,3,-5,40.70%,Monday,2026-07
2026-07-13,Natasha Howard,Threes,Under,1.5,-158,69.90%,22.30%,WIN,0.53,0,3.16,61.20%,Monday,2026-07
2026-07-14,Natasha Howard,Assists,Under,2.5,-170,63.20%,0.70%,LOSS,2.3,3,-5,63.00%,Tuesday,2026-07
2026-07-14,Natasha Howard,Assists,Under,5.5,-112,55.90%,6.50%,LOSS,5.1,6,-5,52.80%,Tuesday,2026-07
2026-07-14,Natasha Howard,Assists,Over,2.5,-174,56.40%,-19.60%,WIN,3.1,7,2.87,63.50%,Tuesday,2026-07
2026-07-14,Natasha Howard,Assists,Under,7.5,-155,63.00%,4.50%,WIN,6.7,2,3.23,60.80%,Tuesday,2026-07
2026-07-14,Natasha Howard,Assists,Under,5.5,-112,56.00%,6.70%,WIN,4.5,3,4.46,52.80%,Tuesday,2026-07
2026-07-14,Natasha Howard,Assists,Over,3.5,-136,58.90%,2.90%,LOSS,4.4,3,-5,57.60%,Tuesday,2026-07
2026-07-14,Natasha Howard,Assists,Under,3.5,-192,62.60%,-9.10%,LOSS,3.3,4,-5,65.80%,Tuesday,2026-07
2026-07-14,Natasha Howard,Points,Under,8.5,-130,60.60%,9.50%,LOSS,5.3,21,-5,56.50%,Tuesday,2026-07
2026-07-14,Natasha Howard,Points,Under,13.5,-118,58.60%,9.70%,WIN,9.7,12,4.24,54.10%,Tuesday,2026-07
2026-07-14,Natasha Howard,Points,Under,13.5,-102,55.80%,10.80%,LOSS,9.6,20,-5,50.50%,Tuesday,2026-07
2026-07-14,Natasha Howard,Points,Under,14.5,-110,57.50%,10.70%,LOSS,11.9,18,-5,52.40%,Tuesday,2026-07
2026-07-14,Natasha Howard,Points,Under,8.5,-114,55.30%,4.40%,WIN,6.8,4,4.39,53.30%,Tuesday,2026-07
2026-07-14,Natasha Howard,Points,Under,7.5,-108,53.60%,3.50%,LOSS,6.2,8,-5,51.90%,Tuesday,2026-07
2026-07-14,Natasha Howard,Points,Under,8.5,-106,56.70%,10.80%,LOSS,5.7,14,-5,51.50%,Tuesday,2026-07
2026-07-14,Natasha Howard,Points,Over,6.5,-128,49.40%,-15.40%,WIN,6.9,7,3.91,56.10%,Tuesday,2026-07
2026-07-14,Natasha Howard,Points,Under,13.5,-130,60.10%,8.30%,WIN,10.1,8,3.85,56.50%,Tuesday,2026-07
2026-07-14,Natasha Howard,Points,Under,7.5,-132,59.30%,5.60%,LOSS,5.7,15,-5,56.90%,Tuesday,2026-07
2026-07-14,Natasha Howard,Points,Under,8.5,-130,57.80%,2.90%,WIN,6.9,2,3.85,56.50%,Tuesday,2026-07
2026-07-14,Natasha Howard,Points,Over,14.5,-122,47.80%,-15.90%,WIN,14.6,25,4.1,55.00%,Tuesday,2026-07
2026-07-14,Natasha Howard,Points,Under,9.5,-132,58.30%,3.20%,WIN,7.9,7,3.79,56.90%,Tuesday,2026-07
2026-07-14,Natasha Howard,Points,Over,11.5,-120,55.20%,1.50%,WIN,12.4,14,4.17,54.50%,Tuesday,2026-07
2026-07-14,Natasha Howard,Points,Over,9.5,-122,56.30%,3.00%,LOSS,10.7,2,-5,55.00%,Tuesday,2026-07
2026-07-14,Natasha Howard,Points,Under,23.5,-125,59.80%,9.60%,WIN,20.3,8,4,55.60%,Tuesday,2026-07
2026-07-14,Natasha Howard,Points,Under,12.5,-114,56.80%,7.60%,LOSS,9.2,15,-5,53.30%,Tuesday,2026-07
2026-07-14,Natasha Howard,Points,Under,8.5,100,50.30%,0.50%,LOSS,8.5,15,-5,50.00%,Tuesday,2026-07
2026-07-14,Natasha Howard,Points,Under,10.5,-114,57.20%,8.40%,LOSS,8,13,-5,53.30%,Tuesday,2026-07
2026-07-14,Natasha Howard,Points,Under,11.5,-110,54.50%,4.50%,LOSS,9.4,16,-5,52.40%,Tuesday,2026-07
2026-07-14,Natasha Howard,Points,Under,10.5,-132,57.20%,0.80%,WIN,9.4,9,3.79,56.90%,Tuesday,2026-07
2026-07-14,Natasha Howard,Points,Over,14.5,-118,50.80%,-7.30%,WIN,14.9,17,4.24,54.10%,Tuesday,2026-07
2026-07-14,Natasha Howard,Points,Under,17.5,-106,55.00%,7.30%,WIN,15,2,4.72,51.50%,Tuesday,2026-07
2026-07-14,Natasha Howard,Pts + Asts,Under,15.5,-103,53.90%,6.40%,WIN,11.7,15,4.85,50.70%,Tuesday,2026-07
2026-07-14,Natasha Howard,Pts + Asts,Under,20.5,-114,55.90%,5.70%,LOSS,16.9,24,-5,53.30%,Tuesday,2026-07
2026-07-14,Natasha Howard,Pts + Asts,Over,11.5,-118,55.10%,2.20%,LOSS,10.2,11,-5,54.10%,Tuesday,2026-07
2026-07-14,Natasha Howard,Pts + Asts,Under,14.5,-118,54.70%,1.30%,LOSS,10.4,17,-5,54.10%,Tuesday,2026-07
2026-07-14,Natasha Howard,Pts + Asts,Under,17.5,-114,54.20%,1.90%,WIN,16.5,17,4.39,53.30%,Tuesday,2026-07
2026-07-14,Natasha Howard,Pts + Asts,Under,26.5,-130,59.40%,6.70%,WIN,25.2,11,3.85,56.50%,Tuesday,2026-07
2026-07-14,Natasha Howard,Pts + Asts,Under,20.5,-130,58.20%,4.00%,WIN,19.7,6,3.85,56.50%,Tuesday,2026-07
2026-07-14,Natasha Howard,Pts + Rebs,Under,11.5,-104,52.20%,2.60%,LOSS,9.4,29,-5,51.00%,Tuesday,2026-07
2026-07-14,Natasha Howard,Pts + Rebs,Under,17.5,-130,58.80%,5.30%,WIN,13.4,15,3.85,56.50%,Tuesday,2026-07
2026-07-14,Natasha Howard,Pts + Rebs,Under,20.5,-114,59.40%,13.20%,LOSS,14.9,24,-5,53.30%,Tuesday,2026-07
2026-07-14,Natasha Howard,Pts + Rebs,Under,17.5,-125,57.90%,5.40%,LOSS,13.9,19,-5,55.60%,Tuesday,2026-07
2026-07-14,Natasha Howard,Pts + Rebs,Under,14.5,-104,54.80%,7.80%,LOSS,11.4,20,-5,51.00%,Tuesday,2026-07
2026-07-14,Natasha Howard,Pts + Rebs,Under,19.5,-118,59.70%,12.10%,WIN,14.4,13,4.24,54.10%,Tuesday,2026-07
2026-07-14,Natasha Howard,Pts + Rebs,Under,10.5,-112,49.30%,-7.40%,LOSS,10.2,20,-5,52.80%,Tuesday,2026-07
2026-07-14,Natasha Howard,Pts + Rebs,Under,11.5,-132,56.40%,-1.10%,WIN,9.7,8,3.79,56.90%,Tuesday,2026-07
2026-07-14,Natasha Howard,Pts + Rebs,Under,25.5,-120,55.40%,1.90%,LOSS,24,39,-5,54.50%,Tuesday,2026-07
2026-07-14,Natasha Howard,Pts + Rebs,Under,13.5,-118,55.90%,4.00%,WIN,11.4,11,4.24,54.10%,Tuesday,2026-07
2026-07-14,Natasha Howard,Pts + Rebs,Over,14.5,-108,52.70%,1.70%,LOSS,15,6,-5,51.90%,Tuesday,2026-07
2026-07-14,Natasha Howard,Pts + Rebs,Under,26.5,-114,54.60%,2.80%,WIN,25,9,4.39,53.30%,Tuesday,2026-07
2026-07-14,Natasha Howard,Pts + Rebs,Under,16.5,-108,54.00%,4.40%,LOSS,14,20,-5,51.90%,Tuesday,2026-07
2026-07-14,Natasha Howard,Pts + Rebs,Under,15.5,-120,54.90%,0.90%,LOSS,13.3,17,-5,54.50%,Tuesday,2026-07
2026-07-14,Natasha Howard,Pts + Rebs,Under,19.5,-118,59.70%,12.20%,LOSS,14.3,22,-5,54.10%,Tuesday,2026-07
2026-07-14,Natasha Howard,Pts + Rebs,Under,14.5,-125,49.60%,-13.50%,WIN,13.4,14,4,55.60%,Tuesday,2026-07
2026-07-14,Natasha Howard,Pts + Rebs,Under,23.5,-124,53.10%,-5.10%,LOSS,22.5,27,-5,55.40%,Tuesday,2026-07
2026-07-14,Natasha Howard,Pts + Rebs,Under,21.5,-122,58.30%,7.40%,WIN,19.2,4,4.1,55.00%,Tuesday,2026-07
2026-07-14,Natasha Howard,Rebs + Asts,Under,8.5,-144,63.80%,11.70%,WIN,6.9,7,3.47,59.00%,Tuesday,2026-07
2026-07-14,Natasha Howard,Rebs + Asts,Under,10.5,-118,59.00%,10.70%,WIN,8.9,7,4.24,54.10%,Tuesday,2026-07
2026-07-14,Natasha Howard,Rebs + Asts,Under,7.5,-152,51.10%,-23.20%,WIN,7.1,4,3.29,60.30%,Tuesday,2026-07
2026-07-14,Natasha Howard,Rebs + Asts,Over,6.5,-108,53.20%,2.60%,LOSS,6.9,6,-5,51.90%,Tuesday,2026-07
2026-07-14,Natasha Howard,Threes,Under,2.5,-138,58.70%,1.80%,WIN,2.4,2,3.62,58.00%,Tuesday,2026-07
2026-07-14,Natasha Howard,Threes,Under,1.5,-260,61.30%,-39.30%,WIN,1.3,0,1.92,72.20%,Tuesday,2026-07
2026-07-14,Natasha Howard,Threes,Under,1.5,-200,59.10%,-22.60%,WIN,1.1,1,2.5,66.70%,Tuesday,2026-07
2026-07-14,Natasha Howard,Threes,Over,1.5,102,55.60%,12.20%,LOSS,2.1,0,-5,49.50%,Tuesday,2026-07
2026-07-14,Natasha Howard,Threes,Under,3.5,-192,56.40%,-27.30%,WIN,3.4,2,2.6,65.80%,Tuesday,2026-07
2026-07-14,Natasha Howard,Threes,Under,1.5,-172,64.90%,4.60%,LOSS,0.98,2,-5,63.20%,Tuesday,2026-07
2026-07-14,Natasha Howard,Threes,Under,1.5,-200,59.10%,-22.60%,WIN,1.4,0,2.5,66.70%,Tuesday,2026-07
2026-07-14,Natasha Howard,Threes,Under,1.5,-122,56.20%,2.90%,WIN,1.4,0,4.1,55.00%,Tuesday,2026-07
2026-07-15,Natasha Howard,Assists,Over,2.5,-138,55.40%,-6.10%,LOSS,2.7,1,-5,58.00%,Wednesday,2026-07
2026-07-15,Natasha Howard,Assists,Over,2.5,105,49.40%,1.10%,WIN,2.5,6,5.25,48.80%,Wednesday,2026-07
2026-07-15,Natasha Howard,Assists,Under,2.5,100,52.80%,5.70%,LOSS,1.8,4,-5,50.00%,Wednesday,2026-07
2026-07-15,Natasha Howard,Assists,Over,6.5,-125,60.20%,10.50%,LOSS,8.7,6,-5,55.60%,Wednesday,2026-07
2026-07-15,Natasha Howard,Assists,Over,4.5,-130,58.10%,3.60%,WIN,5.5,6,3.85,56.50%,Wednesday,2026-07
2026-07-15,Natasha Howard,Assists,Over,3.5,-174,64.30%,2.10%,WIN,4.7,4,2.87,63.50%,Wednesday,2026-07
2026-07-15,Natasha Howard,Assists,Under,2.5,-108,54.40%,5.10%,WIN,2.3,1,4.63,51.90%,Wednesday,2026-07
2026-07-15,Natasha Howard,Assists,Under,5.5,-125,57.90%,5.30%,LOSS,4.8,6,-5,55.60%,Wednesday,2026-07
2026-07-15,Natasha Howard,Assists,Under,2.5,-182,64.80%,0.60%,LOSS,2.8,4,-5,64.50%,Wednesday,2026-07
2026-07-15,Natasha Howard,Assists,Over,2.5,154,42.40%,5.00%,LOSS,2.8,1,-5,39.40%,Wednesday,2026-07
2026-07-15,Natasha Howard,Assists,Over,3.5,-160,61.80%,0.60%,WIN,4.2,5,3.13,61.50%,Wednesday,2026-07
2026-07-15,Natasha Howard,Assists,Over,2.5,-132,5.50%,-5.50%,LOSS,2.8,1,-5,56.90%,Wednesday,2026-07
2026-07-15,Natasha Howard,Assists,Over,2.5,-128,56.20%,0.10%,WIN,3.2,4,3.91,56.10%,Wednesday,2026-07
2026-07-15,Natasha Mack,Assists,Under,5.5,-174,64.30%,2.30%,LOSS,4.7,6,-5,63.50%,Wednesday,2026-07
2026-07-15,Natasha Mack,Assists,Over,2.5,-110,52.40%,0.10%,WIN,2.6,6,4.55,52.40%,Wednesday,2026-07
2026-07-15,Natasha Mack,Assists,Under,4.5,-132,56.90%,0.00%,WIN,4.3,3,3.79,56.90%,Wednesday,2026-07
2026-07-15,Natasha Mack,Assists,Under,3.5,-148,63.10%,8.40%,LOSS,2.1,5,-5,59.70%,Wednesday,2026-07
2026-07-15,Natasha Mack,Assists,Over,6.5,116,48.10%,3.50%,LOSS,7.4,5,-5,46.30%,Wednesday,2026-07
2026-07-15,Natasha Mack,Assists,Under,2.5,-115,49.40%,-8.70%,WIN,2.4,2,4.35,53.50%,Wednesday,2026-07
2026-07-15,Natasha Mack,Assists,Over,5.5,118,49.30%,6.40%,LOSS,6.5,4,-5,45.90%,Wednesday,2026-07
2026-07-15,Natasha Mack,Points,Over,15.5,-128,59.80%,8.30%,LOSS,19,15,-5,56.10%,Wednesday,2026-07
2026-07-15,Natasha Mack,Points,Under,10.5,-130,59.80%,7.50%,WIN,8,8,3.85,56.50%,Wednesday,2026-07
2026-07-15,Natasha Mack,Points,Under,12.5,-128,57.30%,2.70%,LOSS,11.5,14,-5,56.10%,Wednesday,2026-07
2026-07-15,Natasha Mack,Points,Under,13.5,-135,60.60%,7.30%,LOSS,10.3,20,-5,57.40%,Wednesday,2026-07
2026-07-15,Natasha Mack,Points,Over,15.5,-115,59.40%,12.60%,LOSS,22.4,13,-5,53.50%,Wednesday,2026-07
2026-07-15,Natasha Mack,Points,Over,8.5,-123,50.10%,-11.20%,LOSS,8.6,8,-5,55.20%,Wednesday,2026-07
2026-07-15,Natasha Mack,Points,Over,15.5,-118,52.50%,-3.60%,WIN,16.5,19,4.24,54.10%,Wednesday,2026-07
2026-07-15,Natasha Mack,Points,Under,15.5,-130,58.10%,3.60%,WIN,14.4,10,3.85,56.50%,Wednesday,2026-07
2026-07-15,Natasha Mack,Points,Under,17.5,-114,61.00%,16.50%,WIN,10.4,14,4.39,53.30%,Wednesday,2026-07
2026-07-15,Natasha Mack,Points,Under,9.5,-138,51.40%,-15.60%,LOSS,9.4,10,-5,58.00%,Wednesday,2026-07
2026-07-15,Natasha Mack,Points,Under,13.5,-120,57.40%,6.20%,LOSS,10.9,25,-5,54.50%,Wednesday,2026-07
2026-07-15,Natasha Mack,Points,Over,13.5,-115,57.10%,7.70%,WIN,16.7,16,4.35,53.50%,Wednesday,2026-07
2026-07-15,Natasha Mack,Points,Under,7.5,-122,57.80%,6.30%,LOSS,5.1,11,-5,55.00%,Wednesday,2026-07
2026-07-15,Natasha Mack,Points,Over,13.5,-110,52.90%,1.10%,LOSS,15.1,12,-5,52.40%,Wednesday,2026-07
2026-07-15,Natasha Mack,Points,Under,18.5,-118,60.00%,12.70%,LOSS,14.1,24,-5,54.10%,Wednesday,2026-07
2026-07-15,Natasha Mack,Points,Under,9.5,-132,55.60%,-3.00%,LOSS,8.8,11,-5,56.90%,Wednesday,2026-07
2026-07-15,Natasha Mack,Points,Over,20.5,-114,57.10%,8.10%,LOSS,25,20,-5,53.30%,Wednesday,2026-07
2026-07-15,Natasha Mack,Points,Under,6.5,-128,58.10%,4.50%,WIN,4.7,4,3.91,56.10%,Wednesday,2026-07
2026-07-15,Natasha Mack,Points,Over,10.5,-122,56.80%,4.10%,WIN,12.2,13,4.1,55.00%,Wednesday,2026-07
2026-07-15,Natasha Mack,Points,Under,16.5,-130,57.80%,3.00%,WIN,15,10,3.85,56.50%,Wednesday,2026-07
2026-07-15,Natasha Mack,Points,Under,15.5,-113,55.30%,4.90%,WIN,14.2,6,4.42,53.10%,Wednesday,2026-07
2026-07-15,Natasha Mack,Points,Under,7.5,-135,59.70%,5.40%,LOSS,3.7,8,-5,57.40%,Wednesday,2026-07
2026-07-15,Natasha Mack,Points,Under,17.5,-130,59.20%,6.10%,LOSS,15.9,23,-5,56.50%,Wednesday,2026-07
2026-07-15,Natasha Mack,Points,Over,19.5,-132,53.20%,-8.70%,LOSS,22,18,-5,56.90%,Wednesday,2026-07
2026-07-15,Natasha Mack,Points,Under,14.5,-106,54.10%,5.50%,LOSS,12.5,24,-5,51.50%,Wednesday,2026-07
2026-07-15,Natasha Mack,Points,Over,7.5,-114,56.80%,7.50%,WIN,10.4,10,4.39,53.30%,Wednesday,2026-07
2026-07-15,Natasha Mack,Points,Over,15.5,-106,52.30%,1.70%,WIN,16.6,17,4.72,51.50%,Wednesday,2026-07
2026-07-15,Natasha Mack,Points,Over,11.5,-125,55.90%,0.90%,LOSS,12.6,4,-5,55.60%,Wednesday,2026-07
2026-07-15,Natasha Mack,Pts + Asts,Over,18.5,-125,57.70%,4.70%,LOSS,21.3,16,-5,55.60%,Wednesday,2026-07
2026-07-15,Natisha Hiedeman,Pts + Asts,Under,12.5,-113,45.80%,-15.40%,LOSS,10,14,-5,53.10%,Wednesday,2026-07
2026-07-15,Natisha Hiedeman,Pts + Asts,Under,16.5,-132,59.60%,6.40%,LOSS,12.1,24,-5,56.90%,Wednesday,2026-07
2026-07-15,Natisha Hiedeman,Pts + Asts,Over,22.5,-118,60.00%,12.80%,LOSS,29.7,19,-5,54.10%,Wednesday,2026-07
2026-07-15,Natisha Hiedeman,Pts + Asts,Under,13.5,-125,53.30%,-5.10%,LOSS,13.1,14,-5,55.60%,Wednesday,2026-07
2026-07-15,Natisha Hiedeman,Pts + Asts,Over,19.5,-125,55.90%,0.70%,WIN,20.6,23,4,55.60%,Wednesday,2026-07
2026-07-15,Natisha Hiedeman,Pts + Asts,Under,17.5,-106,53.10%,3.40%,WIN,16.3,11,4.72,51.50%,Wednesday,2026-07
2026-07-15,Natisha Hiedeman,Pts + Asts,Under,19.5,-121,61.00%,13.80%,LOSS,11.9,20,-5,54.80%,Wednesday,2026-07
2026-07-15,Natisha Hiedeman,Pts + Asts,Under,14.5,-112,48.70%,-8.80%,LOSS,14.4,16,-5,52.80%,Wednesday,2026-07
2026-07-15,Natisha Hiedeman,Pts + Asts,Under,16.5,-118,56.20%,4.50%,LOSS,13.8,29,-5,54.10%,Wednesday,2026-07
2026-07-15,Natisha Hiedeman,Pts + Asts,Over,15.5,-125,57.40%,4.10%,WIN,19.3,17,4,55.60%,Wednesday,2026-07
2026-07-15,Natisha Hiedeman,Pts + Asts,Under,11.5,-114,45.50%,-16.50%,LOSS,9.1,16,-5,53.30%,Wednesday,2026-07
2026-07-15,Natisha Hiedeman,Pts + Asts,Over,14.5,-125,53.20%,-5.30%,LOSS,15,14,-5,55.60%,Wednesday,2026-07
2026-07-15,Natisha Hiedeman,Pts + Asts,Under,21.5,-105,54.60%,6.90%,LOSS,16.8,25,-5,51.20%,Wednesday,2026-07
2026-07-15,Natisha Hiedeman,Pts + Asts,Over,23.5,-108,55.90%,8.30%,WIN,27.8,24,4.63,51.90%,Wednesday,2026-07
2026-07-15,Natisha Hiedeman,Pts + Asts,Over,15.5,100,50.20%,0.30%,WIN,16.8,19,5,50.00%,Wednesday,2026-07
2026-07-15,Natisha Hiedeman,Pts + Asts,Under,18.5,-106,52.50%,2.20%,WIN,16.9,16,4.72,51.50%,Wednesday,2026-07
2026-07-15,Natisha Hiedeman,Pts + Asts,Under,20.5,-125,57.60%,4.50%,WIN,18.2,9,4,55.60%,Wednesday,2026-07
2026-07-15,Natisha Hiedeman,Pts + Asts,Over,9.5,-111,56.40%,7.90%,WIN,6.4,10,4.5,52.60%,Wednesday,2026-07
2026-07-15,Natisha Hiedeman,Pts + Asts,Under,20.5,-114,55.80%,5.40%,LOSS,18.3,28,-5,53.30%,Wednesday,2026-07
2026-07-15,Natisha Hiedeman,Pts + Asts,Over,26.5,-114,54.70%,3.00%,LOSS,28.5,23,-5,53.30%,Wednesday,2026-07
2026-07-15,Natisha Hiedeman,Pts + Asts,Under,17.5,-114,56.40%,6.70%,LOSS,13.8,26,-5,53.30%,Wednesday,2026-07
2026-07-15,Natisha Hiedeman,Pts + Asts,Over,9.5,-109,56.00%,8.00%,WIN,11.7,10,4.59,52.20%,Wednesday,2026-07
2026-07-15,Natisha Hiedeman,Pts + Asts,Over,17.5,-104,52.10%,2.30%,LOSS,19.5,8,-5,51.00%,Wednesday,2026-07
2026-07-15,Natisha Hiedeman,Pts + Rebs,Over,24.5,-130,57.40%,1.90%,LOSS,26.7,22,-5,56.50%,Wednesday,2026-07
2026-07-15,Natisha Hiedeman,Pts + Rebs,Under,13.5,-124,56.90%,3.40%,WIN,10.4,10,4.03,55.40%,Wednesday,2026-07
2026-07-15,Natisha Hiedeman,Pts + Rebs,Under,17.5,-102,51.70%,2.50%,LOSS,17,21,-5,50.50%,Wednesday,2026-07
2026-07-15,Natisha Hiedeman,Pts + Rebs,Under,21.5,-130,61.60%,11.80%,LOSS,16,28,-5,56.50%,Wednesday,2026-07
2026-07-15,Natisha Hiedeman,Pts + Rebs,Over,19.5,-120,60.10%,12.10%,LOSS,26,16,-5,54.50%,Wednesday,2026-07
2026-07-15,Natisha Hiedeman,Pts + Rebs,Over,20.5,-132,48.80%,-18.90%,WIN,20.7,21,3.79,56.90%,Wednesday,2026-07
2026-07-15,Natisha Hiedeman,Pts + Rebs,Over,22.5,-114,5.00%,1.60%,LOSS,22.6,18,-5,53.30%,Wednesday,2026-07
2026-07-15,Natisha Hiedeman,Pts + Rebs,Under,26.5,-110,62.20%,20.60%,LOSS,17,28,-5,52.40%,Wednesday,2026-07
2026-07-15,Natisha Hiedeman,Pts + Rebs,Over,11.5,-109,53.50%,2.80%,WIN,12.8,12,4.59,52.20%,Wednesday,2026-07
2026-07-15,Natisha Hiedeman,Pts + Rebs,Under,18.5,-105,53.60%,5.00%,LOSS,16.3,31,-5,51.20%,Wednesday,2026-07
2026-07-15,Natisha Hiedeman,Pts + Rebs,Over,16.5,-125,58.90%,7.50%,WIN,21.2,19,4,55.60%,Wednesday,2026-07
2026-07-15,Natisha Hiedeman,Pts + Rebs,Under,9.5,-130,46.80%,-22.30%,LOSS,8.3,14,-5,56.50%,Wednesday,2026-07
2026-07-15,Natisha Hiedeman,Pts + Rebs,Over,17.5,-104,52.50%,3.10%,LOSS,18.5,14,-5,51.00%,Wednesday,2026-07
2026-07-15,Natisha Hiedeman,Pts + Rebs,Under,21.5,-128,60.10%,9.00%,LOSS,17.8,25,-5,56.10%,Wednesday,2026-07
2026-07-15,Natisha Hiedeman,Pts + Rebs,Under,14.5,-125,48.50%,-15.90%,LOSS,14,19,-5,55.60%,Wednesday,2026-07
2026-07-15,Natisha Hiedeman,Pts + Rebs,Under,9.5,-128,46.80%,-21.30%,LOSS,6,11,-5,56.10%,Wednesday,2026-07
2026-07-15,Natisha Hiedeman,Pts + Rebs,Under,11.5,-136,56.40%,-2.80%,WIN,10.1,9,3.68,57.60%,Wednesday,2026-07
2026-07-15,Natisha Hiedeman,Pts + Rebs,Over,14.5,-132,56.50%,-1.00%,WIN,15.2,15,3.79,56.90%,Wednesday,2026-07
2026-07-15,Natisha Hiedeman,Pts + Rebs,Under,24.5,-112,55.50%,5.70%,WIN,21.6,20,4.46,52.80%,Wednesday,2026-07
2026-07-15,Natisha Hiedeman,Pts + Rebs,Under,18.5,-125,52.20%,-7.50%,WIN,17.7,9,4,55.60%,Wednesday,2026-07
2026-07-15,Natisha Hiedeman,Pts + Rebs,Under,12.5,-112,54.60%,3.70%,LOSS,9.4,13,-5,52.80%,Wednesday,2026-07
2026-07-15,Natisha Hiedeman,Pts + Rebs,Under,25.5,-121,55.30%,1.10%,LOSS,24.3,35,-5,54.80%,Wednesday,2026-07
2026-07-15,Natisha Hiedeman,Pts + Rebs,Over,24.5,-120,55.30%,1.60%,LOSS,26.2,22,-5,54.50%,Wednesday,2026-07
2026-07-15,Natisha Hiedeman,Pts + Rebs,Under,17.5,-118,56.60%,5.30%,LOSS,14.5,28,-5,54.10%,Wednesday,2026-07
2026-07-15,Natisha Hiedeman,Pts + Rebs,Over,10.5,-101,54.60%,8.70%,WIN,13.2,12,4.95,50.20%,Wednesday,2026-07
2026-07-15,Natisha Hiedeman,Pts + Rebs,Over,15.5,-102,51.10%,1.20%,LOSS,17,9,-5,50.50%,Wednesday,2026-07
2026-07-15,Natisha Hiedeman,Rebs + Asts,Over,11.5,-132,57.50%,1.30%,LOSS,12.4,8,-5,56.90%,Wednesday,2026-07
2026-07-15,Natisha Hiedeman,Rebs + Asts,Under,10.5,-132,64.20%,17.00%,LOSS,8.2,12,-5,56.90%,Wednesday,2026-07
2026-07-15,Natisha Hiedeman,Rebs + Asts,Over,10.5,-130,61.30%,10.90%,LOSS,13.1,9,-5,56.50%,Wednesday,2026-07
2026-07-15,Natisha Hiedeman,Rebs + Asts,Over,9.5,-102,52.30%,3.60%,LOSS,10.3,6,-5,50.50%,Wednesday,2026-07
2026-07-15,Natisha Hiedeman,Rebs + Asts,Over,9.5,-146,49.60%,-23.90%,LOSS,9.5,9,-5,59.30%,Wednesday,2026-07
2026-07-15,Natisha Hiedeman,Rebs + Asts,Under,11.5,-142,68.50%,23.80%,LOSS,6.9,16,-5,58.70%,Wednesday,2026-07
2026-07-15,Natisha Hiedeman,Rebs + Asts,Under,7.5,-120,56.10%,3.40%,LOSS,6.3,8,-5,54.50%,Wednesday,2026-07
2026-07-15,Natisha Hiedeman,Rebs + Asts,Under,8.5,-114,45.40%,-16.70%,LOSS,8.4,10,-5,53.30%,Wednesday,2026-07
2026-07-15,Natisha Hiedeman,Rebs + Asts,Over,5.5,104,54.10%,10.00%,LOSS,6.5,4,-5,49.00%,Wednesday,2026-07
2026-07-15,Natisha Hiedeman,Rebs + Asts,Under,6.5,-160,51.10%,-27.20%,LOSS,5.8,8,-5,61.50%,Wednesday,2026-07
2026-07-15,Natisha Hiedeman,Rebs + Asts,Under,6.5,-114,45.80%,-15.90%,WIN,5.4,2,4.39,53.30%,Wednesday,2026-07
2026-07-15,Natisha Hiedeman,Rebs + Asts,Under,9.5,-138,62.00%,9.40%,WIN,7.7,8,3.62,58.00%,Wednesday,2026-07
2026-07-15,Natisha Hiedeman,Rebs + Asts,Under,10.5,102,56.00%,12.90%,LOSS,9.2,16,-5,49.50%,Wednesday,2026-07
2026-07-15,Natisha Hiedeman,Rebs + Asts,Over,7.5,-158,56.60%,-12.10%,LOSS,6.8,6,-5,61.20%,Wednesday,2026-07
2026-07-15,Natisha Hiedeman,Rebs + Asts,Under,7.5,-115,55.30%,4.00%,WIN,6.8,7,4.35,53.50%,Wednesday,2026-07
2026-07-15,Natisha Hiedeman,Rebs + Asts,Under,11.5,-102,58.60%,16.30%,LOSS,9.8,17,-5,50.50%,Wednesday,2026-07
2026-07-15,Natisha Hiedeman,Rebs + Asts,Over,10.5,-122,47.60%,-16.40%,LOSS,10.7,9,-5,55.00%,Wednesday,2026-07
2026-07-15,Natisha Hiedeman,Rebs + Asts,Over,8.5,-102,55.20%,9.50%,WIN,10.7,9,4.9,50.50%,Wednesday,2026-07
2026-07-15,Natisha Hiedeman,Threes,Under,1.5,-275,62.10%,-42.10%,LOSS,1.2,2,-5,73.30%,Wednesday,2026-07
2026-07-15,Natisha Hiedeman,Threes,Under,1.5,-174,66.30%,7.70%,LOSS,0.93,2,-5,63.50%,Wednesday,2026-07
2026-07-15,Natisha Hiedeman,Threes,Over,1.5,-106,51.20%,-0.50%,WIN,1.9,2,4.72,51.50%,Wednesday,2026-07
2026-07-15,Natisha Hiedeman,Threes,Under,1.5,-188,58.70%,-18.80%,LOSS,1.1,3,-5,65.30%,Wednesday,2026-07
2026-07-15,Natisha Hiedeman,Threes,Over,1.5,-182,69.90%,15.10%,LOSS,2.9,1,-5,64.50%,Wednesday,2026-07
2026-07-15,Natisha Hiedeman,Threes,Over,1.5,152,48.70%,14.90%,LOSS,2,1,-5,39.70%,Wednesday,2026-07
2026-07-15,Natisha Hiedeman,Threes,Under,1.5,-172,56.80%,-17.50%,LOSS,1.5,2,-5,63.20%,Wednesday,2026-07
2026-07-15,Natisha Hiedeman,Threes,Under,1.5,-158,57.50%,-9.70%,WIN,1.4,1,3.16,61.20%,Wednesday,2026-07
2026-07-15,Natisha Hiedeman,Threes,Over,1.5,100,60.20%,20.40%,WIN,2.6,2,5,50.00%,Wednesday,2026-07
2026-07-15,Natisha Hiedeman,Threes,Under,0.5,123,48.50%,6.60%,WIN,0.21,0,6.15,44.80%,Wednesday,2026-07
2026-07-15,Natisha Hiedeman,Threes,Over,2.5,122,54.50%,17.20%,LOSS,3.3,2,-5,45.00%,Wednesday,2026-07
2026-07-15,Natisha Hiedeman,Threes,Under,2.5,130,51.50%,13.70%,WIN,2.3,2,6.5,43.50%,Wednesday,2026-07
2026-07-15,Natisha Hiedeman,Threes,Over,1.5,194,50.80%,25.40%,WIN,2.7,2,9.7,34.00%,Wednesday,2026-07
2026-07-15,Natisha Hiedeman,Threes,Over,2.5,-106,61.60%,21.00%,WIN,3.8,3,4.72,51.50%,Wednesday,2026-07
2026-07-15,Natisha Hiedeman,Threes,Under,2.5,-200,71.50%,14.40%,WIN,1.6,0,2.5,66.70%,Wednesday,2026-07
2026-07-15,Natisha Hiedeman,Threes,Under,1.5,-174,60.00%,-9.70%,LOSS,1.1,2,-5,63.50%,Wednesday,2026-07
2026-07-15,Natisha Hiedeman,Threes,Under,1.5,-158,57.40%,-9.90%,LOSS,1.5,2,-5,61.20%,Wednesday,2026-07
2026-07-15,Natisha Hiedeman,Threes,Over,1.5,128,53.90%,17.80%,LOSS,2.4,1,-5,43.90%,Wednesday,2026-07
2026-07-15,Natisha Hiedeman,Threes,Under,1.5,-136,55.50%,-5.00%,LOSS,1.6,2,-5,57.60%,Wednesday,2026-07
2026-07-15,Natisha Hiedeman,Threes,Over,1.5,102,56.50%,13.90%,WIN,2.3,2,5.1,49.50%,Wednesday,2026-07
2026-07-15,Natisha Hiedeman,Threes,Under,2.5,-215,63.20%,-15.90%,WIN,2.1,1,2.33,68.30%,Wednesday,2026-07
2026-07-15,Natisha Hiedeman,Threes,Over,1.5,178,43.00%,10.90%,LOSS,1.9,0,-5,36.00%,Wednesday,2026-07
2026-07-16,Natisha Hiedeman,Assists,Under,2.5,-192,64.20%,-4.50%,LOSS,1.9,3,-5,65.80%,Thursday,2026-07
2026-07-16,Natisha Hiedeman,Assists,Under,5.5,-108,55.10%,6.50%,WIN,5,5,4.63,51.90%,Thursday,2026-07
2026-07-16,Natisha Hiedeman,Assists,Over,1.5,-178,64.60%,1.50%,WIN,1.9,5,2.81,64.00%,Thursday,2026-07
2026-07-16,Natisha Hiedeman,Assists,Under,3.5,-120,54.80%,0.50%,WIN,3.4,2,4.17,54.50%,Thursday,2026-07
2026-07-16,Natisha Hiedeman,Assists,Under,2.5,-158,61.80%,1.50%,WIN,2.5,2,3.16,61.20%,Thursday,2026-07
2026-07-16,Natisha Hiedeman,Assists,Under,3.5,-166,65.20%,7.50%,LOSS,2.1,4,-5,62.40%,Thursday,2026-07
2026-07-16,Natisha Hiedeman,Assists,Under,3.5,-192,65.40%,-0.90%,WIN,3.1,3,2.6,65.80%,Thursday,2026-07
2026-07-16,Natisha Hiedeman,Points,Under,12.5,-104,54.00%,62.00%,WIN,9.9,6,4.81,51.00%,Thursday,2026-07
2026-07-16,Natisha Hiedeman,Points,Under,15.5,-132,62.00%,11.90%,WIN,11.4,14,3.79,56.90%,Thursday,2026-07
2026-07-16,Natisha Hiedeman,Points,Under,10.5,-132,61.10%,9.70%,WIN,7.2,8,3.79,56.90%,Thursday,2026-07
2026-07-16,Natisha Hiedeman,Points,Under,6.5,-115,56.00%,5.50%,WIN,4.8,3,4.35,53.50%,Thursday,2026-07
2026-07-16,Natisha Hiedeman,Points,Under,15.5,-108,52.40%,1.00%,WIN,15.4,2,4.63,51.90%,Thursday,2026-07
2026-07-16,Natisha Hiedeman,Points,Under,9.5,-128,55.40%,-1.80%,WIN,8.8,5,3.91,56.10%,Thursday,2026-07
2026-07-16,Natisha Hiedeman,Points,Under,9.5,-122,50.80%,-9.20%,LOSS,9.5,10,-5,55.00%,Thursday,2026-07
2026-07-16,Natisha Hiedeman,Points,Under,17.5,-120,57.80%,7.10%,WIN,15.6,8,4.17,54.50%,Thursday,2026-07
2026-07-16,Natisha Hiedeman,Pts + Asts,Under,15.5,-132,58.80%,4.30%,WIN,11.6,9,3.79,56.90%,Thursday,2026-07
2026-07-16,Natisha Hiedeman,Pts + Asts,Under,20.5,-108,56.10%,8.80%,WIN,16.3,19,4.63,51.90%,Thursday,2026-07
2026-07-16,Natisha Hiedeman,Pts + Asts,Under,12.5,-130,48.70%,-17.90%,LOSS,8.7,13,-5,56.50%,Thursday,2026-07
2026-07-16,Natisha Hiedeman,Pts + Asts,Under,10.5,-130,46.60%,-22.80%,WIN,8.6,5,3.85,56.50%,Thursday,2026-07
2026-07-16,Natisha Hiedeman,Pts + Asts,Under,18.5,-111,53.70%,2.30%,WIN,16.8,2,4.5,52.60%,Thursday,2026-07
2026-07-16,Natisha Hiedeman,Pts + Asts,Over,11.5,-122,55.80%,1.90%,WIN,10.7,12,4.1,55.00%,Thursday,2026-07
2026-07-16,Natisha Hiedeman,Pts + Asts,Under,18.5,-110,53.00%,1.40%,LOSS,17.2,23,-5,52.40%,Thursday,2026-07
2026-07-16,Natisha Hiedeman,Pts + Asts,Under,20.5,-114,55.60%,5.00%,WIN,19,11,4.39,53.30%,Thursday,2026-07
2026-07-16,Natisha Hiedeman,Pts + Rebs,Under,16.5,-114,55.20%,4.10%,WIN,13.8,9,4.39,53.30%,Thursday,2026-07
2026-07-16,Natisha Hiedeman,Pts + Rebs,Under,17.5,-114,56.30%,6.40%,WIN,13.7,15,4.39,53.30%,Thursday,2026-07
2026-07-16,Natisha Hiedeman,Pts + Rebs,Under,16.5,-110,56.10%,7.80%,WIN,11.8,11,4.55,52.40%,Thursday,2026-07
2026-07-16,Natisha Hiedeman,Pts + Rebs,Under,26.5,-130,57.30%,1.80%,WIN,24.7,7,3.85,56.50%,Thursday,2026-07
2026-07-16,Natisha Hiedeman,Pts + Rebs,Over,11.5,-129,47.60%,-20.00%,LOSS,11.6,11,-5,56.30%,Thursday,2026-07
2026-07-16,Natisha Hiedeman,Pts + Rebs,Under,13.5,-114,48.90%,-9.40%,LOSS,12.7,17,-5,53.30%,Thursday,2026-07
2026-07-16,Natisha Hiedeman,Pts + Rebs,Under,24.5,-114,54.80%,3.20%,LOSS,22.5,28,-5,53.30%,Thursday,2026-07
2026-07-16,Natisha Hiedeman,Pts + Rebs,Under,20.5,-110,55.00%,5.60%,WIN,18.7,14,4.55,52.40%,Thursday,2026-07
2026-07-16,Natisha Hiedeman,Rebs + Asts,Over,5.5,-132,59.90%,6.90%,WIN,5.3,6,3.79,56.90%,Thursday,2026-07
2026-07-16,Natisha Hiedeman,Rebs + Asts,Under,7.5,-138,63.00%,12.00%,WIN,6.7,6,3.62,58.00%,Thursday,2026-07
2026-07-16,Natisha Hiedeman,Rebs + Asts,Under,8.5,-120,60.50%,13.20%,WIN,6.3,8,4.17,54.50%,Thursday,2026-07
2026-07-16,Natisha Hiedeman,Rebs + Asts,Under,12.5,-122,58.30%,7.50%,WIN,11,5,4.1,55.00%,Thursday,2026-07
2026-07-16,Natisha Hiedeman,Rebs + Asts,Under,6.5,-125,47.20%,-18.90%,LOSS,5.6,9,-5,55.60%,Thursday,2026-07
2026-07-16,Natisha Hiedeman,Rebs + Asts,Under,12.5,-130,61.70%,11.90%,LOSS,10.5,13,-5,56.50%,Thursday,2026-07
2026-07-16,Natisha Hiedeman,Rebs + Asts,Over,6.5,-106,55.90%,9.10%,WIN,7.1,9,4.72,51.50%,Thursday,2026-07
2026-07-16,Natisha Hiedeman,Threes,Under,2.5,-125,58.90%,7.50%,WIN,2.1,2,4,55.60%,Thursday,2026-07
2026-07-16,Natisha Hiedeman,Threes,Under,1.5,-225,59.20%,-32.70%,LOSS,1.3,2,-5,69.20%,Thursday,2026-07
2026-07-16,Natisha Hiedeman,Threes,Under,0.5,119,49.00%,6.10%,WIN,0.33,0,5.95,45.70%,Thursday,2026-07
2026-07-16,Natisha Hiedeman,Threes,Under,1.5,-205,59.40%,-23.90%,WIN,1.4,0,2.44,67.20%,Thursday,2026-07
2026-07-17,Natisha Hiedeman,Assists,Over,2.5,110,48.90%,2.50%,LOSS,2.6,2,-5,47.60%,Friday,2026-07
2026-07-17,Natisha Hiedeman,Assists,Over,8.5,122,49.40%,8.00%,LOSS,9.7,6,-5,45.00%,Friday,2026-07
2026-07-17,Natisha Hiedeman,Assists,Over,2.5,140,48.70%,12.00%,LOSS,4.1,2,-5,41.70%,Friday,2026-07
2026-07-17,Natisha Hiedeman,Assists,Over,2.5,129,46.80%,5.60%,WIN,3.4,3,6.45,43.70%,Friday,2026-07
2026-07-17,Natisha Hiedeman,Assists,Under,2.5,-116,50.50%,-7.00%,LOSS,2.4,5,-5,53.70%,Friday,2026-07
2026-07-17,Natisha Hiedeman,Assists,Under,2.5,-187,64.20%,-2.70%,LOSS,1.9,4,-5,65.20%,Friday,2026-07
2026-07-17,Natisha Hiedeman,Assists,Over,7.5,118,50.00%,7.70%,WIN,8.7,10,5.9,45.90%,Friday,2026-07
2026-07-17,Natisha Hiedeman,Assists,Over,3.5,106,49.80%,2.50%,WIN,3.8,7,5.3,48.50%,Friday,2026-07
2026-07-17,Natisha Hiedeman,Assists,Over,4.5,-108,55.00%,6.40%,LOSS,5.7,1,-5,51.90%,Friday,2026-07
2026-07-17,Natisha Hiedeman,Assists,Under,2.5,-106,50.80%,-1.30%,WIN,2.4,2,4.72,51.50%,Friday,2026-07
2026-07-17,Natisha Hiedeman,Assists,Under,5.5,-158,62.50%,3.20%,WIN,5,4,3.16,61.20%,Friday,2026-07
2026-07-17,Natisha Hiedeman,Assists,Under,3.5,-182,64.80%,0.60%,LOSS,2.5,6,-5,64.50%,Friday,2026-07
2026-07-17,Natisha Hiedeman,Assists,Over,3.5,-136,58.30%,1.50%,WIN,4,5,3.68,57.60%,Friday,2026-07
2026-07-17,Natisha Hiedeman,Assists,Under,7.5,104,52.20%,6.30%,LOSS,7.2,13,-5,49.00%,Friday,2026-07
2026-07-17,Natisha Hiedeman,Assists,Under,7.5,-158,63.30%,5.40%,WIN,6.4,6,3.16,61.20%,Friday,2026-07
2026-07-17,Natisha Hiedeman,Assists,Under,2.5,-185,64.20%,-2.00%,WIN,0.96,1,2.7,64.90%,Friday,2026-07
2026-07-17,Natisha Hiedeman,Assists,Over,2.5,-108,52.30%,0.80%,WIN,2.6,3,4.63,51.90%,Friday,2026-07
2026-07-17,Natisha Hiedeman,Assists,Over,2.4,-148,59.90%,0.70%,LOSS,3.4,0,-5,59.70%,Friday,2026-07
2026-07-17,Natisha Hiedeman,Assists,Under,2.5,-195,64.20%,-5.60%,WIN,1.5,0,2.56,66.10%,Friday,2026-07
2026-07-17,Natisha Hiedeman,Assists,Under,4.5,-106,52.20%,1.60%,LOSS,4.5,5,-5,51.50%,Friday,2026-07
2026-07-17,Natisha Hiedeman,Assists,Over,2.5,146,43.50%,4.80%,WIN,2.7,5,7.3,40.70%,Friday,2026-07
2026-07-17,Natisha Hiedeman,Assists,Over,3.5,-114,50.50%,-5.90%,LOSS,3.6,3,-5,53.30%,Friday,2026-07
2026-07-17,Natisha Hiedeman,Assists,Under,3.5,-114,55.30%,4.40%,LOSS,2.7,4,-5,53.30%,Friday,2026-07
2026-07-17,Natisha Hiedeman,Assists,Under,5.5,118,50.20%,8.10%,LOSS,4.7,9,-5,45.90%,Friday,2026-07
2026-07-17,Natisha Hiedeman,Assists,Under,4.5,-152,61.70%,3.50%,LOSS,3.7,8,-5,60.30%,Friday,2026-07
2026-07-17,Natisha Hiedeman,Assists,Over,2.5,-163,54.40%,-19.90%,WIN,2.6,4,3.07,62.00%,Friday,2026-07
2026-07-17,Natisha Hiedeman,Assists,Under,2.5,-178,64.10%,0.10%,LOSS,1.5,3,-5,64.00%,Friday,2026-07
2026-07-17,Nia Coffey,Assists,Over,2.5,-109,52.70%,1.20%,WIN,2.7,5,4.59,52.20%,Friday,2026-07
2026-07-17,Nia Coffey,Assists,Over,3.5,110,49.60%,3.80%,WIN,3.9,5,5.5,47.60%,Friday,2026-07
2026-07-17,Nia Coffey,Points,Over,19.5,-118,50.00%,-8.90%,LOSS,19.6,18,-5,54.10%,Friday,2026-07
2026-07-17,Nia Coffey,Points,Under,14.5,-125,59.40%,8.70%,LOSS,12,17,-5,55.60%,Friday,2026-07
2026-07-17,Nia Coffey,Points,Over,16.5,-102,52.10%,3.20%,WIN,17.5,23,4.9,50.50%,Friday,2026-07
2026-07-17,Nia Coffey,Points,Under,10.5,100,54.40%,8.80%,WIN,8.2,9,5,50.00%,Friday,2026-07
2026-07-17,Nia Coffey,Points,Under,12.5,-125,56.80%,2.90%,LOSS,11.2,16,-5,55.60%,Friday,2026-07
2026-07-17,Nia Coffey,Points,Under,14.5,-102,57.20%,13.50%,WIN,9.9,12,4.9,50.50%,Friday,2026-07
2026-07-17,Nia Coffey,Points,Under,13.5,-102,53.90%,6.90%,WIN,11.8,12,4.9,50.50%,Friday,2026-07
2026-07-17,Nia Coffey,Points,Over,17.5,-128,59.40%,7.30%,WIN,22.3,45,3.91,56.10%,Friday,2026-07
2026-07-17,Nia Coffey,Points,Under,8.5,-115,53.90%,1.00%,WIN,7.8,4,4.35,53.50%,Friday,2026-07
2026-07-17,Nia Coffey,Points,Over,8.5,-120,49.90%,-10.30%,WIN,8.6,9,4.17,54.50%,Friday,2026-07
2026-07-17,Nia Coffey,Points,Under,12.5,-106,54.70%,6.60%,WIN,9.6,8,4.72,51.50%,Friday,2026-07
2026-07-17,Nia Coffey,Points,Under,15.5,-110,53.40%,2.20%,LOSS,14.7,18,-5,52.40%,Friday,2026-07
2026-07-17,Nia Coffey,Points,Under,8.5,-108,54.60%,5.60%,LOSS,6.6,11,-5,51.90%,Friday,2026-07
2026-07-17,Nia Coffey,Points,Under,17.5,-135,6.50%,16.60%,LOSS,10.6,28,-5,57.40%,Friday,2026-07
2026-07-17,Nia Coffey,Points,Over,8.5,-130,50.30%,-14.20%,WIN,8.7,14,3.85,56.50%,Friday,2026-07
2026-07-17,Nia Coffey,Points,Under,14.5,-125,59.90%,9.80%,LOSS,11.9,16,-5,55.60%,Friday,2026-07
2026-07-17,Nia Coffey,Points,Over,11.5,-122,53.70%,-2.70%,LOSS,11.8,10,-5,55.00%,Friday,2026-07
2026-07-17,Nia Coffey,Points,Under,8.5,-128,60.30%,9.60%,LOSS,6,15,-5,56.10%,Friday,2026-07
2026-07-17,Nia Coffey,Points,Over,11.5,-118,54.90%,1.60%,WIN,12.8,18,4.24,54.10%,Friday,2026-07
2026-07-17,Nia Coffey,Points,Under,75,-120,57.50%,6.40%,LOSS,6,9,-5,54.50%,Friday,2026-07
2026-07-17,Nia Coffey,Points,Under,20.5,-106,52.40%,2.00%,LOSS,20.3,21,-5,51.50%,Friday,2026-07
2026-07-17,Nia Coffey,Points,Under,14.5,-114,53.90%,1.40%,WIN,13.9,13,4.39,53.30%,Friday,2026-07
2026-07-17,Nia Coffey,Points,Over,22.5,-114,56.20%,6.20%,WIN,26.1,30,4.39,53.30%,Friday,2026-07
2026-07-17,Nia Coffey,Points,Under,9.5,-113,53.10%,0.10%,WIN,9.1,8,4.42,53.10%,Friday,2026-07
2026-07-17,Nia Coffey,Points,Over,12.5,-110,48.40%,-8.30%,WIN,12.8,26,4.55,52.40%,Friday,2026-07
2026-07-17,Nia Coffey,Points,Under,8.5,-114,58.10%,10.40%,WIN,5.9,2,4.39,53.30%,Friday,2026-07
2026-07-17,Nia Coffey,Points,Under,9.5,-122,57.50%,5.60%,LOSS,7.5,13,-5,55.00%,Friday,2026-07
2026-07-17,Nia Coffey,Points,Under,22.5,-118,58.30%,9.10%,LOSS,18.4,26,-5,54.10%,Friday,2026-07
2026-07-17,Nia Coffey,Points,Under,10.5,-115,56.20%,5.90%,WIN,8.5,0,4.35,53.50%,Friday,2026-07
2026-07-17,Nia Coffey,Points,Under,8.5,-132,60.90%,9.40%,LOSS,5.6,16,-5,56.90%,Friday,2026-07
2026-07-17,Nia Coffey,Points,Under,11.5,-118,52.80%,-2.80%,LOSS,10.9,15,-5,54.10%,Friday,2026-07
2026-07-17,Nia Coffey,Points,Under,15.5,-106,54.60%,6.60%,WIN,13.1,15,4.72,51.50%,Friday,2026-07
2026-07-17,Nia Coffey,Points,Under,17.5,-122,58.00%,6.70%,LOSS,15.9,18,-5,55.00%,Friday,2026-07
2026-07-17,Nia Coffey,Points,Under,5.5,-114,51.60%,-3.60%,LOSS,4.3,6,-5,53.30%,Friday,2026-07
2026-07-17,Nia Coffey,Points,Under,11.5,-122,58.10%,6.90%,LOSS,8.6,16,-5,55.00%,Friday,2026-07
2026-07-17,Nia Coffey,Points,Under,11.5,-114,51.90%,-3.00%,WIN,10.7,6,4.39,53.30%,Friday,2026-07
2026-07-17,Nia Coffey,Points,Under,14.5,-102,55.40%,9.80%,WIN,12,9,4.9,50.50%,Friday,2026-07
2026-07-17,Nia Coffey,Points,Over,19.5,-102,51.00%,1.00%,LOSS,21.3,10,-5,50.50%,Friday,2026-07
2026-07-17,Nia Coffey,Points,Over,8.5,-114,5.20%,1.90%,LOSS,10,2,-5,53.30%,Friday,2026-07
2026-07-17,Nia Coffey,Points,Under,16.5,-110,52.40%,0.10%,LOSS,16.4,19,-5,52.40%,Friday,2026-07
2026-07-17,Nia Coffey,Pts + Asts,Under,22.5,-125,55.60%,0.00%,WIN,21.8,20,4,55.60%,Friday,2026-07
2026-07-17,Nia Coffey,Pts + Asts,Under,22.5,-114,54.00%,1.50%,LOSS,21.5,23,-5,53.30%,Friday,2026-07
2026-07-17,Nia Coffey,Pts + Asts,Over,18.5,-114,55.50%,4.70%,WIN,20.9,25,4.39,53.30%,Friday,2026-07
2026-07-17,Nia Coffey,Pts + Asts,Under,13.5,-114,53.30%,0.00%,WIN,12.4,12,4.39,53.30%,Friday,2026-07
2026-07-17,Nia Coffey,Pts + Asts,Under,17.5,-112,57.40%,9.70%,WIN,12.6,17,4.46,52.80%,Friday,2026-07
2026-07-17,Nia Coffey,Pts + Asts,Under,16.5,-130,59.30%,6.50%,WIN,13.6,16,3.85,56.50%,Friday,2026-07
2026-07-17,Nia Coffey,Pts + Asts,Over,25.5,-114,57.10%,8.30%,WIN,30,55,4.39,53.30%,Friday,2026-07
2026-07-17,Nia Coffey,Pts + Asts,Over,11.5,-132,57.30%,1.00%,LOSS,11.8,11,-5,56.90%,Friday,2026-07
2026-07-17,Nia Coffey,Pts + Asts,Over,13.5,-110,46.70%,-11.90%,LOSS,13.6,10,-5,52.40%,Friday,2026-07
2026-07-17,Nia Coffey,Pts + Asts,Under,14.5,-114,54.00%,1.60%,WIN,11.1,9,4.39,53.30%,Friday,2026-07
2026-07-17,Nia Coffey,Pts + Asts,Under,18.5,-118,55.30%,2.50%,LOSS,16.6,20,-5,54.10%,Friday,2026-07
2026-07-17,Nia Coffey,Pts + Asts,Over,9.5,-125,58.70%,7.10%,WIN,7.2,11,4,55.60%,Friday,2026-07
2026-07-17,Nia Coffey,Pts + Asts,Under,18.5,-105,57.50%,12.80%,LOSS,11.1,30,-5,51.20%,Friday,2026-07
2026-07-17,Nia Coffey,Pts + Asts,Under,14.5,-125,49.30%,-14.10%,LOSS,14.2,18,-5,55.60%,Friday,2026-07
2026-07-17,Nia Coffey,Pts + Asts,Under,17.5,-114,56.20%,6.30%,LOSS,14.1,22,-5,53.30%,Friday,2026-07
2026-07-17,Nia Coffey,Pts + Asts,Under,14.5,-121,55.20%,1.00%,WIN,13,10,4.13,54.80%,Friday,2026-07
2026-07-17,Nia Coffey,Pts + Asts,Under,12.5,-130,48.70%,-17.90%,LOSS,10,20,-5,56.50%,Friday,2026-07
2026-07-17,Nia Coffey,Pts + Asts,Over,19.5,-125,56.10%,1.10%,WIN,20.9,31,4,55.60%,Friday,2026-07
2026-07-17,Nia Coffey,Pts + Asts,Under,14.5,-106,52.60%,2.30%,LOSS,10.5,15,-5,51.50%,Friday,2026-07
2026-07-17,Nia Coffey,Pts + Asts,Under,23.5,-122,56.90%,4.40%,WIN,20.8,22,4.1,55.00%,Friday,2026-07
2026-07-17,Nia Coffey,Pts + Asts,Under,17.5,-122,52.60%,-5.30%,WIN,17,16,4.1,55.00%,Friday,2026-07
2026-07-17,Nia Coffey,Pts + Asts,Over,25.5,-112,54.80%,4.10%,WIN,27.9,30,4.46,52.80%,Friday,2026-07
2026-07-17,Nia Coffey,Pts + Asts,Under,11.5,-119,45.50%,-19.30%,WIN,9.8,8,4.2,54.30%,Friday,2026-07
2026-07-17,Nia Coffey,Pts + Asts,Under,17.5,-125,54.70%,-1.90%,LOSS,16.8,31,-5,55.60%,Friday,2026-07
2026-07-17,Nia Coffey,Pts + Asts,Under,11.5,-122,46.10%,-19.70%,LOSS,9.3,18,-5,55.00%,Friday,2026-07
2026-07-17,Nia Coffey,Pts + Asts,Under,26.5,-128,59.10%,6.80%,LOSS,22.8,29,-5,56.10%,Friday,2026-07
2026-07-17,Nia Coffey,Pts + Asts,Under,14.5,-128,56.30%,0.40%,WIN,10.9,4,3.91,56.10%,Friday,2026-07
2026-07-17,Nia Coffey,Pts + Asts,Under,17.5,-112,55.00%,4.50%,LOSS,15.5,24,-5,52.80%,Friday,2026-07
2026-07-17,Nia Coffey,Pts + Asts,Under,20.5,-122,57.70%,6.00%,LOSS,16.7,23,-5,55.00%,Friday,2026-07
2026-07-17,Nia Coffey,Pts + Asts,Under,20.5,-120,56.00%,3.20%,LOSS,19.4,22,-5,54.50%,Friday,2026-07
2026-07-17,Nia Coffey,Pts + Asts,Under,13.5,-112,52.90%,0.20%,WIN,11.9,9,4.46,52.80%,Friday,2026-07
2026-07-17,Nia Coffey,Pts + Asts,Under,17.5,-110,55.50%,6.50%,WIN,14.2,14,4.55,52.40%,Friday,2026-07
2026-07-17,Nia Coffey,Pts + Asts,Over,22.5,-118,55.20%,2.30%,LOSS,26.2,15,-5,54.10%,Friday,2026-07
2026-07-17,Nia Coffey,Pts + Asts,Under,18.5,-111,53.20%,1.30%,LOSS,17.1,21,-5,52.60%,Friday,2026-07
2026-07-17,Nia Coffey,Pts + Rebs,Under,23.5,-122,51.80%,-7.00%,WIN,22.8,21,4.1,55.00%,Friday,2026-07
2026-07-17,Nia Coffey,Pts + Rebs,Under,21.5,-119,57.90%,7.80%,LOSS,19.6,25,-5,54.30%,Friday,2026-07
2026-07-17,Nia Coffey,Pts + Rebs,Over,28.5,-110,45.40%,-14.70%,WIN,29.6,35,4.55,52.40%,Friday,2026-07
2026-07-17,Nia Coffey,Pts + Rebs,Under,14.5,100,49.10%,-1.80%,WIN,12.6,13,5,50.00%,Friday,2026-07
2026-07-17,Nia Coffey,Pts + Rebs,Under,18.5,-122,51.30%,-8.00%,LOSS,17.7,25,-5,55.00%,Friday,2026-07
2026-07-17,Nia Coffey,Pts + Rebs,Under,23.5,-112,61.40%,18.10%,WIN,16.3,18,4.46,52.80%,Friday,2026-07
2026-07-17,Nia Coffey,Pts + Rebs,Under,20.5,-128,59.60%,7.90%,WIN,17.2,18,3.91,56.10%,Friday,2026-07
2026-07-17,Nia Coffey,Pts + Rebs,Over,22.5,-114,55.30%,4.30%,WIN,25.5,47,4.39,53.30%,Friday,2026-07
2026-07-17,Nia Coffey,Pts + Rebs,Under,11.5,-112,53.70%,1.80%,WIN,10,8,4.46,52.80%,Friday,2026-07
2026-07-17,Nneka Ogwumike,Pts + Rebs,Over,11.5,-118,54.90%,1.80%,LOSS,12.7,9,-5,54.10%,Friday,2026-07
2026-07-17,Nneka Ogwumike,Pts + Rebs,Under,19.5,-110,58.30%,12.50%,WIN,14.4,18,4.55,52.40%,Friday,2026-07
2026-07-17,Nneka Ogwumike,Pts + Rebs,Under,23.5,-128,57.20%,2.50%,LOSS,21.5,24,-5,56.10%,Friday,2026-07
2026-07-17,Nneka Ogwumike,Pts + Rebs,Under,11.5,-125,55.80%,0.50%,LOSS,8.9,12,-5,55.60%,Friday,2026-07
2026-07-17,Nneka Ogwumike,Pts + Rebs,Under,26.5,-110,62.20%,20.60%,LOSS,16.5,42,-5,52.40%,Friday,2026-07
2026-07-17,Nneka Ogwumike,Pts + Rebs,Over,11.5,100,51.10%,2.20%,WIN,12,18,5,50.00%,Friday,2026-07
2026-07-17,Nneka Ogwumike,Pts + Rebs,Under,20.5,-128,60.50%,10.00%,LOSS,16.2,22,-5,56.10%,Friday,2026-07
2026-07-17,Nneka Ogwumike,Pts + Rebs,Under,17.5,-104,51.40%,0.80%,WIN,17.3,13,4.81,51.00%,Friday,2026-07
2026-07-17,Nneka Ogwumike,Pts + Rebs,Under,10.5,-118,49.30%,-10.40%,LOSS,9.2,16,-5,54.10%,Friday,2026-07
2026-07-17,Nneka Ogwumike,Pts + Rebs,Over,15.5,-132,58.50%,3.90%,WIN,17.6,18,3.79,56.90%,Friday,2026-07
2026-07-17,Nneka Ogwumike,Pts + Rebs,Under,11.5,-136,56.40%,-2.80%,LOSS,9.8,14,-5,57.60%,Friday,2026-07
2026-07-17,Nneka Ogwumike,Pts + Rebs,Under,24.5,-106,53.30%,3.80%,WIN,22.6,24,4.72,51.50%,Friday,2026-07
2026-07-17,Nneka Ogwumike,Pts + Rebs,Under,23.5,-108,52.00%,0.10%,LOSS,22.7,24,-5,51.90%,Friday,2026-07
2026-07-17,Nneka Ogwumike,Pts + Rebs,Under,13.5,-118,47.90%,-13.60%,WIN,12.9,12,4.24,54.10%,Friday,2026-07
2026-07-17,Nneka Ogwumike,Pts + Rebs,Under,14.5,-118,47.50%,-14.40%,LOSS,14.3,30,-5,54.10%,Friday,2026-07
2026-07-17,Nneka Ogwumike,Pts + Rebs,Under,12.5,-118,55.60%,3.20%,WIN,10.1,4,4.24,54.10%,Friday,2026-07
2026-07-17,Nneka Ogwumike,Pts + Rebs,Under,13.5,-104,53.50%,5.20%,LOSS,10.4,17,-5,51.00%,Friday,2026-07
2026-07-17,Nneka Ogwumike,Pts + Rebs,Under,25.5,-127,59.10%,7.10%,LOSS,22.7,30,-5,55.90%,Friday,2026-07
2026-07-17,Nneka Ogwumike,Pts + Rebs,Under,13.5,-102,53.10%,5.40%,WIN,10.7,2,4.9,50.50%,Friday,2026-07
2026-07-17,Nneka Ogwumike,Pts + Rebs,Under,14.5,-113,56.40%,7.10%,LOSS,11.5,21,-5,53.10%,Friday,2026-07
2026-07-17,Nneka Ogwumike,Pts + Rebs,Under,14.5,-102,48.60%,-3.90%,LOSS,13.9,21,-5,50.50%,Friday,2026-07
2026-07-17,Nneka Ogwumike,Pts + Rebs,Under,18.5,-106,53.80%,4.90%,WIN,16.4,17,4.72,51.50%,Friday,2026-07
2026-07-17,Nneka Ogwumike,Pts + Rebs,Under,26.5,-102,51.40%,1.90%,LOSS,24.9,30,-5,50.50%,Friday,2026-07
2026-07-17,Nneka Ogwumike,Pts + Rebs,Under,16.5,-128,57.40%,2.90%,LOSS,13.8,17,-5,56.10%,Friday,2026-07
2026-07-17,Nneka Ogwumike,Pts + Rebs,Under,18.5,-106,53.50%,4.30%,WIN,15.7,12,4.72,51.50%,Friday,2026-07
2026-07-17,Nneka Ogwumike,Pts + Rebs,Under,17.5,-120,56.30%,3.90%,WIN,14.8,10,4.17,54.50%,Friday,2026-07
2026-07-17,Nneka Ogwumike,Pts + Rebs,Over,23.5,-110,53.60%,2.50%,LOSS,24.9,14,-5,52.40%,Friday,2026-07
2026-07-17,Nneka Ogwumike,Pts + Rebs,Under,18.5,-112,54.80%,4.20%,LOSS,16.2,20,-5,52.80%,Friday,2026-07
2026-07-17,Nneka Ogwumike,Rebs + Asts,Over,5.5,-140,60.90%,6.20%,LOSS,5.9,5,-5,58.30%,Friday,2026-07
2026-07-17,Nneka Ogwumike,Rebs + Asts,Over,14.5,-132,59.10%,5.20%,LOSS,16.2,14,-5,56.90%,Friday,2026-07
2026-07-17,Nneka Ogwumike,Rebs + Asts,Over,14.5,-102,54.30%,7.70%,LOSS,16.2,14,-5,50.50%,Friday,2026-07
2026-07-17,Nneka Ogwumike,Rebs + Asts,Under,10.5,106,55.20%,12.90%,LOSS,9.1,11,-5,48.50%,Friday,2026-07
2026-07-17,Nneka Ogwumike,Rebs + Asts,Under,8.5,-140,63.30%,11.90%,LOSS,7,10,-5,58.30%,Friday,2026-07
2026-07-17,Nneka Ogwumike,Rebs + Asts,Over,11.5,-108,56.10%,8.80%,WIN,13.1,12,4.63,51.90%,Friday,2026-07
2026-07-17,Nneka Ogwumike,Rebs + Asts,Under,6.5,-122,46.80%,-18.10%,LOSS,6.3,11,-5,55.00%,Friday,2026-07
2026-07-17,Nneka Ogwumike,Rebs + Asts,Over,7.5,-102,53.40%,6.00%,LOSS,7.8,1,-5,50.50%,Friday,2026-07
2026-07-17,Nneka Ogwumike,Rebs + Asts,Under,8.5,-110,55.60%,6.80%,LOSS,7.2,11,-5,52.40%,Friday,2026-07
2026-07-17,Nneka Ogwumike,Rebs + Asts,Under,9.5,108,50.90%,5.50%,WIN,8.8,8,5.4,48.10%,Friday,2026-07
2026-07-17,Nneka Ogwumike,Rebs + Asts,Under,11.5,-103,61.30%,21.50%,LOSS,7.3,16,-5,50.70%,Friday,2026-07
2026-07-17,Nneka Ogwumike,Rebs + Asts,Under,7.5,-132,57.80%,2.10%,LOSS,6.4,8,-5,56.90%,Friday,2026-07
2026-07-17,Nneka Ogwumike,Rebs + Asts,Under,8.5,-146,61.70%,5.70%,LOSS,8,12,-5,59.30%,Friday,2026-07
2026-07-17,Nneka Ogwumike,Rebs + Asts,Under,7.5,107,51.60%,6.30%,WIN,6.8,3,5.35,48.30%,Friday,2026-07
2026-07-17,Nneka Ogwumike,Rebs + Asts,Under,6.5,-158,50.90%,-26.60%,WIN,6.1,6,3.16,61.20%,Friday,2026-07
2026-07-17,Nneka Ogwumike,Rebs + Asts,Under,12.5,-136,59.90%,5.40%,LOSS,11.1,13,-5,57.60%,Friday,2026-07
2026-07-17,Nneka Ogwumike,Rebs + Asts,Under,10.5,-106,57.10%,11.60%,LOSS,8.7,11,-5,51.50%,Friday,2026-07
2026-07-17,Nneka Ogwumike,Rebs + Asts,Under,6.5,-140,49.30%,-21.70%,WIN,4.1,4,3.57,58.30%,Friday,2026-07
2026-07-17,Nneka Ogwumike,Rebs + Asts,Under,11.5,102,51.10%,3.20%,LOSS,11.2,14,-5,49.50%,Friday,2026-07
2026-07-17,Nneka Ogwumike,Rebs + Asts,Over,6.5,-130,56.50%,0.00%,WIN,6.2,9,3.85,56.50%,Friday,2026-07
2026-07-17,Nneka Ogwumike,Rebs + Asts,Under,6.5,-120,46.20%,-19.00%,LOSS,6.2,9,-5,54.50%,Friday,2026-07
2026-07-17,Nneka Ogwumike,Rebs + Asts,Over,6.5,-132,56.60%,-0.80%,WIN,6.7,7,3.79,56.90%,Friday,2026-07
2026-07-17,Nneka Ogwumike,Rebs + Asts,Under,6.5,116,43.40%,-5.30%,WIN,4.4,6,5.8,46.30%,Friday,2026-07
2026-07-17,Nneka Ogwumike,Rebs + Asts,Under,9.5,-114,55.40%,0.60%,LOSS,8.3,15,-5,53.30%,Friday,2026-07
2026-07-17,Nneka Ogwumike,Rebs + Asts,Under,7.5,-130,57.50%,2.40%,LOSS,6.3,10,-5,56.50%,Friday,2026-07
2026-07-17,Nneka Ogwumike,Rebs + Asts,Under,11.5,-108,56.00%,8.60%,LOSS,10.5,16,-5,51.90%,Friday,2026-07
2026-07-17,Nneka Ogwumike,Rebs + Asts,Under,9.5,-136,64.90%,17.10%,WIN,6.6,9,3.68,57.60%,Friday,2026-07
2026-07-17,Nneka Ogwumike,Rebs + Asts,Over,7.5,-104,53.50%,5.10%,WIN,7.7,9,4.81,51.00%,Friday,2026-07
2026-07-17,Nneka Ogwumike,Threes,Over,1.5,-122,47.50%,-16.70%,WIN,1.8,2,4.1,55.00%,Friday,2026-07
2026-07-17,Nneka Ogwumike,Threes,Under,1.5,-166,55.90%,-17.40%,WIN,1.2,1,3.01,62.40%,Friday,2026-07
2026-07-17,Nneka Ogwumike,Threes,Over,1.5,-106,52.00%,1.20%,WIN,1.9,4,4.72,51.50%,Friday,2026-07
2026-07-17,Nneka Ogwumike,Threes,Under,1.5,-146,55.10%,-10.40%,WIN,1.3,0,3.42,59.30%,Friday,2026-07
2026-07-17,Nneka Ogwumike,Threes,Over,2.5,118,48.80%,5.40%,WIN,2.8,6,5.9,45.90%,Friday,2026-07
2026-07-17,Nneka Ogwumike,Threes,Under,1.5,-102,59.40%,18.00%,WIN,0.85,0,4.9,50.50%,Friday,2026-07
2026-07-17,Nneka Ogwumike,Threes,Under,0.5,-267,61.00%,-43.30%,WIN,0.31,0,1.87,72.80%,Friday,2026-07
2026-07-17,Nneka Ogwumike,Threes,Under,1.5,-166,56.80%,-14.90%,WIN,1.5,1,3.01,62.40%,Friday,2026-07
2026-07-17,Nneka Ogwumike,Threes,Over,1.5,118,44.80%,-2.00%,LOSS,1.6,0,-5,45.90%,Friday,2026-07
2026-07-17,Nneka Ogwumike,Threes,Over,0.5,-156,57.20%,-9.60%,WIN,0.88,1,3.21,60.90%,Friday,2026-07
2026-07-17,Nneka Ogwumike,Threes,Under,2.5,-166,71.50%,25.30%,WIN,1.3,0,3.01,62.40%,Friday,2026-07
2026-07-17,Nneka Ogwumike,Threes,Over,2.5,-120,61.90%,16.10%,WIN,3.6,3,4.17,54.50%,Friday,2026-07
2026-07-17,Nneka Ogwumike,Threes,Under,1.5,-225,67.40%,-6.00%,WIN,0.98,0,2.22,69.20%,Friday,2026-07
2026-07-17,Nneka Ogwumike,Threes,Under,1.5,-154,59.40%,-3.20%,WIN,1.1,1,3.25,60.60%,Friday,2026-07
2026-07-17,Nneka Ogwumike,Threes,Under,1.5,-225,70.60%,4.40%,WIN,0.85,0,2.22,69.20%,Friday,2026-07
2026-07-17,Nneka Ogwumike,Threes,Under,1.5,-114,53.90%,1.30%,WIN,1.3,1,4.39,53.30%,Friday,2026-07
2026-07-17,Nneka Ogwumike,Threes,Over,2.5,-180,55.80%,-23.70%,WIN,2.9,3,2.78,64.30%,Friday,2026-07
2026-07-17,Nneka Ogwumike,Threes,Under,2.5,-178,72.60%,23.90%,WIN,1.3,1,2.81,64.00%,Friday,2026-07
2026-07-17,Nneka Ogwumike,Threes,Over,1.5,116,45.30%,-1.80%,WIN,1.7,2,5.8,46.30%,Friday,2026-07
2026-07-17,Nneka Ogwumike,Threes,Under,1.5,-154,56.20%,-11.10%,WIN,1.3,0,3.25,60.60%,Friday,2026-07
2026-07-17,Nneka Ogwumike,Threes,Over,3.5,142,58.90%,30.00%,LOSS,5.3,0,-5,41.30%,Friday,2026-07
2026-07-17,Nneka Ogwumike,Threes,Over,1.5,-130,47.70%,-20.30%,LOSS,1.8,0,-5,56.50%,Friday,2026-07
2026-07-17,Nneka Ogwumike,Threes,Under,2.5,-188,63.30%,-5.70%,LOSS,2.1,4,-5,65.30%,Friday,2026-07
2026-07-18,Nneka Ogwumike,Assists,Over,2.5,140,44.30%,4.50%,WIN,2.8,4,7,41.70%,Saturday,2026-07
2026-07-18,Nneka Ogwumike,Assists,Over,2.5,-154,54.80%,-14.70%,WIN,2.8,3,3.25,60.60%,Saturday,2026-07
2026-07-18,Nneka Ogwumike,Assists,Under,2.5,-122,56.80%,4.10%,LOSS,1.7,4,-5,55.00%,Saturday,2026-07
2026-07-18,Nneka Ogwumike,Assists,Over,8.5,110,48.50%,1.70%,LOSS,8.6,7,-5,47.60%,Saturday,2026-07
2026-07-18,Nneka Ogwumike,Assists,Under,5.5,-120,57.10%,5.60%,LOSS,5,7,-5,54.50%,Saturday,2026-07
2026-07-18,Nneka Ogwumike,Assists,Over,4.5,120,46.10%,1.20%,WIN,4.7,7,6,45.50%,Saturday,2026-07
2026-07-18,Nneka Ogwumike,Assists,Under,2.5,-130,58.10%,3.50%,LOSS,1.6,3,-5,56.50%,Saturday,2026-07
2026-07-18,Nneka Ogwumike,Assists,Over,2.5,130,45.70%,4.00%,WIN,2.8,5,6.5,43.50%,Saturday,2026-07
2026-07-18,Nneka Ogwumike,Assists,Under,3.5,-174,56.80%,-18.20%,LOSS,3.4,4,-5,63.50%,Saturday,2026-07
2026-07-18,Nneka Ogwumike,Assists,Over,2.5,137,44.90%,4.60%,LOSS,2.7,0,-5,42.20%,Saturday,2026-07
2026-07-18,Nneka Ogwumike,Assists,Over,2.5,-154,61.80%,3.10%,LOSS,3.5,1,-5,60.60%,Saturday,2026-07
2026-07-18,Nneka Ogwumike,Assists,Over,2.5,104,50.10%,2.10%,WIN,2.8,3,5.2,49.00%,Saturday,2026-07
2026-07-18,Nneka Ogwumike,Assists,Over,2.5,148,43.10%,4.70%,LOSS,2.9,1,-5,40.30%,Saturday,2026-07
2026-07-18,Nneka Ogwumike,Assists,Over,5.5,-160,63.00%,3.90%,WIN,7,10,3.13,61.50%,Saturday,2026-07
2026-07-18,Nneka Ogwumike,Assists,Under,5.5,-174,65.30%,4.80%,WIN,4.3,4,2.87,63.50%,Saturday,2026-07
2026-07-18,Nneka Ogwumike,Assists,Under,2.5,-162,62.30%,1.20%,LOSS,2,4,-5,61.80%,Saturday,2026-07
2026-07-18,Nneka Ogwumike,Assists,Over,2.5,-151,52.40%,-19.50%,LOSS,2.5,1,-5,60.20%,Saturday,2026-07
2026-07-18,Nneka Ogwumike,Assists,Over,2.5,-154,53.50%,-18.10%,WIN,2.6,4,3.25,60.60%,Saturday,2026-07
2026-07-18,Nneka Ogwumike,Assists,Over,4.5,-138,60.20%,5.20%,WIN,5.8,11,3.62,58.00%,Saturday,2026-07
2026-07-18,Nneka Ogwumike,Points,Over,16.5,-102,53.90%,6.90%,LOSS,18.8,15,-5,50.50%,Saturday,2026-07
2026-07-18,Nneka Ogwumike,Points,Under,20.5,-128,56.40%,0.60%,LOSS,19.3,26,-5,56.10%,Saturday,2026-07
2026-07-18,Nneka Ogwumike,Points,Under,12.5,-102,57.00%,13.20%,LOSS,7.9,22,-5,50.50%,Saturday,2026-07
2026-07-18,Nneka Ogwumike,Points,Over,17.5,-114,59.50%,13.40%,LOSS,25.1,17,-5,53.30%,Saturday,2026-07
2026-07-18,Nneka Ogwumike,Points,Under,14.6,-106,57.10%,11.70%,LOSS,11.7,21,-5,51.50%,Saturday,2026-07
2026-07-18,Nneka Ogwumike,Points,Over,7.5,102,55.00%,10.80%,LOSS,11.7,6,-5,49.50%,Saturday,2026-07
2026-07-18,Nneka Ogwumike,Points,Over,15.5,-114,51.80%,-3.20%,LOSS,16.4,15,-5,53.30%,Saturday,2026-07
2026-07-18,Nneka Ogwumike,Points,Under,9.5,-110,56.50%,8.60%,LOSS,6.9,12,-5,52.40%,Saturday,2026-07
2026-07-18,Nneka Ogwumike,Points,Over,13.5,-114,55.40%,4.50%,WIN,16.2,18,4.39,53.30%,Saturday,2026-07
2026-07-18,Nneka Ogwumike,Points,Under,5.5,-106,51.50%,0.10%,LOSS,5.1,8,-5,51.50%,Saturday,2026-07
2026-07-18,Nneka Ogwumike,Points,Over,11.5,-128,57.10%,2.20%,LOSS,13.4,9,-5,56.10%,Saturday,2026-07
2026-07-18,Nneka Ogwumike,Points,Under,14.5,-128,60.40%,9.60%,WIN,12,13,3.91,56.10%,Saturday,2026-07
2026-07-18,Nneka Ogwumike,Points,Under,7.5,-106,52.10%,1.30%,WIN,7.1,2,4.72,51.50%,Saturday,2026-07
2026-07-18,Nneka Ogwumike,Points,Under,17.5,-102,53.10%,5.30%,LOSS,16.4,24,-5,50.50%,Saturday,2026-07
2026-07-18,Nneka Ogwumike,Points,Over,7.5,-122,56.40%,3.30%,WIN,9.4,11,4.1,55.00%,Saturday,2026-07
2026-07-18,Nneka Ogwumike,Points,Over,23.5,-114,56.40%,6.70%,WIN,27.3,33,4.39,53.30%,Saturday,2026-07
2026-07-18,Nneka Ogwumike,Points,Under,12.5,-102,51.30%,1.60%,WIN,12,6,4.9,50.50%,Saturday,2026-07
2026-07-18,Nneka Ogwumike,Points,Under,7.5,-118,54.60%,1.10%,LOSS,6.8,12,-5,54.10%,Saturday,2026-07
2026-07-18,Nneka Ogwumike,Points,Under,7.5,-118,52.10%,-4.40%,LOSS,7.4,9,-5,54.10%,Saturday,2026-07
2026-07-18,Nneka Ogwumike,Points,Under,16.5,-125,57.00%,3.30%,WIN,15.1,16,4,55.60%,Saturday,2026-07
2026-07-18,Nneka Ogwumike,Points,Under,7.5,-102,54.30%,7.70%,LOSS,4.5,9,-5,50.50%,Saturday,2026-07
2026-07-18,Nneka Ogwumike,Points,Over,17.5,-130,59.70%,7.40%,LOSS,23,14,-5,56.50%,Saturday,2026-07
2026-07-18,Nneka Ogwumike,Points,Under,9.5,-128,58.10%,4.40%,WIN,7.7,9,3.91,56.10%,Saturday,2026-07
2026-07-18,Nneka Ogwumike,Points,Under,16.5,-114,60.40%,15.30%,WIN,10.4,12,4.39,53.30%,Saturday,2026-07
2026-07-18,Nneka Ogwumike,Points,Under,9.5,-130,52.10%,-10.20%,LOSS,9.3,21,-5,56.50%,Saturday,2026-07
2026-07-18,Nneka Ogwumike,Points,Under,8.5,-108,57.10%,10.70%,WIN,2.8,8,4.63,51.90%,Saturday,2026-07
2026-07-18,Nneka Ogwumike,Points,Over,13.5,-122,52.60%,-5.20%,WIN,13.8,18,4.1,55.00%,Saturday,2026-07
2026-07-18,Nneka Ogwumike,Points,Under,14.5,-104,52.10%,2.20%,WIN,13.7,12,4.81,51.00%,Saturday,2026-07
2026-07-18,Nneka Ogwumike,Points,Over,11.5,102,51.30%,3.50%,LOSS,12.9,11,-5,49.50%,Saturday,2026-07
2026-07-18,Nneka Ogwumike,Pts + Asts,Over,18.5,-112,55.40%,5.50%,WIN,21.2,19,4.46,52.80%,Saturday,2026-07
2026-07-18,Nneka Ogwumike,Pts + Asts,Under,23.5,-125,55.70%,0.20%,LOSS,23.2,29,-5,55.60%,Saturday,2026-07
2026-07-18,Nneka Ogwumike,Pts + Asts,Under,15.5,-114,55.90%,5.60%,LOSS,9.3,26,-5,53.30%,Saturday,2026-07
2026-07-18,Nneka Ogwumike,Pts + Asts,Over,25.5,-130,61.10%,10.60%,LOSS,31.7,24,-5,56.50%,Saturday,2026-07
2026-07-18,Nneka Ogwumike,Pts + Asts,Under,20.5,-114,57.90%,9.80%,LOSS,15.8,28,-5,53.30%,Saturday,2026-07
2026-07-18,Nneka Ogwumike,Pts + Asts,Over,19.5,-125,54.50%,-2.50%,WIN,20.4,22,4,55.60%,Saturday,2026-07
2026-07-18,Nneka Ogwumike,Pts + Asts,Under,12.5,-125,48.00%,-17.10%,LOSS,7.8,15,-5,55.60%,Saturday,2026-07
2026-07-18,Nneka Ogwumike,Pts + Asts,Over,15.5,-133,58.00%,2.10%,WIN,18.2,23,3.76,57.10%,Saturday,2026-07
2026-07-18,Nneka Ogwumike,Pts + Asts,Under,9.5,-132,45.70%,-26.00%,LOSS,8.4,12,-5,56.90%,Saturday,2026-07
2026-07-18,Nneka Ogwumike,Pts + Asts,Under,19.5,-111,54.10%,3.20%,LOSS,18.7,24,-5,52.60%,Saturday,2026-07
2026-07-18,Nneka Ogwumike,Pts + Asts,Over,26.5,-114,54.10%,1.80%,WIN,28,34,4.39,53.30%,Saturday,2026-07
2026-07-18,Nneka Ogwumike,Pts + Asts,Under,18.5,-108,52.70%,1.60%,WIN,17.1,19,4.63,51.90%,Saturday,2026-07
2026-07-18,Nneka Ogwumike,Pts + Asts,Under,10.5,-132,47.00%,-23.00%,WIN,7.5,10,3.79,56.90%,Saturday,2026-07
2026-07-18,Nneka Ogwumike,Pts + Asts,Over,24.5,-104,55.20%,8.70%,LOSS,28.9,24,-5,51.00%,Saturday,2026-07
2026-07-18,Nneka Ogwumike,Pts + Asts,Under,21.5,-108,57.30%,11.30%,WIN,16,16,4.63,51.90%,Saturday,2026-07
2026-07-18,Noemie Brochant,Pts + Asts,Under,11.5,-114,45.50%,-16.50%,LOSS,10.1,25,-5,53.30%,Saturday,2026-07
2026-07-18,Noemie Brochant,Pts + Asts,Over,17.5,-130,50.50%,-13.70%,LOSS,17.6,16,-5,56.50%,Saturday,2026-07
2026-07-18,Noemie Brochant,Pts + Asts,Over,16.5,100,51.80%,3.50%,WIN,19.2,22,5,50.00%,Saturday,2026-07
2026-07-18,Noemie Brochant,Pts + Rebs,Over,25.5,-108,53.00%,2.20%,LOSS,26.8,22,-5,51.90%,Saturday,2026-07
2026-07-18,Noemie Brochant,Pts + Rebs,Under,27.5,-104,52.10%,2.20%,LOSS,27.1,34,-5,51.00%,Saturday,2026-07
2026-07-18,Noemie Brochant,Pts + Rebs,Under,16.5,-128,58.40%,5.30%,LOSS,12.5,30,-5,56.10%,Saturday,2026-07
2026-07-18,Nyara Sabally,Pts + Rebs,Over,21.5,-114,58.70%,11.50%,LOSS,26.9,19,-5,53.30%,Saturday,2026-07
2026-07-18,Nyara Sabally,Pts + Rebs,Under,17.5,-130,58.70%,5.00%,LOSS,13.8,25,-5,56.50%,Saturday,2026-07
2026-07-18,Nyara Sabally,Pts + Rebs,Under,20.5,-104,52.50%,3.10%,WIN,20.4,17,4.81,51.00%,Saturday,2026-07
2026-07-18,Nyara Sabally,Pts + Rebs,Under,15.5,-110,56.70%,9.10%,LOSS,11.4,18,-5,52.40%,Saturday,2026-07
2026-07-18,Nyara Sabally,Pts + Rebs,Over,16.5,-122,57.80%,6.30%,WIN,19.1,21,4.1,55.00%,Saturday,2026-07
2026-07-18,Nyara Sabally,Pts + Rebs,Over,15.5,-118,56.90%,6.00%,LOSS,17.9,12,-5,54.10%,Saturday,2026-07
2026-07-18,Nyara Sabally,Pts + Rebs,Under,23.5,-125,55.90%,0.80%,WIN,21.9,19,4,55.60%,Saturday,2026-07
2026-07-18,Nyara Sabally,Pts + Rebs,Under,21.5,-129,59.30%,6.80%,LOSS,19,27,-5,56.30%,Saturday,2026-07
2026-07-18,Nyara Sabally,Pts + Rebs,Over,12.5,-130,57.60%,2.60%,WIN,14.3,15,3.85,56.50%,Saturday,2026-07
2026-07-18,Nyara Sabally,Pts + Rebs,Over,25.5,-121,53.40%,-3.00%,WIN,26.3,33,4.13,54.80%,Saturday,2026-07
2026-07-18,Nyara Sabally,Pts + Rebs,Under,22.5,-122,48.00%,-15.40%,WIN,22,8,4.1,55.00%,Saturday,2026-07
2026-07-18,Nyara Sabally,Pts + Rebs,Under,10.5,-114,49.30%,-8.40%,LOSS,10.2,12,-5,53.30%,Saturday,2026-07
2026-07-18,Nyara Sabally,Pts + Rebs,Under,24.5,-122,58.80%,8.60%,WIN,21,23,4.1,55.00%,Saturday,2026-07
2026-07-18,Nyara Sabally,Pts + Rebs,Under,13.5,-125,57.00%,3.40%,WIN,10.3,12,4,55.60%,Saturday,2026-07
2026-07-18,Nyara Sabally,Pts + Rebs,Over,22.5,-106,55.30%,7.90%,LOSS,26.6,18,-5,51.50%,Saturday,2026-07
2026-07-18,Nyara Sabally,Pts + Rebs,Under,20.5,-122,59.90%,11.00%,WIN,15.2,13,4.1,55.00%,Saturday,2026-07
2026-07-18,Nyara Sabally,Pts + Rebs,Under,14.5,-125,55.10%,-1.00%,LOSS,12.3,25,-5,55.60%,Saturday,2026-07
2026-07-18,Nyara Sabally,Pts + Rebs,Under,14.5,-130,59.00%,5.80%,WIN,5.4,10,3.85,56.50%,Saturday,2026-07
2026-07-18,Nyara Sabally,Pts + Rebs,Over,22.5,-129,55.50%,-2.00%,WIN,22.5,34,3.88,56.30%,Saturday,2026-07
2026-07-18,Nyara Sabally,Pts + Rebs,Under,18.5,-122,51.80%,-7.00%,WIN,17.6,13,4.1,55.00%,Saturday,2026-07
2026-07-18,Nyara Sabally,Pts + Rebs,Over,14.5,-106,53.30%,3.70%,WIN,16.5,16,4.72,51.50%,Saturday,2026-07
2026-07-18,Nyara Sabally,Rebs + Asts,Over,11.5,-108,52.80%,1.80%,LOSS,12,11,-5,51.90%,Saturday,2026-07
2026-07-18,Nyara Sabally,Rebs + Asts,Under,10.5,-112,54.70%,3.90%,LOSS,10.2,11,-5,52.80%,Saturday,2026-07
2026-07-18,Nyara Sabally,Rebs + Asts,Over,5.5,-130,59.60%,7.10%,WIN,5.2,12,3.85,56.50%,Saturday,2026-07
2026-07-18,Nyara Sabally,Rebs + Asts,Over,12.5,100,48.00%,-4.00%,LOSS,12.6,9,-5,50.00%,Saturday,2026-07
2026-07-18,Nyara Sabally,Rebs + Asts,Under,7.5,-102,53.10%,5.40%,LOSS,6.8,11,-5,50.50%,Saturday,2026-07
2026-07-18,Nyara Sabally,Rebs + Asts,Over,9.5,-114,51.90%,-2.90%,LOSS,10,9,-5,53.30%,Saturday,2026-07
2026-07-18,Nyara Sabally,Rebs + Asts,Under,8.5,-120,60.50%,13.20%,LOSS,6.2,9,-5,54.50%,Saturday,2026-07
2026-07-18,Nyara Sabally,Rebs + Asts,Under,5.5,-160,48.50%,-33.90%,WIN,5.1,1,3.13,61.50%,Saturday,2026-07
2026-07-18,Nyara Sabally,Rebs + Asts,Under,10.5,-125,59.50%,8.80%,WIN,9.6,10,4,55.60%,Saturday,2026-07
2026-07-18,Nyara Sabally,Rebs + Asts,Under,7.5,-125,46.80%,-19.60%,WIN,7.4,4,4,55.60%,Saturday,2026-07
2026-07-18,Nyara Sabally,Rebs + Asts,Under,10.5,-140,56.70%,-3.90%,LOSS,10.5,14,-5,58.30%,Saturday,2026-07
2026-07-18,Nyara Sabally,Rebs + Asts,Under,8.5,-102,47.90%,-5.40%,WIN,8.2,5,4.9,50.50%,Saturday,2026-07
2026-07-18,Nyara Sabally,Rebs + Asts,Under,7.5,-125,56.80%,2.90%,LOSS,5.8,8,-5,55.60%,Saturday,2026-07
2026-07-18,Nyara Sabally,Rebs + Asts,Over,6.5,100,51.80%,3.50%,LOSS,6.6,5,-5,50.00%,Saturday,2026-07
2026-07-18,Nyara Sabally,Rebs + Asts,Over,7.5,-144,63.40%,10.70%,WIN,10,16,3.47,59.00%,Saturday,2026-07
2026-07-18,Odyssey Sims,Threes,Under,1.5,-186,58.00%,-20.20%,WIN,1.4,1,2.69,65.00%,Saturday,2026-07
2026-07-18,Odyssey Sims,Threes,Under,2.5,-166,63.10%,1.90%,LOSS,2.1,6,-5,62.40%,Saturday,2026-07
2026-07-18,Odyssey Sims,Threes,Over,2.5,148,45.90%,9.40%,LOSS,3.1,2,-5,40.30%,Saturday,2026-07
2026-07-18,Odyssey Sims,Threes,Over,1.5,138,44.10%,3.60%,LOSS,1.8,1,-5,42.00%,Saturday,2026-07
2026-07-18,Olivia Miles,Threes,Over,1.5,118,57.70%,-21.80%,WIN,2.6,2,5.9,45.90%,Saturday,2026-07
2026-07-18,Olivia Miles,Threes,Over,0.5,-223,55.40%,-44.00%,WIN,0.55,2,2.24,69.00%,Saturday,2026-07
2026-07-18,Olivia Miles,Threes,Over,2.5,140,46.70%,8.60%,LOSS,3.1,2,-5,41.70%,Saturday,2026-07
2026-07-18,Olivia Miles,Threes,Over,1.5,100,45.30%,-9.40%,WIN,1.6,2,5,50.00%,Saturday,2026-07
2026-07-18,Olivia Miles,Threes,Under,2.5,112,52.30%,9.80%,LOSS,2.4,4,-5,47.20%,Saturday,2026-07
2026-07-18,Olivia Miles,Threes,Over,1.5,194,50.60%,25.10%,WIN,2.6,3,9.7,34.00%,Saturday,2026-07
2026-07-18,Olivia Miles,Threes,Over,2.5,-132,62.10%,12.20%,WIN,3.4,4,3.79,56.90%,Saturday,2026-07
2026-07-18,Olivia Miles,Threes,Under,1.5,-106,53.10%,3.40%,LOSS,1.3,4,-5,51.50%,Saturday,2026-07
2026-07-18,Olivia Miles,Threes,Under,1.5,-245,60.30%,-36.90%,LOSS,1.3,3,-5,71.00%,Saturday,2026-07
2026-07-18,Olivia Miles,Threes,Under,1.5,-186,57.40%,-21.90%,WIN,1.2,1,2.69,65.00%,Saturday,2026-07
2026-07-18,Olivia Miles,Threes,Over,1.5,168,50.80%,21.50%,WIN,2.4,2,8.4,37.30%,Saturday,2026-07
2026-07-18,Olivia Miles,Threes,Under,2.5,-162,68.60%,17.60%,WIN,1.6,2,3.09,61.80%,Saturday,2026-07
2026-07-18,Olivia Miles,Threes,Under,1.5,-270,62.60%,-38.60%,LOSS,1.2,3,-5,73.00%,Saturday,2026-07
2026-07-18,Olivia Miles,Threes,Under,1.5,-225,59.60%,-31.40%,WIN,1.3,1,2.22,69.20%,Saturday,2026-07
2026-07-19,Olivia Miles,Assists,Over,2.5,-120,54.40%,-0.40%,WIN,2.9,3,4.17,54.50%,Sunday,2026-07
2026-07-19,Olivia Miles,Assists,Over,7.5,-138,62.70%,11.30%,WIN,10,11,3.62,58.00%,Sunday,2026-07
2026-07-19,Olivia Miles,Assists,Over,2.5,-147,63.30%,9.50%,LOSS,4.2,1,-5,59.50%,Sunday,2026-07
2026-07-19,Olivia Miles,Assists,Over,2.5,-132,55.00%,-4.50%,WIN,3.1,3,3.79,56.90%,Sunday,2026-07
2026-07-19,Olivia Miles,Assists,Over,2.5,130,48.10%,8.20%,LOSS,3.5,1,-5,43.50%,Sunday,2026-07
2026-07-19,Olivia Miles,Assists,Over,2.5,118,47.30%,2.70%,LOSS,2.6,1,-5,45.90%,Sunday,2026-07
2026-07-19,Olivia Miles,Assists,Under,2.5,-220,64.20%,-14.50%,WIN,2.3,2,2.27,68.80%,Sunday,2026-07
2026-07-19,Olivia Miles,Assists,Under,2.5,110,50.90%,6.30%,WIN,1.8,0,5.5,47.60%,Sunday,2026-07
2026-07-19,Olivia Miles,Assists,Under,4.5,-152,58.20%,-5.50%,LOSS,4.2,5,-5,60.30%,Sunday,2026-07
2026-07-19,Olivia Miles,Assists,Over,3.5,-172,63.70%,1.40%,WIN,4.6,6,2.91,63.20%,Sunday,2026-07
2026-07-19,Olivia Miles,Assists,Over,2.5,102,50.00%,1.00%,WIN,2.5,3,5.1,49.50%,Sunday,2026-07
2026-07-19,Olivia Miles,Assists,Under,5.5,-130,56.80%,0.50%,LOSS,5.5,10,-5,56.50%,Sunday,2026-07
2026-07-19,Olivia Miles,Assists,Under,5.5,-154,61.90%,3.30%,LOSS,4.8,6,-5,60.60%,Sunday,2026-07
2026-07-19,Olivia Miles,Assists,Over,7.5,-148,54.00%,-14.10%,WIN,7.8,9,3.38,59.70%,Sunday,2026-07
2026-07-19,Olivia Miles,Assists,Over,2.5,114,48.40%,3.20%,LOSS,2.7,2,-5,46.70%,Sunday,2026-07
2026-07-19,Olivia Miles,Assists,Over,4.5,-144,50.60%,-20.60%,LOSS,4.5,4,-5,59.00%,Sunday,2026-07
2026-07-19,Olivia Miles,Assists,Under,3.5,-162,62.60%,2.00%,WIN,2.8,1,3.09,61.80%,Sunday,2026-07
2026-07-19,Olivia Miles,Assists,Under,5.5,104,52.80%,7.40%,WIN,4.6,4,5.2,49.00%,Sunday,2026-07
2026-07-19,Olivia Miles,Assists,Under,3.5,-114,57.90%,10.00%,WIN,2,3,4.39,53.30%,Sunday,2026-07
2026-07-19,Olivia Miles,Assists,Over,6.5,-144,55.40%,-8.70%,LOSS,7.4,5,-5,59.00%,Sunday,2026-07
2026-07-19,Olivia Miles,Assists,Over,2.5,-162,54.90%,-18.20%,WIN,2.8,3,3.09,61.80%,Sunday,2026-07
2026-07-19,Olivia Miles,Assists,Over,3.5,-108,52.10%,0.30%,WIN,3.7,6,4.63,51.90%,Sunday,2026-07
2026-07-19,Olivia Miles,Points,Over,18.5,-132,56.90%,0.10%,WIN,19.9,29,3.79,56.90%,Sunday,2026-07
2026-07-19,Olivia Miles,Points,Under,14.5,-118,54.40%,0.70%,WIN,13.6,7,4.24,54.10%,Sunday,2026-07
2026-07-19,Olivia Miles,Points,Over,16.5,-128,57.30%,2.80%,LOSS,18,8,-5,56.10%,Sunday,2026-07
2026-07-19,Olivia Miles,Points,Under,11.5,-130,58.90%,5.40%,WIN,8.8,9,3.85,56.50%,Sunday,2026-07
2026-07-19,Olivia Miles,Points,Under,13.5,-120,56.90%,5.10%,LOSS,12,20,-5,54.50%,Sunday,2026-07
2026-07-19,Olivia Miles,Points,Under,11.5,-110,51.50%,-1.90%,LOSS,10.7,20,-5,52.40%,Sunday,2026-07
2026-07-19,Olivia Miles,Points,Over,14.5,-125,50.80%,-10.60%,LOSS,15.1,11,-5,55.60%,Sunday,2026-07
2026-07-19,Olivia Miles,Points,Over,6.5,-108,60.50%,17.90%,LOSS,13.3,6,-5,51.90%,Sunday,2026-07
2026-07-19,Olivia Miles,Points,Over,12.5,-120,48.60%,-13.10%,WIN,12.8,19,4.17,54.50%,Sunday,2026-07
2026-07-19,Olivia Miles,Points,Under,8.5,-114,54.40%,2.40%,LOSS,7.5,10,-5,53.30%,Sunday,2026-07
2026-07-19,Olivia Miles,Points,Over,7.5,-130,51.10%,-12.60%,LOSS,7.8,5,-5,56.50%,Sunday,2026-07
2026-07-19,Olivia Miles,Points,Over,7.5,-128,57.20%,2.40%,WIN,9.2,11,3.91,56.10%,Sunday,2026-07
2026-07-19,Olivia Miles,Points,Under,9.5,-115,54.50%,2.20%,LOSS,8.5,21,-5,53.50%,Sunday,2026-07
2026-07-19,Olivia Miles,Points,Under,15.5,-132,54.90%,-4.60%,LOSS,14.8,16,-5,56.90%,Sunday,2026-07
2026-07-19,Olivia Miles,Points,Under,8.5,-106,54.10%,5.50%,WIN,6.6,6,4.72,51.50%,Sunday,2026-07
2026-07-19,Olivia Miles,Points,Under,10.5,-135,57.90%,1.00%,WIN,9.2,9,3.7,57.40%,Sunday,2026-07
2026-07-19,Olivia Miles,Points,Under,8.5,-128,60.30%,9.60%,WIN,5,2,3.91,56.10%,Sunday,2026-07
2026-07-19,Olivia Miles,Points,Under,16.5,-132,62.80%,13.60%,WIN,11.9,11,3.79,56.90%,Sunday,2026-07
2026-07-19,Olivia Miles,Points,Over,12.5,100,51.60%,3.30%,LOSS,13.6,10,-5,50.00%,Sunday,2026-07
2026-07-19,Olivia Miles,Points,Under,20.5,-122,47.70%,-16.10%,LOSS,21.2,18,-5,55.00%,Sunday,2026-07
2026-07-19,Olivia Miles,Points,Over,12.5,-128,49.60%,-14.80%,WIN,12.9,15,3.91,56.10%,Sunday,2026-07
2026-07-19,Olivia Miles,Points,Over,13.5,-122,52.30%,-5.90%,LOSS,13.7,7,-5,55.00%,Sunday,2026-07
2026-07-19,Olivia Miles,Points,Under,9.5,100,54.30%,8.70%,LOSS,7.1,11,-5,50.00%,Sunday,2026-07
2026-07-19,Olivia Miles,Points,Under,11.5,-128,52.70%,-7.70%,WIN,11.3,7,3.91,56.10%,Sunday,2026-07
2026-07-19,Olivia Miles,Points,Under,7.5,-125,58.30%,6.10%,WIN,4,4,4,55.60%,Sunday,2026-07
2026-07-19,Olivia Miles,Points,Under,17.5,-114,56.40%,6.60%,WIN,15.3,17,4.39,53.30%,Sunday,2026-07
2026-07-19,Olivia Miles,Points,Over,10.5,-108,52.20%,0.70%,WIN,10.7,12,4.63,51.90%,Sunday,2026-07
2026-07-19,Olivia Miles,Points,Under,22.5,-130,59.30%,6.30%,LOSS,21.2,25,-5,56.50%,Sunday,2026-07
2026-07-19,Olivia Miles,Points,Under,15.5,-132,61.20%,10.00%,WIN,12.1,9,3.79,56.90%,Sunday,2026-07
2026-07-19,Olivia Miles,Points,Over,18.5,-106,52.20%,1.60%,LOSS,19.4,11,-5,51.50%,Sunday,2026-07
2026-07-19,Olivia Miles,Points,Over,15.5,-115,55.20%,3.70%,WIN,17.1,18,4.35,53.50%,Sunday,2026-07
2026-07-19,Olivia Miles,Pts + Asts,Over,22.5,-105,49.50%,-3.50%,WIN,22.9,32,4.76,51.20%,Sunday,2026-07
2026-07-19,Olivia Miles,Pts + Asts,Over,22.5,-114,48.60%,-10.10%,LOSS,22.7,18,-5,53.30%,Sunday,2026-07
2026-07-19,Olivia Miles,Pts + Asts,Over,19.5,-129,56.90%,1.20%,LOSS,21.2,9,-5,56.30%,Sunday,2026-07
2026-07-19,Olivia Miles,Pts + Asts,Under,13.5,100,50.70%,1.40%,WIN,11.8,12,5,50.00%,Sunday,2026-07
2026-07-19,Olivia Miles,Pts + Asts,Over,15.5,-120,47.60%,-15.30%,WIN,16,21,4.17,54.50%,Sunday,2026-07
2026-07-19,Olivia Miles,Pts + Asts,Under,14.5,-130,56.60%,0.20%,LOSS,13,21,-5,56.50%,Sunday,2026-07
2026-07-19,Olivia Miles,Pts + Asts,Over,16.5,-132,51.90%,-11.50%,LOSS,16.9,13,-5,56.90%,Sunday,2026-07
2026-07-19,Olivia Miles,Pts + Asts,Under,15.5,-108,53.10%,2.40%,LOSS,14.4,19,-5,51.90%,Sunday,2026-07
2026-07-19,Olivia Miles,Pts + Asts,Under,12.5,-125,48.00%,-17.10%,WIN,11.9,10,4,55.60%,Sunday,2026-07
2026-07-19,Olivia Miles,Pts + Asts,Over,12.5,-102,51.30%,1.60%,WIN,13.5,17,4.9,50.50%,Sunday,2026-07
2026-07-19,Olivia Miles,Pts + Asts,Over,11.5,-118,55.10%,2.20%,WIN,10,21,4.24,54.10%,Sunday,2026-07
2026-07-19,Olivia Miles,Pts + Asts,Under,17.5,-112,52.50%,-0.70%,LOSS,17,19,-5,52.80%,Sunday,2026-07
2026-07-19,Olivia Miles,Pts + Asts,Under,15.5,-112,53.60%,1.50%,LOSS,14.9,19,-5,52.80%,Sunday,2026-07
2026-07-19,Olivia Miles,Pts + Asts,Under,21.5,-120,58.10%,7.90%,WIN,17.2,17,4.17,54.50%,Sunday,2026-07
2026-07-19,Olivia Miles,Pts + Asts,Over,20.5,-110,53.00%,1.40%,LOSS,21.6,19,-5,52.40%,Sunday,2026-07
2026-07-19,Olivia Miles,Pts + Asts,Under,23.5,-118,55.50%,3.00%,WIN,22,22,4.24,54.10%,Sunday,2026-07
2026-07-19,Olivia Miles,Pts + Asts,Over,15.5,-110,49.50%,-6.00%,WIN,16.2,17,4.55,52.40%,Sunday,2026-07
2026-07-19,Olivia Miles,Pts + Asts,Under,18.5,-104,52.00%,2.00%,WIN,17.6,11,4.81,51.00%,Sunday,2026-07
2026-07-19,Olivia Miles,Pts + Asts,Under,13.5,-130,53.30%,-7.50%,WIN,10.2,12,3.85,56.50%,Sunday,2026-07
2026-07-19,Olivia Miles,Pts + Asts,Under,17.5,-125,57.00%,3.30%,WIN,15.7,11,4,55.60%,Sunday,2026-07
2026-07-19,Olivia Miles,Pts + Asts,Over,8.5,-130,60.90%,10.10%,LOSS,6,4,-5,56.50%,Sunday,2026-07
2026-07-19,Olivia Miles,Pts + Asts,Under,21.5,-122,58.00%,6.80%,WIN,18.8,20,4.1,55.00%,Sunday,2026-07
2026-07-19,Olivia Miles,Pts + Asts,Under,29.5,-125,56.80%,2.80%,LOSS,27.2,30,-5,55.60%,Sunday,2026-07
2026-07-19,Olivia Miles,Pts + Asts,Under,18.5,100,53.50%,7.10%,WIN,14.3,12,5,50.00%,Sunday,2026-07
2026-07-19,Olivia Miles,Pts + Asts,Over,21.5,-128,58.40%,5.20%,LOSS,25.9,17,-5,56.10%,Sunday,2026-07
2026-07-19,Olivia Miles,Pts + Asts,Over,17.5,-122,52.30%,-6.00%,WIN,18.5,20,4.1,55.00%,Sunday,2026-07
2026-07-19,Olivia Miles,Pts + Rebs,Over,22.5,-110,53.80%,3.00%,WIN,23.3,35,4.55,52.40%,Sunday,2026-07
2026-07-19,Olivia Miles,Pts + Rebs,Under,21.5,-112,55.60%,5.90%,WIN,20.2,13,4.46,52.80%,Sunday,2026-07
2026-07-19,Olivia Miles,Pts + Rebs,Over,29.5,-114,51.90%,-2.90%,LOSS,29.9,13,-5,53.30%,Sunday,2026-07
2026-07-19,Olivia Miles,Pts + Rebs,Under,14.5,-132,57.20%,0.70%,WIN,11.7,11,3.79,56.90%,Sunday,2026-07
2026-07-19,Olivia Miles,Pts + Rebs,Over,15.5,-131,53.30%,-7.80%,WIN,16.7,22,3.82,56.70%,Sunday,2026-07
2026-07-19,Olivia Miles,Pts + Rebs,Under,18.5,-102,53.40%,5.90%,LOSS,16.8,29,-5,50.50%,Sunday,2026-07
2026-07-19,Olivia Miles,Pts + Rebs,Over,16.5,-130,58.80%,5.30%,LOSS,18.8,15,-5,56.50%,Sunday,2026-07
2026-07-19,Olivia Miles,Pts + Rebs,Over,10.5,-130,65.10%,19.70%,WIN,20.4,16,3.85,56.50%,Sunday,2026-07
2026-07-19,Olivia Miles,Pts + Rebs,Under,18.5,-108,50.60%,-2.80%,LOSS,18.1,24,-5,51.90%,Sunday,2026-07
2026-07-19,Olivia Miles,Pts + Rebs,Under,12.5,-110,54.20%,3.90%,LOSS,11.3,16,-5,52.40%,Sunday,2026-07
2026-07-19,Olivia Miles,Pts + Rebs,Under,10.5,102,49.30%,-0.30%,WIN,9.5,8,5.1,49.50%,Sunday,2026-07
2026-07-19,Olivia Miles,Pts + Rebs,Under,15.5,-114,53.40%,0.20%,LOSS,14.3,27,-5,53.30%,Sunday,2026-07
2026-07-19,Olivia Miles,Pts + Rebs,Over,22.5,-112,53.60%,1.60%,LOSS,22.6,21,-5,52.80%,Sunday,2026-07
2026-07-19,Olivia Miles,Pts + Rebs,Under,10.5,-102,49.30%,-2.30%,LOSS,8.9,13,-5,50.50%,Sunday,2026-07
2026-07-19,Olivia Miles,Pts + Rebs,Over,12.5,100,51.60%,3.30%,LOSS,13.2,12,-5,50.00%,Sunday,2026-07
2026-07-19,Olivia Miles,Pts + Rebs,Under,11.5,-118,54.70%,1.20%,WIN,8.8,5,4.24,54.10%,Sunday,2026-07
2026-07-19,Olivia Miles,Pts + Rebs,Under,28.5,-130,61.10%,10.60%,WIN,22.9,25,3.85,56.50%,Sunday,2026-07
2026-07-19,Olivia Miles,Pts + Rebs,Over,15.5,-128,58.20%,4.70%,LOSS,17.7,13,-5,56.10%,Sunday,2026-07
2026-07-19,Olivia Miles,Pts + Rebs,Under,24.5,-110,52.80%,0.90%,WIN,23.7,22,4.55,52.40%,Sunday,2026-07
2026-07-19,Olivia Miles,Pts + Rebs,Over,21.5,-104,51.60%,1.20%,LOSS,21.8,19,-5,51.00%,Sunday,2026-07
2026-07-19,Olivia Miles,Pts + Rebs,Under,15.5,-108,47.90%,-8.50%,WIN,15.2,8,4.63,51.90%,Sunday,2026-07
2026-07-19,Olivia Miles,Pts + Rebs,Under,12.5,-116,55.30%,3.40%,LOSS,10.2,17,-5,53.70%,Sunday,2026-07
2026-07-19,Olivia Miles,Pts + Rebs,Over,14.5,-122,54.40%,-1.30%,LOSS,14.8,9,-5,55.00%,Sunday,2026-07
2026-07-19,Olivia Miles,Pts + Rebs,Under,13.5,100,50.80%,1.60%,WIN,11.7,9,5,50.00%,Sunday,2026-07
2026-07-19,Olivia Miles,Pts + Rebs,Under,27.5,-106,53.20%,3.70%,WIN,24.9,27,4.72,51.50%,Sunday,2026-07
2026-07-19,Olivia Miles,Pts + Rebs,Under,16.5,-102,48.70%,-3.70%,LOSS,15.4,24,-5,50.50%,Sunday,2026-07
2026-07-19,Olivia Miles,Pts + Rebs,Under,26.5,-102,52.70%,4.50%,LOSS,24.6,29,-5,50.50%,Sunday,2026-07
2026-07-19,Olivia Miles,Pts + Rebs,Under,17.5,-122,56.20%,2.70%,WIN,14.9,11,4.1,55.00%,Sunday,2026-07
2026-07-19,Olivia Miles,Pts + Rebs,Over,22.5,-106,53.80%,4.80%,LOSS,24.5,17,-5,51.50%,Sunday,2026-07
2026-07-19,Olivia Miles,Pts + Rebs,Under,17.5,-125,51.70%,-8.70%,LOSS,17.3,21,-5,55.60%,Sunday,2026-07
2026-07-19,Olivia Miles,Rebs + Asts,Over,15.5,102,51.60%,4.20%,WIN,16.3,17,5.1,49.50%,Sunday,2026-07
2026-07-19,Olivia Miles,Rebs + Asts,Over,15.5,-103,51.60%,1.80%,LOSS,15.9,6,-5,50.70%,Sunday,2026-07
2026-07-19,Olivia Miles,Rebs + Asts,Over,5.5,-128,59.30%,7.20%,LOSS,6,5,-5,56.10%,Sunday,2026-07
2026-07-19,Olivia Miles,Rebs + Asts,Over,4.5,-138,63.10%,12.10%,LOSS,6.5,3,-5,58.00%,Sunday,2026-07
2026-07-19,Olivia Miles,Rebs + Asts,Under,9.5,-120,56.30%,3.90%,LOSS,9.1,10,-5,54.50%,Sunday,2026-07
2026-07-19,Olivia Miles,Rebs + Asts,Over,4.5,130,52.50%,15.90%,WIN,4.6,6,6.5,43.50%,Sunday,2026-07
2026-07-19,Olivia Miles,Rebs + Asts,Under,8.5,100,54.10%,8.30%,WIN,7,5,5,50.00%,Sunday,2026-07
2026-07-19,Olivia Miles,Rebs + Asts,Under,7.5,-130,57.50%,2.40%,LOSS,6.1,8,-5,56.50%,Sunday,2026-07
2026-07-19,Olivia Miles,Rebs + Asts,Over,7.5,-110,54.20%,3.90%,LOSS,7.6,6,-5,52.40%,Sunday,2026-07
2026-07-19,Olivia Miles,Rebs + Asts,Under,9.5,100,53.00%,6.10%,WIN,9.4,8,5,50.00%,Sunday,2026-07
2026-07-19,Olivia Miles,Rebs + Asts,Under,7.5,-120,47.00%,-16.60%,LOSS,6.8,13,-5,54.50%,Sunday,2026-07
2026-07-19,Olivia Miles,Rebs + Asts,Under,17.5,-120,55.00%,0.90%,LOSS,16.9,20,-5,54.50%,Sunday,2026-07
2026-07-19,Olivia Miles,Rebs + Asts,Under,11.5,-110,52.60%,0.50%,LOSS,11.3,12,-5,52.40%,Sunday,2026-07
2026-07-19,Olivia Miles,Rebs + Asts,Over,10.5,-118,47.00%,-15.50%,LOSS,10.8,6,-5,54.10%,Sunday,2026-07
2026-07-19,Olivia Miles,Rebs + Asts,Over,6.5,-136,56.60%,-2.50%,LOSS,6.4,5,-5,57.60%,Sunday,2026-07
2026-07-19,Olivia Miles,Rebs + Asts,Under,9.5,-130,57.70%,2.70%,WIN,8.3,6,3.85,56.50%,Sunday,2026-07
2026-07-19,Olivia Miles,Rebs + Asts,Over,7.5,-147,62.40%,7.20%,LOSS,8.8,5,-5,59.50%,Sunday,2026-07
2026-07-19,Olivia Miles,Rebs + Asts,Under,12.5,-102,58.60%,16.40%,LOSS,10.1,13,-5,50.50%,Sunday,2026-07
2026-07-19,Olivia Miles,Rebs + Asts,Under,11.5,100,51.80%,3.60%,WIN,11.1,9,5,50.00%,Sunday,2026-07
2026-07-19,Olivia Miles,Rebs + Asts,Under,5.5,-148,47.20%,-30.90%,WIN,5.3,5,3.38,59.70%,Sunday,2026-07
2026-07-19,Olivia Miles,Rebs + Asts,Over,7.5,-114,54.70%,3.00%,WIN,7.5,12,4.39,53.30%,Sunday,2026-07
2026-07-19,Olivia Miles,Threes,Over,1.5,-166,62.70%,0.70%,WIN,2,4,3.01,62.40%,Sunday,2026-07
2026-07-19,Olivia Miles,Threes,Under,1.5,-188,69.50%,12.30%,WIN,0.73,1,2.66,65.30%,Sunday,2026-07
2026-07-19,Olivia Miles,Threes,Over,1.5,-136,48.20%,-22.30%,LOSS,1.6,1,-5,57.60%,Sunday,2026-07
2026-07-19,Olivia Miles,Threes,Under,1.5,-158,60.40%,2.20%,LOSS,1.1,2,-5,61.20%,Sunday,2026-07
2026-07-19,Olivia Miles,Threes,Under,2.5,-215,69.80%,4.90%,LOSS,1.8,3,-5,68.30%,Sunday,2026-07
2026-07-19,Olivia Miles,Threes,Under,1.5,-160,66.50%,13.00%,WIN,0.8,1,3.13,61.50%,Sunday,2026-07
2026-07-19,Olivia Miles,Threes,Over,0.5,-230,70.40%,2.20%,LOSS,1.2,0,-5,69.70%,Sunday,2026-07
2026-07-19,Olivia Miles,Threes,Over,1.5,138,42.80%,1.30%,LOSS,1.5,0,-5,42.00%,Sunday,2026-07
2026-07-19,Olivia Miles,Threes,Under,2.5,-200,73.30%,19.90%,WIN,1.4,0,2.5,66.70%,Sunday,2026-07
2026-07-19,Olivia Miles,Threes,Under,1.5,-245,61.30%,-33.50%,WIN,1.1,1,2.04,71.00%,Sunday,2026-07
2026-07-19,Olivia Miles,Threes,Under,1.5,-270,62.80%,-37.60%,WIN,1.4,1,1.85,73.00%,Sunday,2026-07
2026-07-19,Olivia Miles,Threes,Under,1.5,-146,57.50%,-4.70%,WIN,1.4,1,3.42,59.30%,Sunday,2026-07
2026-07-19,Olivia Miles,Threes,Over,1.5,108,45.30%,-5.30%,LOSS,1.7,0,-5,48.10%,Sunday,2026-07
2026-07-19,Olivia Miles,Threes,Over,1.5,128,53.90%,17.90%,WIN,2.4,2,6.4,43.90%,Sunday,2026-07
2026-07-19,Olivia Miles,Threes,Under,1.5,-136,60.20%,6.10%,WIN,1,1,3.68,57.60%,Sunday,2026-07
2026-07-19,Olivia Miles,Threes,Over,3.5,140,54.80%,22.60%,LOSS,4.7,3,-5,41.70%,Sunday,2026-07
2026-07-19,Olivia Miles,Threes,Over,1.5,-198,66.10%,-1.00%,WIN,2.2,3,2.53,66.40%,Sunday,2026-07
2026-07-20,Olivia Miles,Assists,Over,2.5,-152,0.60%,0.00%,WIN,3.8,4,3.29,60.30%,Monday,2026-07
2026-07-20,Olivia Miles,Assists,Over,2.5,-114,0.60%,0.00%,WIN,3.6,6,4.39,53.30%,Monday,2026-07
2026-07-20,Olivia Miles,Assists,Under,2.5,-166,0.60%,0.00%,LOSS,1.5,4,-5,62.40%,Monday,2026-07
2026-07-20,Olivia Miles,Assists,Under,2.5,-122,0.50%,-0.10%,WIN,2.5,2,4.1,55.00%,Monday,2026-07
2026-07-20,Olivia Nelson-Ododa,Assists,Under,3.5,-192,0.70%,0.00%,LOSS,2.6,8,-5,65.80%,Monday,2026-07
2026-07-20,Olivia Nelson-Ododa,Assists,Under,7.5,-154,0.60%,0.00%,WIN,7.5,7,3.25,60.60%,Monday,2026-07
2026-07-20,Olivia Nelson-Ododa,Assists,Over,4.5,112,0.50%,0.00%,LOSS,4.7,3,-5,47.20%,Monday,2026-07
2026-07-20,Olivia Nelson-Ododa,Assists,Over,1.5,-178,0.60%,0.00%,LOSS,0.54,1,-5,64.00%,Monday,2026-07
2026-07-20,Olivia Nelson-Ododa,Assists,Under,3.5,-148,0.60%,0.00%,WIN,2.6,1,3.38,59.70%,Monday,2026-07
2026-07-20,Olivia Nelson-Ododa,Assists,Over,2.5,110,0.50%,0.00%,LOSS,3.2,2,-5,47.60%,Monday,2026-07
2026-07-20,Olivia Nelson-Ododa,Assists,Over,6.5,118,0.50%,0.00%,WIN,7.6,12,5.9,45.90%,Monday,2026-07
2026-07-20,Olivia Nelson-Ododa,Assists,Under,3.5,-106,0.50%,0.00%,WIN,3.5,3,4.72,51.50%,Monday,2026-07
2026-07-20,Olivia Nelson-Ododa,Assists,Under,6.5,-158,0.70%,0.10%,WIN,5,6,3.16,61.20%,Monday,2026-07
2026-07-20,Olivia Nelson-Ododa,Assists,Under,2.5,-188,0.60%,-0.10%,WIN,2.3,2,2.66,65.30%,Monday,2026-07
2026-07-20,Olivia Nelson-Ododa,Assists,Under,6.5,-144,0.60%,0.00%,WIN,5.8,4,3.47,59.00%,Monday,2026-07
2026-07-20,Olivia Nelson-Ododa,Assists,Under,2.5,-154,0.60%,0.00%,WIN,2.3,0,3.25,60.60%,Monday,2026-07
2026-07-20,Olivia Nelson-Ododa,Assists,Over,3.5,140,0.40%,0.00%,WIN,3.7,5,7,41.70%,Monday,2026-07
2026-07-20,Olivia Nelson-Ododa,Assists,Under,4.5,-136,0.60%,0.00%,LOSS,4.1,10,-5,57.60%,Monday,2026-07
2026-07-20,Olivia Nelson-Ododa,Assists,Under,2.5,-172,0.50%,-0.20%,WIN,2.4,1,2.91,63.20%,Monday,2026-07
2026-07-20,Olivia Nelson-Ododa,Assists,Over,6.5,108,0.50%,0.00%,WIN,7.2,8,5.4,48.10%,Monday,2026-07
2026-07-20,Olivia Nelson-Ododa,Assists,Over,2.5,-174,0.70%,0.10%,LOSS,4.2,1,-5,63.50%,Monday,2026-07
2026-07-20,Olivia Nelson-Ododa,Assists,Over,4.5,-152,0.50%,-0.20%,LOSS,4.6,2,-5,60.30%,Monday,2026-07
2026-07-20,Olivia Nelson-Ododa,Assists,Under,3.5,-192,0.60%,-0.10%,LOSS,3.1,6,-5,65.80%,Monday,2026-07
2026-07-20,Olivia Nelson-Ododa,Assists,Over,5.5,-110,0.50%,0.00%,WIN,6.5,7,4.55,52.40%,Monday,2026-07
2026-07-20,Olivia Nelson-Ododa,Points,Over,26.5,-106,0.50%,0.00%,LOSS,27.5,26,-5,51.50%,Monday,2026-07
2026-07-20,Olivia Nelson-Ododa,Points,Under,16.5,-106,0.60%,0.20%,LOSS,9.8,29,-5,51.50%,Monday,2026-07
2026-07-20,Olivia Nelson-Ododa,Points,Under,11.5,-113,0.50%,-0.10%,WIN,11.4,8,4.42,53.10%,Monday,2026-07
2026-07-20,Olivia Nelson-Ododa,Points,Under,17.5,-114,0.60%,0.20%,WIN,11.9,15,4.39,53.30%,Monday,2026-07
2026-07-20,Olivia Nelson-Ododa,Points,Over,20.5,-122,0.50%,-0.10%,WIN,21.5,33,4.1,55.00%,Monday,2026-07
2026-07-20,Olivia Nelson-Ododa,Points,Under,11.5,-108,0.50%,0.00%,LOSS,10.6,14,-5,51.90%,Monday,2026-07
2026-07-20,Olivia Nelson-Ododa,Points,Under,11.5,-102,0.50%,0.00%,LOSS,15.4,21,-5,50.50%,Monday,2026-07
2026-07-20,Olivia Nelson-Ododa,Points,Under,17.5,-118,0.60%,0.20%,WIN,10,14,4.24,54.10%,Monday,2026-07
2026-07-20,Olivia Nelson-Ododa,Points,Under,6.5,-113,0.60%,0.10%,WIN,5.7,1,4.42,53.10%,Monday,2026-07
2026-07-20,Olivia Nelson-Ododa,Points,Under,13.5,-120,0.60%,0.00%,LOSS,12,26,-5,54.50%,Monday,2026-07
2026-07-20,Olivia Nelson-Ododa,Points,Over,14.5,100,0.50%,0.10%,LOSS,16.9,8,-5,50.00%,Monday,2026-07
2026-07-20,Olivia Nelson-Ododa,Points,Under,11.5,-130,0.50%,-0.10%,LOSS,11,26,-5,56.50%,Monday,2026-07
2026-07-20,Olivia Nelson-Ododa,Points,Over,16.5,100,0.50%,0.00%,WIN,17.6,24,5,50.00%,Monday,2026-07
2026-07-20,Olivia Nelson-Ododa,Points,Under,8.5,-118,0.60%,0.00%,WIN,7.5,5,4.24,54.10%,Monday,2026-07
2026-07-20,Olivia Nelson-Ododa,Points,Over,10.5,-110,0.60%,0.10%,WIN,13.8,11,4.55,52.40%,Monday,2026-07
2026-07-20,Paige Bueckers,Points,Under,15.5,-106,0.60%,0.10%,WIN,10.3,13,4.72,51.50%,Monday,2026-07
2026-07-20,Paige Bueckers,Points,Under,8.5,-118,0.60%,0.00%,LOSS,7.8,11,-5,54.10%,Monday,2026-07
2026-07-20,Paige Bueckers,Points,Under,13.5,100,0.50%,0.10%,LOSS,11.8,14,-5,50.00%,Monday,2026-07
2026-07-20,Paige Bueckers,Points,Under,7.5,-115,0.60%,0.00%,WIN,6.8,3,4.35,53.50%,Monday,2026-07
2026-07-20,Paige Bueckers,Points,Under,5.5,-108,0.50%,0.00%,LOSS,3.4,7,-5,51.90%,Monday,2026-07
2026-07-20,Paige Bueckers,Points,Under,18.5,-113,0.60%,0.10%,LOSS,14.6,33,-5,53.10%,Monday,2026-07
2026-07-20,Paige Bueckers,Points,Over,7.5,-128,0.60%,0.10%,WIN,10.6,15,3.91,56.10%,Monday,2026-07
2026-07-20,Paige Bueckers,Points,Over,3.5,-114,56.80%,0.10%,LOSS,1.8,3,-5,53.30%,Monday,2026-07
2026-07-20,Paige Bueckers,Points,Over,12.5,-115,0.50%,-0.10%,WIN,12.8,23,4.35,53.50%,Monday,2026-07
2026-07-20,Paige Bueckers,Points,Under,9.5,-130,0.60%,0.00%,WIN,8.6,6,3.85,56.50%,Monday,2026-07
2026-07-20,Paige Bueckers,Points,Over,5.5,-118,0.60%,0.10%,LOSS,8.5,4,-5,54.10%,Monday,2026-07
2026-07-20,Paige Bueckers,Points,Over,9.5,-122,0.50%,-0.10%,WIN,9.7,15,4.1,55.00%,Monday,2026-07
2026-07-20,Paige Bueckers,Points,Under,22.5,-110,0.60%,0.10%,WIN,18.2,14,4.55,52.40%,Monday,2026-07
2026-07-20,Paige Bueckers,Points,Over,8.5,104,0.50%,0.00%,WIN,9.7,12,5.2,49.00%,Monday,2026-07
2026-07-20,Paige Bueckers,Points,Under,11.5,-132,0.60%,0.10%,LOSS,8.7,18,-5,56.90%,Monday,2026-07
2026-07-20,Paige Bueckers,Points,Under,15.5,100,0.50%,0.00%,WIN,14.8,6,5,50.00%,Monday,2026-07
2026-07-20,Paige Bueckers,Points,Under,15.5,-130,0.60%,0.10%,WIN,13.3,12,3.85,56.50%,Monday,2026-07
2026-07-20,Paige Bueckers,Points,Under,7.5,-104,0.50%,0.10%,WIN,4.6,3,4.81,51.00%,Monday,2026-07
2026-07-20,Paige Bueckers,Points,Over,17.5,-110,0.60%,0.10%,WIN,22.4,32,4.55,52.40%,Monday,2026-07
2026-07-20,Paige Bueckers,Points,Under,9.5,-135,0.60%,0.10%,WIN,5.3,7,3.7,57.40%,Monday,2026-07
2026-07-20,Paige Bueckers,Points,Under,16.5,-132,0.60%,0.10%,LOSS,10.8,21,-5,56.90%,Monday,2026-07
2026-07-20,Paige Bueckers,Points,Over,13.5,-113,0.50%,0.00%,WIN,15.1,15,4.42,53.10%,Monday,2026-07
2026-07-20,Paige Bueckers,Points,Over,14.5,104,0.50%,0.00%,WIN,16.4,17,5.2,49.00%,Monday,2026-07
2026-07-20,Paige Bueckers,Points,Over,11.5,104,0.50%,0.00%,WIN,12.6,12,5.2,49.00%,Monday,2026-07
2026-07-20,Paige Bueckers,Pts + Asts,Over,29.5,-106,0.50%,0.00%,WIN,29.6,30,4.72,51.50%,Monday,2026-07
2026-07-20,Paige Bueckers,Pts + Asts,Under,19.5,-114,0.60%,0.10%,LOSS,13.8,35,-5,53.30%,Monday,2026-07
2026-07-20,Paige Bueckers,Pts + Asts,Under,13.5,-102,0.50%,0.00%,WIN,13,12,4.9,50.50%,Monday,2026-07
2026-07-20,Paige Bueckers,Pts + Asts,Under,20.5,-122,0.60%,0.10%,WIN,13.9,17,4.1,55.00%,Monday,2026-07
2026-07-20,Paige Bueckers,Pts + Asts,Over,24.5,-130,0.50%,-0.20%,WIN,23.5,41,3.85,56.50%,Monday,2026-07
2026-07-20,Paige Bueckers,Pts + Asts,Under,19.5,-130,0.60%,0.00%,WIN,17.6,21,3.85,56.50%,Monday,2026-07
2026-07-20,Paige Bueckers,Pts + Asts,Under,20.5,-125,0.50%,-0.20%,LOSS,20,24,-5,55.60%,Monday,2026-07
2026-07-20,Paige Bueckers,Pts + Asts,Under,19.5,-114,0.60%,0.10%,WIN,10.6,15,4.39,53.30%,Monday,2026-07
2026-07-20,Paige Bueckers,Pts + Asts,Under,16.5,-106,0.50%,0.00%,LOSS,14.7,27,-5,51.50%,Monday,2026-07
2026-07-20,Paige Bueckers,Pts + Asts,Over,16.5,-114,0.60%,0.10%,LOSS,20.2,10,-5,53.30%,Monday,2026-07
2026-07-20,Paige Bueckers,Pts + Asts,Over,22.5,-114,0.50%,0.00%,WIN,24.9,36,4.39,53.30%,Monday,2026-07
2026-07-20,Paige Bueckers,Pts + Asts,Under,12.5,-125,0.50%,-0.20%,WIN,11.3,8,4,55.60%,Monday,2026-07
2026-07-20,Paige Bueckers,Pts + Asts,Under,22.5,-122,0.60%,0.10%,WIN,16.3,19,4.1,55.00%,Monday,2026-07
2026-07-20,Paige Bueckers,Pts + Asts,Under,16.5,-125,0.60%,0.00%,WIN,14.5,16,4,55.60%,Monday,2026-07
2026-07-20,Paige Bueckers,Pts + Asts,Under,13.5,100,0.50%,0.00%,WIN,11.8,7,5,50.00%,Monday,2026-07
2026-07-20,Paige Bueckers,Pts + Asts,Under,21.5,-128,0.60%,0.10%,LOSS,17.5,33,-5,56.10%,Monday,2026-07
2026-07-20,Paige Bueckers,Pts + Asts,Under,14.5,-116,0.50%,-0.10%,LOSS,13.8,27,-5,53.70%,Monday,2026-07
2026-07-20,Paige Bueckers,Pts + Asts,Under,25.5,-104,0.50%,0.10%,WIN,22.6,19,4.81,51.00%,Monday,2026-07
2026-07-20,Paige Bueckers,Pts + Asts,Under,19.5,-112,0.60%,0.10%,LOSS,16.7,22,-5,52.80%,Monday,2026-07
2026-07-20,Paige Bueckers,Pts + Asts,Under,10.5,-134,0.50%,-0.20%,WIN,6.9,4,3.73,57.30%,Monday,2026-07
2026-07-20,Paige Bueckers,Pts + Asts,Over,23.5,-128,0.60%,0.10%,WIN,28.2,40,3.91,56.10%,Monday,2026-07
2026-07-20,Paige Bueckers,Pts + Asts,Under,12.5,-128,0.50%,-0.20%,WIN,10.5,8,3.91,56.10%,Monday,2026-07
2026-07-20,Paige Bueckers,Pts + Asts,Under,21.5,-130,0.60%,0.10%,LOSS,16.5,23,-5,56.50%,Monday,2026-07
2026-07-20,Paige Bueckers,Pts + Asts,Over,17.5,-102,0.50%,0.10%,WIN,19.4,23,4.9,50.50%,Monday,2026-07
2026-07-20,Paige Bueckers,Pts + Asts,Over,16.5,-122,0.60%,0.10%,WIN,20.9,19,4.1,55.00%,Monday,2026-07
2026-07-20,Paige Bueckers,Pts + Rebs,Under,36.5,-120,0.50%,-0.10%,WIN,36.2,32,4.17,54.50%,Monday,2026-07
2026-07-20,Paige Bueckers,Pts + Rebs,Under,19.5,-118,0.60%,0.10%,LOSS,14.9,34,-5,54.10%,Monday,2026-07
2026-07-20,Paige Bueckers,Pts + Rebs,Under,17.5,-130,0.50%,-0.20%,LOSS,17.3,19,-5,56.50%,Monday,2026-07
2026-07-20,Paige Bueckers,Pts + Rebs,Under,19.5,-112,0.60%,0.10%,WIN,16.3,16,4.46,52.80%,Monday,2026-07
2026-07-20,Paige Bueckers,Pts + Rebs,Under,18.5,-108,0.50%,0.00%,LOSS,28.1,46,-5,51.90%,Monday,2026-07
2026-07-20,Paige Bueckers,Pts + Rebs,Under,15.5,-130,0.50%,-0.20%,LOSS,15.3,18,-5,56.50%,Monday,2026-07
2026-07-20,Paige Bueckers,Pts + Rebs,Under,21.5,-122,0.60%,0.00%,LOSS,20.5,25,-5,55.00%,Monday,2026-07
2026-07-20,Paige Bueckers,Pts + Rebs,Under,27.5,-124,0.60%,0.20%,WIN,18,23,4.03,55.40%,Monday,2026-07
2026-07-20,Paige Bueckers,Pts + Rebs,Under,11.5,-128,0.60%,0.00%,WIN,10.9,5,3.91,56.10%,Monday,2026-07
2026-07-20,Paige Bueckers,Pts + Rebs,Under,18.5,-104,0.50%,0.00%,LOSS,17,27,-5,51.00%,Monday,2026-07
2026-07-20,Paige Bueckers,Pts + Rebs,Over,17.5,-102,0.50%,0.10%,LOSS,21,8,-5,50.50%,Monday,2026-07
2026-07-20,Paige Bueckers,Pts + Rebs,Over,16.5,-126,0.50%,-0.10%,WIN,16.7,37,3.97,55.80%,Monday,2026-07
2026-07-20,Paige Bueckers,Pts + Rebs,Over,20.5,-102,0.50%,0.10%,WIN,22.8,28,4.9,50.50%,Monday,2026-07
2026-07-20,Paige Bueckers,Pts + Rebs,Over,13.5,-125,0.60%,0.10%,WIN,17.8,15,4,55.60%,Monday,2026-07
2026-07-20,Paige Bueckers,Pts + Rebs,Under,28.5,-122,0.60%,0.10%,LOSS,22.1,29,-5,55.00%,Monday,2026-07
2026-07-20,Paige Bueckers,Pts + Rebs,Over,10.5,-118,0.60%,0.00%,WIN,12.2,12,4.24,54.10%,Monday,2026-07
2026-07-20,Paige Bueckers,Pts + Rebs,Under,23.5,-122,0.60%,0.00%,LOSS,21.4,24,-5,55.00%,Monday,2026-07
2026-07-20,Paige Bueckers,Pts + Rebs,Under,11.5,-122,0.60%,0.00%,WIN,10.8,8,4.1,55.00%,Monday,2026-07
2026-07-20,Paige Bueckers,Pts + Rebs,Over,7.5,-130,0.60%,0.10%,WIN,6.8,9,3.85,56.50%,Monday,2026-07
2026-07-20,Paige Bueckers,Pts + Rebs,Under,21.5,-106,0.60%,0.10%,LOSS,18.6,35,-5,51.50%,Monday,2026-07
2026-07-20,Paige Bueckers,Pts + Rebs,Over,12.5,-118,0.60%,0.10%,WIN,14.8,18,4.24,54.10%,Monday,2026-07
2026-07-20,Paige Bueckers,Pts + Rebs,Under,8.5,-130,0.50%,-0.20%,WIN,5.6,7,3.85,56.50%,Monday,2026-07
2026-07-20,Paige Bueckers,Pts + Rebs,Under,21.5,-102,0.50%,0.00%,LOSS,21.3,35,-5,50.50%,Monday,2026-07
2026-07-20,Paige Bueckers,Pts + Rebs,Under,13.5,-130,0.60%,0.00%,WIN,10.9,9,3.85,56.50%,Monday,2026-07
2026-07-20,Paige Bueckers,Pts + Rebs,Over,9.5,-130,0.60%,0.10%,LOSS,13.1,6,-5,56.50%,Monday,2026-07
2026-07-20,Paige Bueckers,Pts + Rebs,Under,14.5,-132,0.50%,-0.20%,LOSS,13.7,23,-5,56.90%,Monday,2026-07
2026-07-20,Paige Bueckers,Pts + Rebs,Under,25.5,-106,0.50%,0.10%,WIN,22.7,16,4.72,51.50%,Monday,2026-07
2026-07-20,Paige Bueckers,Pts + Rebs,Under,17.5,-125,0.60%,0.00%,LOSS,15.5,23,-5,55.60%,Monday,2026-07
2026-07-20,Paige Bueckers,Pts + Rebs,Under,24.5,-122,0.60%,0.00%,WIN,22,18,4.1,55.00%,Monday,2026-07
2026-07-20,Paige Bueckers,Pts + Rebs,Under,18.5,-125,0.60%,0.00%,WIN,16.7,13,4,55.60%,Monday,2026-07
2026-07-20,Paige Bueckers,Pts + Rebs,Under,13.5,-132,0.60%,0.00%,WIN,9.6,4,3.79,56.90%,Monday,2026-07
2026-07-20,Paige Bueckers,Pts + Rebs,Over,21.5,-120,0.60%,0.10%,WIN,26.2,40,4.17,54.50%,Monday,2026-07
2026-07-20,Paige Bueckers,Pts + Rebs,Under,11.5,-104,0.50%,0.00%,WIN,10.1,9,4.81,51.00%,Monday,2026-07
2026-07-20,Paige Bueckers,Pts + Rebs,Under,19.5,-110,0.60%,0.10%,LOSS,15.3,25,-5,52.40%,Monday,2026-07
2026-07-20,Paige Bueckers,Pts + Rebs,Over,22.5,-120,0.60%,0.00%,WIN,22.6,30,4.17,54.50%,Monday,2026-07
2026-07-20,Paige Bueckers,Pts + Rebs,Over,17.5,-106,0.50%,0.00%,WIN,20.1,19,4.72,51.50%,Monday,2026-07
2026-07-20,Paige Bueckers,Pts + Rebs,Over,14.5,-118,0.60%,0.00%,LOSS,17.4,14,-5,54.10%,Monday,2026-07
2026-07-20,Paige Bueckers,Rebs + Asts,Over,12.5,-136,0.50%,-0.20%,LOSS,12.7,10,-5,57.60%,Monday,2026-07
2026-07-20,Paige Bueckers,Rebs + Asts,Over,5.5,-166,0.70%,0.10%,WIN,6.3,11,3.01,62.40%,Monday,2026-07
2026-07-20,Paige Bueckers,Rebs + Asts,Over,7.5,-128,0.60%,0.00%,WIN,7.5,15,3.91,56.10%,Monday,2026-07
2026-07-20,Paige Bueckers,Rebs + Asts,Over,4.5,-118,0.60%,0.10%,LOSS,4.3,3,-5,54.10%,Monday,2026-07
2026-07-20,Paige Bueckers,Rebs + Asts,Under,11.5,110,0.50%,0.10%,LOSS,9.9,21,-5,47.60%,Monday,2026-07
2026-07-20,Paige Bueckers,Rebs + Asts,Over,10.5,-114,0.50%,0.00%,WIN,11.2,11,4.39,53.30%,Monday,2026-07
2026-07-20,Paige Bueckers,Rebs + Asts,Over,9.5,-125,0.50%,-0.20%,LOSS,9.6,7,-5,55.60%,Monday,2026-07
2026-07-20,Paige Bueckers,Rebs + Asts,Under,11.5,102,0.60%,0.20%,WIN,7.4,10,5.1,49.50%,Monday,2026-07
2026-07-20,Paige Bueckers,Rebs + Asts,Under,8.5,100,0.50%,0.00%,WIN,8,2,5,50.00%,Monday,2026-07
2026-07-20,Paige Bueckers,Rebs + Asts,Over,5.5,-106,0.60%,0.10%,LOSS,6.6,2,-5,51.50%,Monday,2026-07
2026-07-20,Paige Bueckers,Rebs + Asts,Over,9.5,-152,0.60%,0.00%,WIN,11.2,16,3.29,60.30%,Monday,2026-07
2026-07-20,Paige Bueckers,Rebs + Asts,Under,18.5,-106,0.60%,0.10%,LOSS,16.2,22,-5,51.50%,Monday,2026-07
2026-07-20,Paige Bueckers,Rebs + Asts,Under,11.5,-125,0.60%,0.10%,LOSS,10.6,12,-5,55.60%,Monday,2026-07
2026-07-20,Paige Bueckers,Rebs + Asts,Under,10.5,-144,0.60%,0.10%,WIN,8.7,9,3.47,59.00%,Monday,2026-07
2026-07-20,Paige Bueckers,Rebs + Asts,Over,5.5,-112,0.60%,0.10%,LOSS,5.2,2,-5,52.80%,Monday,2026-07
2026-07-20,Paige Bueckers,Rebs + Asts,Under,10.5,-109,0.60%,0.10%,LOSS,8.7,16,-5,52.20%,Monday,2026-07
2026-07-20,Paige Bueckers,Rebs + Asts,Over,6.5,114,0.50%,0.10%,WIN,7.1,7,5.7,46.70%,Monday,2026-07
2026-07-20,Paige Bueckers,Rebs + Asts,Under,7.5,-118,0.60%,0.00%,LOSS,6.4,11,-5,54.10%,Monday,2026-07
2026-07-20,Paige Bueckers,Rebs + Asts,Under,7.5,-128,0.60%,0.00%,WIN,6.3,2,3.91,56.10%,Monday,2026-07
2026-07-20,Paige Bueckers,Rebs + Asts,Under,10.5,-120,0.50%,0.00%,LOSS,10.4,16,-5,54.50%,Monday,2026-07
2026-07-20,Paige Bueckers,Rebs + Asts,Over,5.5,-128,0.60%,0.10%,LOSS,6.8,3,-5,56.10%,Monday,2026-07
2026-07-20,Paige Bueckers,Rebs + Asts,Over,8.5,-118,0.60%,0.00%,LOSS,8.4,6,-5,54.10%,Monday,2026-07
2026-07-20,Paige Bueckers,Rebs + Asts,Over,6.5,104,0.50%,0.10%,WIN,7.1,8,5.2,49.00%,Monday,2026-07
2026-07-20,Paige Bueckers,Rebs + Asts,Over,8.5,-144,0.60%,0.10%,WIN,10.4,9,3.47,59.00%,Monday,2026-07
2026-07-20,Paige Bueckers,Threes,Under,1.5,134,0.50%,0.10%,LOSS,1.3,3,-5,42.70%,Monday,2026-07
2026-07-20,Paige Bueckers,Threes,Over,1.5,102,0.50%,0.10%,LOSS,1.9,0,-5,49.50%,Monday,2026-07
2026-07-20,Paige Bueckers,Threes,Under,2.5,-192,0.70%,0.10%,LOSS,1.7,3,-5,65.80%,Monday,2026-07
2026-07-20,Paige Bueckers,Threes,Over,1.5,-114,0.60%,0.10%,WIN,2.4,3,4.39,53.30%,Monday,2026-07
2026-07-20,Paige Bueckers,Threes,Over,1.5,128,0.50%,0.10%,LOSS,1.9,1,-5,43.90%,Monday,2026-07
2026-07-20,Paige Bueckers,Threes,Under,1.5,-205,0.60%,-0.30%,LOSS,1.4,5,-5,67.20%,Monday,2026-07
2026-07-20,Paige Bueckers,Threes,Over,1.5,102,0.60%,0.10%,LOSS,2.2,0,-5,49.50%,Monday,2026-07
2026-07-20,Paige Bueckers,Threes,Over,1.5,-130,0.60%,0.10%,WIN,2.3,4,3.85,56.50%,Monday,2026-07
2026-07-20,Paige Bueckers,Threes,Over,2.5,158,0.40%,0.10%,LOSS,3,1,-5,38.80%,Monday,2026-07
2026-07-20,Paige Bueckers,Threes,Over,1.5,-146,0.50%,-0.20%,WIN,1.9,2,3.42,59.30%,Monday,2026-07
2026-07-20,Paige Bueckers,Threes,Under,1.5,-114,0.60%,0.10%,WIN,1.2,1,4.39,53.30%,Monday,2026-07
2026-07-20,Paige Bueckers,Threes,Under,2.5,-106,0.60%,0.10%,LOSS,2.2,6,-5,51.50%,Monday,2026-07
2026-07-20,Paige Bueckers,Threes,Over,1.5,112,0.60%,0.20%,WIN,2.5,4,5.6,47.20%,Monday,2026-07
2026-07-20,Paige Bueckers,Threes,Over,1.5,118,0.50%,0.00%,WIN,1.6,3,5.9,45.90%,Monday,2026-07
2026-07-20,Paige Bueckers,Threes,Over,2.5,-154,0.70%,0.10%,LOSS,3.6,1,-5,60.60%,Monday,2026-07
2026-07-20,Paige Bueckers,Threes,Under,1.5,-215,0.60%,-0.30%,LOSS,1.3,3,-5,68.30%,Monday,2026-07
2026-07-20,Paige Bueckers,Threes,Under,2.5,-188,0.70%,0.20%,WIN,1.4,1,2.66,65.30%,Monday,2026-07
2026-07-20,Paige Bueckers,Threes,Under,1.5,-192,0.60%,-0.10%,WIN,1.2,1,2.6,65.80%,Monday,2026-07
2026-07-20,Paige Bueckers,Threes,Over,1.5,178,0.50%,0.20%,LOSS,2.3,1,-5,36.00%,Monday,2026-07
2026-07-20,Paige Bueckers,Threes,Under,2.5,-188,0.70%,0.10%,WIN,1.7,2,2.66,65.30%,Monday,2026-07
2026-07-20,Paige Bueckers,Threes,Under,1.5,-225,0.60%,-0.30%,WIN,1.5,0,2.22,69.20%,Monday,2026-07
2026-07-20,Paige Bueckers,Threes,Over,1.5,154,0.40%,0.10%,WIN,1.7,2,7.7,39.40%,Monday,2026-07
2026-07-22,Paige Bueckers,Assists,Over,2.5,-112,55.00%,4.50%,WIN,3.3,5,4.46,52.80%,Wednesday,2026-07
2026-07-22,Paige Bueckers,Assists,Over,2.5,-139,56.90%,-3.10%,WIN,3.1,5,3.6,58.20%,Wednesday,2026-07
2026-07-22,Paige Bueckers,Assists,Over,8.5,100,53.80%,7.50%,WIN,9.9,15,5,50.00%,Wednesday,2026-07
2026-07-22,Paige Bueckers,Assists,Over,2.5,-140,58.70%,0.90%,WIN,3.2,3,3.57,58.30%,Wednesday,2026-07
2026-07-22,Paige Bueckers,Assists,Over,3.5,102,45.80%,-7.30%,WIN,3.6,6,5.1,49.50%,Wednesday,2026-07
2026-07-22,Paige Bueckers,Assists,Over,2.5,105,49.30%,1.00%,WIN,2.6,3,5.25,48.80%,Wednesday,2026-07
2026-07-22,Paige Bueckers,Assists,Under,2.5,-194,61.20%,-14.20%,WIN,2.3,2,2.58,66.00%,Wednesday,2026-07
2026-07-22,Paige Bueckers,Assists,Under,3.5,-192,64.30%,-4.30%,LOSS,3,4,-5,65.80%,Wednesday,2026-07
2026-07-22,Paige Bueckers,Assists,Under,2.5,-137,58.50%,1.60%,WIN,2.2,2,3.65,57.80%,Wednesday,2026-07
2026-07-22,Paige Bueckers,Assists,Over,7.5,-122,58.10%,7.10%,WIN,9,11,4.1,55.00%,Wednesday,2026-07
2026-07-22,Paige Bueckers,Assists,Under,5.5,118,49.40%,6.40%,LOSS,5,11,-5,45.90%,Wednesday,2026-07
2026-07-22,Paige Bueckers,Assists,Under,4.5,-154,52.70%,-20.20%,WIN,4.5,4,3.25,60.60%,Wednesday,2026-07
2026-07-22,Paige Bueckers,Assists,Over,6.5,-114,53.30%,0.10%,LOSS,7.7,4,-5,53.30%,Wednesday,2026-07
2026-07-22,Paige Bueckers,Assists,Over,4.5,-146,53.10%,-15.40%,LOSS,4.9,4,-5,59.30%,Wednesday,2026-07
2026-07-22,Paige Bueckers,Assists,Over,4.5,134,45.40%,4.70%,WIN,5.2,6,6.7,42.70%,Wednesday,2026-07
2026-07-22,Paige Bueckers,Assists,Under,2.5,-130,57.50%,2.10%,LOSS,2.3,5,-5,56.50%,Wednesday,2026-07
2026-07-22,Paige Bueckers,Assists,Under,2.5,-140,58.90%,1.40%,WIN,1.7,2,3.57,58.30%,Wednesday,2026-07
2026-07-22,Paige Bueckers,Assists,Over,5.5,-144,51.00%,-19.50%,LOSS,5.7,4,-5,59.00%,Wednesday,2026-07
2026-07-22,Paige Bueckers,Assists,Under,3.5,-180,64.40%,0.40%,LOSS,2.7,4,-5,64.30%,Wednesday,2026-07
2026-07-22,Paige Bueckers,Assists,Under,3.5,-106,52.20%,1.50%,WIN,3.5,1,4.72,51.50%,Wednesday,2026-07
2026-07-22,Paige Bueckers,Assists,Over,6.5,108,48.50%,0.80%,WIN,7.3,7,5.4,48.10%,Wednesday,2026-07
2026-07-22,Paige Bueckers,Assists,Over,3.5,-114,46.60%,-14.40%,WIN,3.6,4,4.39,53.30%,Wednesday,2026-07
2026-07-22,Paige Bueckers,Assists,Under,5.5,-144,57.60%,-3.50%,LOSS,5.4,10,-5,59.00%,Wednesday,2026-07
2026-07-22,Paige Bueckers,Assists,Over,2.5,-116,55.60%,4.20%,LOSS,3.4,2,-5,53.70%,Wednesday,2026-07
2026-07-22,Paige Bueckers,Assists,Under,4.5,120,46.10%,1.20%,WIN,4.5,2,6,45.50%,Wednesday,2026-07
2026-07-22,Paige Bueckers,Assists,Over,2.5,-160,54.50%,-18.20%,LOSS,3,2,-5,61.50%,Wednesday,2026-07
2026-07-22,Paige Bueckers,Assists,Under,5.5,104,52.20%,6.30%,LOSS,4.8,7,-5,49.00%,Wednesday,2026-07
2026-07-22,Paige Bueckers,Assists,Over,2.5,-107,52.10%,0.80%,WIN,2.8,3,4.67,51.70%,Wednesday,2026-07
2026-07-22,Paige Bueckers,Assists,Over,4.5,-136,51.60%,-14.10%,LOSS,4.8,3,-5,57.60%,Wednesday,2026-07
2026-07-22,Pauline Astier,Assists,Under,3.5,-180,66.50%,6.20%,WIN,2.3,1,2.78,64.30%,Wednesday,2026-07
2026-07-22,Pauline Astier,Assists,Over,6.5,100,50.50%,1.10%,LOSS,7.6,6,-5,50.00%,Wednesday,2026-07
2026-07-22,Pauline Astier,Assists,Over,6.5,-106,50.20%,-2.70%,LOSS,7.3,5,-5,51.50%,Wednesday,2026-07
2026-07-22,Pauline Astier,Assists,Over,3.5,142,43.50%,3.70%,WIN,3.8,5,7.1,41.30%,Wednesday,2026-07
2026-07-22,Pauline Astier,Assists,Over,2.5,-150,53.00%,-17.50%,LOSS,2.7,2,-5,60.00%,Wednesday,2026-07
2026-07-22,Pauline Astier,Assists,Under,5.5,-174,64.30%,2.20%,WIN,4.6,4,2.87,63.50%,Wednesday,2026-07
2026-07-22,Pauline Astier,Assists,Under,2.5,-140,58.90%,1.40%,WIN,1.9,2,3.57,58.30%,Wednesday,2026-07
2026-07-22,Pauline Astier,Assists,Under,2.5,105,51.30%,4.80%,LOSS,2.3,3,-5,48.80%,Wednesday,2026-07
2026-07-22,Pauline Astier,Assists,Under,3.5,-174,58.60%,-13.50%,LOSS,3.3,8,-5,63.50%,Wednesday,2026-07
2026-07-22,Pauline Astier,Points,Over,23.5,-114,54.10%,1.70%,WIN,24.9,38,4.39,53.30%,Wednesday,2026-07
2026-07-22,Pauline Astier,Points,Over,14.5,-108,58.20%,13.00%,WIN,19.8,22,4.63,51.90%,Wednesday,2026-07
2026-07-22,Pauline Astier,Points,Under,14.5,-130,59.70%,7.20%,LOSS,12.2,19,-5,56.50%,Wednesday,2026-07
2026-07-22,Pauline Astier,Points,Under,10.5,-110,57.70%,11.20%,LOSS,7.6,15,-5,52.40%,Wednesday,2026-07
2026-07-22,Pauline Astier,Points,Under,16.5,-102,58.10%,15.30%,LOSS,10.5,24,-5,50.50%,Wednesday,2026-07
2026-07-22,Pauline Astier,Points,Over,10.5,-114,53.10%,-0.40%,LOSS,11,10,-5,53.30%,Wednesday,2026-07
2026-07-22,Pauline Astier,Points,Under,12.5,-122,56.20%,2.90%,WIN,10.7,8,4.1,55.00%,Wednesday,2026-07
2026-07-22,Pauline Astier,Points,Under,15.5,-110,54.50%,4.50%,WIN,13.6,11,4.55,52.40%,Wednesday,2026-07
2026-07-22,Pauline Astier,Points,Over,21.5,-120,46.80%,-16.90%,LOSS,22.5,20,-5,54.50%,Wednesday,2026-07
2026-07-22,Pauline Astier,Points,Under,13.5,-128,58.30%,5.00%,LOSS,11,18,-5,56.10%,Wednesday,2026-07
2026-07-22,Pauline Astier,Points,Over,18.5,-102,56.60%,12.20%,WIN,24.6,27,4.9,50.50%,Wednesday,2026-07
2026-07-22,Pauline Astier,Points,Under,8.5,-128,57.00%,1.80%,WIN,8.1,5,3.91,56.10%,Wednesday,2026-07
2026-07-22,Pauline Astier,Points,Under,15.5,-125,59.90%,9.70%,WIN,12.5,12,4,55.60%,Wednesday,2026-07
2026-07-22,Pauline Astier,Points,Under,8.5,-119,56.00%,3.60%,WIN,7.7,1,4.2,54.30%,Wednesday,2026-07
2026-07-22,Pauline Astier,Points,Over,11.5,100,51.10%,2.20%,WIN,11.5,19,5,50.00%,Wednesday,2026-07
2026-07-22,Pauline Astier,Points,Over,7.5,-114,58.10%,10.40%,WIN,11.3,14,4.39,53.30%,Wednesday,2026-07
2026-07-22,Pauline Astier,Points,Over,14.5,-102,54.00%,7.00%,LOSS,17.3,0,-5,50.50%,Wednesday,2026-07
2026-07-22,Pauline Astier,Points,Under,9.5,-114,49.40%,-8.20%,WIN,9.1,9,4.39,53.30%,Wednesday,2026-07
2026-07-22,Pauline Astier,Points,Over,14.5,-106,52.60%,2.30%,WIN,16.4,18,4.72,51.50%,Wednesday,2026-07
2026-07-22,Pauline Astier,Points,Under,15.5,-102,57.10%,13.30%,LOSS,11,21,-5,50.50%,Wednesday,2026-07
2026-07-22,Pauline Astier,Points,Under,9.5,-130,60.60%,9.30%,WIN,6.6,6,3.85,56.50%,Wednesday,2026-07
2026-07-22,Pauline Astier,Points,Under,10.5,-113,54.10%,2.20%,WIN,9,5,4.42,53.10%,Wednesday,2026-07
2026-07-22,Pauline Astier,Points,Under,13.5,-114,55.40%,4.50%,LOSS,12.5,16,-5,53.30%,Wednesday,2026-07
2026-07-22,Pauline Astier,Points,Under,6.5,-115,55.80%,5.00%,LOSS,4.2,10,-5,53.50%,Wednesday,2026-07
2026-07-22,Pauline Astier,Points,Over,16.5,-122,56.00%,2.20%,WIN,18.2,24,4.1,55.00%,Wednesday,2026-07
2026-07-22,Pauline Astier,Points,Under,7.5,-114,54.60%,2.90%,WIN,7.2,4,4.39,53.30%,Wednesday,2026-07
2026-07-22,Pauline Astier,Points,Under,15.5,-120,59.90%,11.90%,LOSS,11.5,18,-5,54.50%,Wednesday,2026-07
2026-07-22,Pauline Astier,Points,Over,8.5,-118,52.40%,-3.70%,LOSS,8.8,8,-5,54.10%,Wednesday,2026-07
2026-07-22,Pauline Astier,Points,Under,14.5,-128,57.80%,3.80%,WIN,13.2,14,3.91,56.10%,Wednesday,2026-07
2026-07-22,Pauline Astier,Points,Under,21.5,-113,55.80%,5.90%,WIN,19.9,21,4.42,53.10%,Wednesday,2026-07
2026-07-22,Pauline Astier,Points,Over,12.5,-106,51.70%,0.50%,LOSS,13.5,10,-5,51.50%,Wednesday,2026-07
2026-07-22,Pauline Astier,Points,Over,17.5,-125,53.10%,-5.50%,WIN,18.3,20,4,55.60%,Wednesday,2026-07
2026-07-22,Pauline Astier,Points,Over,21.5,-114,59.00%,12.30%,WIN,28,23,4.39,53.30%,Wednesday,2026-07
2026-07-22,Pauline Astier,Points,Over,14.5,100,50.50%,0.90%,LOSS,14.6,12,-5,50.00%,Wednesday,2026-07
2026-07-22,Pauline Astier,Points,Over,5.5,-103,52.40%,3.30%,WIN,7.2,13,4.85,50.70%,Wednesday,2026-07
2026-07-22,Pauline Astier,Points,Over,12.5,-118,51.10%,-6.70%,LOSS,13.4,10,-5,54.10%,Wednesday,2026-07
2026-07-22,Pauline Astier,Points,Under,5.5,100,50.70%,1.30%,LOSS,4.7,8,-5,50.00%,Wednesday,2026-07
2026-07-22,Pauline Astier,Points,Under,13.5,-120,57.00%,5.50%,LOSS,11.2,21,-5,54.50%,Wednesday,2026-07
2026-07-22,Pauline Astier,Points,Under,8.5,-110,55.00%,5.50%,LOSS,7.3,10,-5,52.40%,Wednesday,2026-07
2026-07-22,Pauline Astier,Points,Under,10.5,-130,61.80%,12.10%,LOSS,6.5,14,-5,56.50%,Wednesday,2026-07
2026-07-22,Pauline Astier,Points,Under,7.5,-121,57.60%,6.20%,LOSS,5.1,12,-5,54.80%,Wednesday,2026-07
2026-07-22,Pauline Astier,Points,Under,10.5,-138,59.00%,2.40%,WIN,8.7,4,3.62,58.00%,Wednesday,2026-07
2026-07-22,Pauline Astier,Points,Over,13.5,102,59.10%,19.00%,WIN,26.4,24,5.1,49.50%,Wednesday,2026-07
2026-07-22,Pauline Astier,Points,Over,10.5,-120,55.30%,1.60%,LOSS,11.5,9,-5,54.50%,Wednesday,2026-07
2026-07-22,Pauline Astier,Points,Over,11.5,-128,58.40%,5.20%,LOSS,14.8,11,-5,56.10%,Wednesday,2026-07
2026-07-22,Pauline Astier,Points,Under,6.5,-113,55.50%,5.20%,LOSS,4.5,10,-5,53.10%,Wednesday,2026-07
2026-07-22,Pauline Astier,Points,Over,14.5,-114,46.40%,-14.70%,LOSS,15.1,12,-5,53.30%,Wednesday,2026-07
2026-07-22,Pauline Astier,Points,Under,17.5,-128,57.50%,3.20%,WIN,16.3,13,3.91,56.10%,Wednesday,2026-07
2026-07-22,Pauline Astier,Points,Over,17.5,-114,57.90%,9.80%,LOSS,23.5,13,-5,53.30%,Wednesday,2026-07
2026-07-22,Pauline Astier,Points,Under,11.5,-110,46.20%,-13.00%,WIN,11.4,11,4.55,52.40%,Wednesday,2026-07
2026-07-22,Pauline Astier,Points,Over,19.5,-128,55.90%,-0.60%,WIN,22.3,21,3.91,56.10%,Wednesday,2026-07
2026-07-22,Pauline Astier,Points,Under,9.5,-138,63.20%,12.50%,WIN,6,9,3.62,58.00%,Wednesday,2026-07
2026-07-22,Pauline Astier,Points,Under,14.5,-106,55.90%,9.10%,LOSS,12.3,20,-5,51.50%,Wednesday,2026-07
2026-07-22,Pauline Astier,Points,Under,16.5,-102,57.50%,14.20%,LOSS,11,29,-5,50.50%,Wednesday,2026-07
2026-07-22,Pauline Astier,Points,Over,9.5,-110,51.40%,-2.00%,LOSS,9.9,2,-5,52.40%,Wednesday,2026-07
2026-07-22,Pauline Astier,Points,Over,14.5,-120,47.10%,-16.30%,WIN,15.3,25,4.17,54.50%,Wednesday,2026-07
2026-07-22,Pauline Astier,Points,Over,15.5,-110,45.60%,-14.20%,WIN,15.9,20,4.55,52.40%,Wednesday,2026-07
2026-07-22,Pauline Astier,Points,Over,8.5,-114,54.80%,3.20%,LOSS,9.5,8,-5,53.30%,Wednesday,2026-07
2026-07-22,Pauline Astier,Points,Over,16.5,102,51.90%,4.80%,WIN,17.7,31,5.1,49.50%,Wednesday,2026-07
2026-07-22,Pauline Astier,Pts + Asts,Over,26.5,-106,53.10%,3.40%,WIN,28.4,43,4.72,51.50%,Wednesday,2026-07
2026-07-22,Pauline Astier,Pts + Asts,Over,17.5,-121,59.30%,10.00%,WIN,22.7,27,4.13,54.80%,Wednesday,2026-07
2026-07-22,Pauline Astier,Pts + Asts,Under,22.5,-110,51.40%,-2.00%,LOSS,22.5,34,-5,52.40%,Wednesday,2026-07
2026-07-22,Pauline Astier,Pts + Asts,Under,13.5,-114,51.70%,-3.30%,LOSS,11.4,18,-5,53.30%,Wednesday,2026-07
2026-07-22,Pauline Astier,Pts + Asts,Under,20.5,-112,58.80%,12.80%,LOSS,14.1,30,-5,52.80%,Wednesday,2026-07
2026-07-22,Pauline Astier,Pts + Asts,Over,13.5,-104,52.70%,3.50%,LOSS,13.9,11,-5,51.00%,Wednesday,2026-07
2026-07-22,Pauline Astier,Pts + Asts,Under,14.5,-106,52.60%,2.30%,WIN,13.3,11,4.72,51.50%,Wednesday,2026-07
2026-07-22,Pauline Astier,Pts + Asts,Under,18.5,-130,58.60%,4.80%,WIN,16.1,13,3.85,56.50%,Wednesday,2026-07
2026-07-22,Pauline Astier,Pts + Asts,Under,24.5,-102,52.70%,4.40%,WIN,24.3,24,4.9,50.50%,Wednesday,2026-07
2026-07-22,Pauline Astier,Pts + Asts,Under,15.5,-104,54.40%,6.90%,LOSS,13.3,20,-5,51.00%,Wednesday,2026-07
2026-07-22,Rae Burrell,Pts + Asts,Over,26.5,-104,55.40%,9.10%,WIN,31.3,38,4.81,51.00%,Wednesday,2026-07
2026-07-22,Rae Burrell,Pts + Asts,Under,21.5,-118,58.60%,9.70%,LOSS,17.2,23,-5,54.10%,Wednesday,2026-07
2026-07-22,Rae Burrell,Pts + Asts,Under,12.5,-114,46.60%,-14.20%,WIN,11.4,5,4.39,53.30%,Wednesday,2026-07
2026-07-22,Rae Burrell,Pts + Asts,Over,17.5,-130,52.20%,-9.90%,WIN,18.6,23,3.85,56.50%,Wednesday,2026-07
2026-07-22,Rae Burrell,Pts + Asts,Over,12.5,-118,57.40%,7.20%,WIN,15.7,18,4.24,54.10%,Wednesday,2026-07
2026-07-22,Rae Burrell,Pts + Asts,Over,19.5,-110,54.90%,5.20%,LOSS,22.5,6,-5,52.40%,Wednesday,2026-07
2026-07-22,Rae Burrell,Pts + Asts,Over,16.5,-125,52.10%,-7.90%,WIN,17.8,23,4,55.60%,Wednesday,2026-07
2026-07-22,Rae Burrell,Pts + Asts,Under,17.5,-106,56.50%,10.30%,LOSS,12.5,23,-5,51.50%,Wednesday,2026-07
2026-07-22,Rae Burrell,Pts + Asts,Over,11.5,-131,57.20%,1.20%,LOSS,8.3,8,-5,56.70%,Wednesday,2026-07
2026-07-22,Rae Burrell,Pts + Asts,Under,16.5,-108,53.70%,3.60%,WIN,15.5,9,4.63,51.90%,Wednesday,2026-07
2026-07-22,Rae Burrell,Pts + Asts,Under,16.5,-108,54.00%,4.40%,LOSS,14.9,20,-5,51.90%,Wednesday,2026-07
2026-07-22,Rae Burrell,Pts + Asts,Over,10.5,-118,56.30%,4.80%,WIN,7.6,11,4.24,54.10%,Wednesday,2026-07
2026-07-22,Rae Burrell,Pts + Asts,Over,23.5,-108,49.30%,-5.50%,WIN,25,31,4.63,51.90%,Wednesday,2026-07
2026-07-22,Rae Burrell,Pts + Asts,Under,11.5,-128,47.30%,-20.10%,WIN,11.2,8,3.91,56.10%,Wednesday,2026-07
2026-07-22,Rae Burrell,Pts + Asts,Under,20.5,-110,55.90%,7.40%,LOSS,17.6,28,-5,52.40%,Wednesday,2026-07
2026-07-22,Rae Burrell,Pts + Asts,Under,16.5,-122,55.30%,0.80%,WIN,16.3,16,4.1,55.00%,Wednesday,2026-07
2026-07-22,Rae Burrell,Pts + Asts,Under,24.5,-127,58.30%,5.30%,WIN,21.6,24,3.94,55.90%,Wednesday,2026-07
2026-07-22,Rae Burrell,Pts + Asts,Over,14.5,-112,54.70%,3.90%,WIN,16.8,15,4.46,52.80%,Wednesday,2026-07
2026-07-22,Rae Burrell,Pts + Asts,Over,10.5,-108,52.20%,0.60%,WIN,21.2,22,4.63,51.90%,Wednesday,2026-07
2026-07-22,Rae Burrell,Pts + Asts,Over,24.5,-110,55.30%,6.20%,WIN,27.9,25,4.55,52.40%,Wednesday,2026-07
2026-07-22,Rae Burrell,Pts + Asts,Under,16.5,-132,57.50%,1.30%,WIN,15.7,12,3.79,56.90%,Wednesday,2026-07
2026-07-22,Rae Burrell,Pts + Asts,Under,17.5,-108,52.50%,1.20%,WIN,17.1,12,4.63,51.90%,Wednesday,2026-07
2026-07-22,Rae Burrell,Pts + Asts,Under,12.5,-125,51.70%,-8.60%,LOSS,9.7,16,-5,55.60%,Wednesday,2026-07
2026-07-22,Rae Burrell,Pts + Asts,Over,8.5,-138,61.90%,9.40%,WIN,7,13,3.62,58.00%,Wednesday,2026-07
2026-07-22,Rae Burrell,Pts + Asts,Under,11.5,-120,45.70%,-19.50%,WIN,9.6,4,4.17,54.50%,Wednesday,2026-07
2026-07-22,Rae Burrell,Pts + Asts,Under,16.5,-108,53.40%,3.00%,WIN,15.9,16,4.63,51.90%,Wednesday,2026-07
2026-07-22,Rae Burrell,Pts + Asts,Over,14.5,-114,56.30%,6.40%,LOSS,17.9,14,-5,53.30%,Wednesday,2026-07
2026-07-22,Rae Burrell,Pts + Asts,Under,19.5,-118,54.40%,0.60%,WIN,18.8,15,4.24,54.10%,Wednesday,2026-07
2026-07-22,Rae Burrell,Pts + Asts,Under,20.5,-118,48.70%,-11.90%,WIN,19.8,14,4.24,54.10%,Wednesday,2026-07
2026-07-22,Rae Burrell,Pts + Asts,Over,24.5,-104,55.00%,8.20%,LOSS,28.7,19,-5,51.00%,Wednesday,2026-07
2026-07-22,Rae Burrell,Pts + Asts,Over,26.5,-118,54.70%,1.30%,LOSS,27.9,26,-5,54.10%,Wednesday,2026-07
2026-07-22,Rae Burrell,Pts + Asts,Under,12.5,-130,48.80%,-17.70%,LOSS,11.3,14,-5,56.50%,Wednesday,2026-07
2026-07-22,Rae Burrell,Pts + Asts,Under,17.5,-110,55.50%,6.60%,LOSS,14.2,22,-5,52.40%,Wednesday,2026-07
2026-07-22,Rae Burrell,Pts + Asts,Under,22.5,-128,61.30%,11.70%,LOSS,16.8,33,-5,56.10%,Wednesday,2026-07
2026-07-22,Rae Burrell,Pts + Asts,Over,11.5,-133,57.50%,1.00%,LOSS,11.3,4,-5,57.10%,Wednesday,2026-07
2026-07-22,Rae Burrell,Pts + Asts,Under,17.5,-114,53.50%,0.50%,LOSS,17.1,28,-5,53.30%,Wednesday,2026-07
2026-07-22,Rae Burrell,Pts + Asts,Over,18.5,-118,55.20%,2.20%,WIN,19.5,28,4.24,54.10%,Wednesday,2026-07
2026-07-22,Rae Burrell,Pts + Asts,Over,10.5,-106,54.20%,5.70%,LOSS,11.5,10,-5,51.50%,Wednesday,2026-07
2026-07-22,Rae Burrell,Pts + Asts,Over,18.5,-105,52.70%,3.10%,WIN,19.4,34,4.76,51.20%,Wednesday,2026-07
2026-07-22,Rae Burrell,Pts + Rebs,Over,33.5,-108,52.20%,0.50%,WIN,34.1,45,4.63,51.90%,Wednesday,2026-07
2026-07-22,Rae Burrell,Pts + Rebs,Over,21.5,-125,61.70%,13.90%,WIN,27.7,28,4,55.60%,Wednesday,2026-07
2026-07-22,Rae Burrell,Pts + Rebs,Under,21.5,-110,55.80%,7.20%,LOSS,20,30,-5,52.40%,Wednesday,2026-07
2026-07-22,Rae Burrell,Pts + Rebs,Under,13.5,-106,54.40%,6.00%,LOSS,11.2,19,-5,51.50%,Wednesday,2026-07
2026-07-22,Rae Burrell,Pts + Rebs,Under,19.5,-110,57.80%,11.40%,LOSS,14.1,27,-5,52.40%,Wednesday,2026-07
2026-07-22,Rae Burrell,Pts + Rebs,Under,19.5,-104,54.70%,7.70%,WIN,16.7,15,4.81,51.00%,Wednesday,2026-07
2026-07-22,Rae Burrell,Pts + Rebs,Over,17.5,-130,56.80%,0.50%,LOSS,18.2,11,-5,56.50%,Wednesday,2026-07
2026-07-22,Rae Burrell,Pts + Rebs,Under,30.5,-118,55.30%,2.60%,WIN,29,29,4.24,54.10%,Wednesday,2026-07
2026-07-22,Rae Burrell,Pts + Rebs,Under,16.5,-114,53.00%,-0.60%,LOSS,14.8,23,-5,53.30%,Wednesday,2026-07
2026-07-22,Rae Burrell,Pts + Rebs,Over,22.5,-102,54.60%,8.20%,WIN,26.7,29,4.9,50.50%,Wednesday,2026-07
2026-07-22,Rae Burrell,Pts + Rebs,Under,12.5,-106,53.80%,4.90%,WIN,11.3,9,4.72,51.50%,Wednesday,2026-07
2026-07-22,Rae Burrell,Pts + Rebs,Under,16.5,-104,51.60%,1.20%,WIN,14.5,15,4.81,51.00%,Wednesday,2026-07
2026-07-22,Rae Burrell,Pts + Rebs,Under,11.5,-122,55.60%,1.40%,WIN,10,3,4.1,55.00%,Wednesday,2026-07
2026-07-22,Rae Burrell,Pts + Rebs,Over,14.5,-118,54.30%,0.40%,WIN,15.9,20,4.24,54.10%,Wednesday,2026-07
2026-07-22,Rae Burrell,Pts + Rebs,Over,19.5,-130,58.90%,5.60%,LOSS,22.6,5,-5,56.50%,Wednesday,2026-07
2026-07-22,Rae Burrell,Pts + Rebs,Over,14.5,-125,56.30%,1.70%,WIN,15.1,16,4,55.60%,Wednesday,2026-07
2026-07-22,Rae Burrell,Pts + Rebs,Over,21.5,-122,55.20%,0.60%,WIN,22.1,28,4.1,55.00%,Wednesday,2026-07
2026-07-22,Rae Burrell,Pts + Rebs,Under,25.5,-114,61.30%,17.10%,LOSS,19.2,30,-5,53.30%,Wednesday,2026-07
2026-07-22,Rae Burrell,Pts + Rebs,Under,14.5,-102,52.10%,3.20%,WIN,12.1,7,4.9,50.50%,Wednesday,2026-07
2026-07-22,Rae Burrell,Pts + Rebs,Over,12.5,-118,55.90%,3.90%,LOSS,13.6,7,-5,54.10%,Wednesday,2026-07
2026-07-22,Rae Burrell,Pts + Rebs,Under,18.5,-112,53.90%,2.30%,LOSS,17.1,22,-5,52.80%,Wednesday,2026-07
2026-07-22,Rae Burrell,Pts + Rebs,Over,205,-128,58.10%,4.40%,WIN,22.7,31,3.91,56.10%,Wednesday,2026-07
2026-07-22,Rae Burrell,Pts + Rebs,Under,27.5,-108,56.00%,8.50%,LOSS,24.2,33,-5,51.90%,Wednesday,2026-07
2026-07-22,Rae Burrell,Pts + Rebs,Under,23.5,-121,51.50%,-7.20%,LOSS,22.7,24,-5,54.80%,Wednesday,2026-07
2026-07-22,Rae Burrell,Pts + Rebs,Under,26.5,-125,58.50%,6.60%,WIN,22.8,23,4,55.60%,Wednesday,2026-07
2026-07-22,Rae Burrell,Pts + Rebs,Over,20.5,-112,54.40%,3.40%,LOSS,22.2,15,-5,52.80%,Wednesday,2026-07
2026-07-22,Rae Burrell,Pts + Rebs,Over,20.5,-130,49.60%,-15.80%,WIN,21,23,3.85,56.50%,Wednesday,2026-07
2026-07-22,Rae Burrell,Pts + Rebs,Over,23.5,-118,56.10%,4.40%,WIN,26.5,27,4.24,54.10%,Wednesday,2026-07
2026-07-22,Rae Burrell,Pts + Rebs,Over,23.5,-112,47.40%,-11.60%,LOSS,23.5,22,-5,52.80%,Wednesday,2026-07
2026-07-22,Raven Johnson,Pts + Rebs,Over,8.5,-132,61.50%,10.70%,WIN,12.3,16,3.79,56.90%,Wednesday,2026-07
2026-07-22,Raven Johnson,Pts + Rebs,Under,17.5,-106,52.80%,2.80%,LOSS,15.1,23,-5,51.50%,Wednesday,2026-07
2026-07-22,Raven Johnson,Pts + Rebs,Under,11.5,-120,55.30%,1.60%,WIN,11.3,11,4.17,54.50%,Wednesday,2026-07
2026-07-22,Raven Johnson,Pts + Rebs,Under,12.5,-108,54.20%,4.70%,LOSS,10.4,15,-5,51.90%,Wednesday,2026-07
2026-07-22,Raven Johnson,Pts + Rebs,Under,12.5,-104,53.50%,5.10%,LOSS,10.9,17,-5,51.00%,Wednesday,2026-07
2026-07-22,Raven Johnson,Pts + Rebs,Over,15.5,-122,51.20%,-8.40%,LOSS,15.8,7,-5,55.00%,Wednesday,2026-07
2026-07-22,Raven Johnson,Pts + Rebs,Over,18.5,-122,63.70%,19.50%,WIN,31.1,34,4.1,55.00%,Wednesday,2026-07
2026-07-22,Raven Johnson,Pts + Rebs,Over,13.5,-128,57.10%,2.20%,LOSS,14.1,12,-5,56.10%,Wednesday,2026-07
2026-07-22,Raven Johnson,Pts + Rebs,Over,18.5,-114,57.70%,9.50%,LOSS,22.9,16,-5,53.30%,Wednesday,2026-07
2026-07-22,Raven Johnson,Pts + Rebs,Under,13.5,-120,56.70%,4.80%,WIN,11,13,4.17,54.50%,Wednesday,2026-07
2026-07-22,Raven Johnson,Pts + Rebs,Over,17.5,-106,53.10%,3.40%,LOSS,18.8,14,-5,51.50%,Wednesday,2026-07
2026-07-22,Rebecca Allen,Pts + Rebs,Under,26.5,-114,55.20%,4.20%,WIN,24.7,26,4.39,53.30%,Wednesday,2026-07
2026-07-22,Rebecca Allen,Pts + Rebs,Over,22.5,-106,55.30%,7.90%,LOSS,26.7,16,-5,51.50%,Wednesday,2026-07
2026-07-22,Rebecca Allen,Pts + Rebs,Under,118.5,-114,56.50%,6.90%,WIN,16.2,12,4.39,53.30%,Wednesday,2026-07
2026-07-22,Rebecca Allen,Pts + Rebs,Over,24.5,-110,52.90%,1.10%,WIN,25.4,25,4.55,52.40%,Wednesday,2026-07
2026-07-22,Rhyne Howard,Pts + Rebs,Under,11.5,-132,57.10%,0.40%,WIN,11.2,10,3.79,56.90%,Wednesday,2026-07
2026-07-22,Rhyne Howard,Pts + Rebs,Under,17.5,-128,57.10%,2.10%,LOSS,14.4,23,-5,56.10%,Wednesday,2026-07
2026-07-22,Rhyne Howard,Pts + Rebs,Under,21.5,-130,62.10%,12.80%,LOSS,15.1,33,-5,56.50%,Wednesday,2026-07
2026-07-22,Rhyne Howard,Pts + Rebs,Under,14.5,-110,46.40%,-12.60%,WIN,13.8,5,4.55,52.40%,Wednesday,2026-07
2026-07-22,Rhyne Howard,Pts + Rebs,Under,24.5,-129,57.20%,2.00%,LOSS,23.5,31,-5,56.30%,Wednesday,2026-07
2026-07-22,Rhyne Howard,Pts + Rebs,Over,18.5,-114,47.00%,-13.40%,WIN,19.6,24,4.39,53.30%,Wednesday,2026-07
2026-07-22,Rhyne Howard,Pts + Rebs,Over,10.5,-132,59.90%,6.90%,WIN,13.3,11,3.79,56.90%,Wednesday,2026-07
2026-07-22,Rhyne Howard,Rebs + Asts,Under,12.5,-125,56.40%,1.90%,WIN,11.9,12,4,55.60%,Wednesday,2026-07
2026-07-22,Rhyne Howard,Rebs + Asts,Over,9.5,-146,63.00%,9.00%,WIN,11.8,11,3.42,59.30%,Wednesday,2026-07
2026-07-22,Rhyne Howard,Rebs + Asts,Over,15.5,-132,56.80%,-0.20%,WIN,16.3,26,3.79,56.90%,Wednesday,2026-07
2026-07-22,Rhyne Howard,Rebs + Asts,Over,5.5,-146,61.70%,5.90%,WIN,6,7,3.42,59.30%,Wednesday,2026-07
2026-07-22,Rhyne Howard,Rebs + Asts,Under,6.5,-152,50.40%,-25.10%,LOSS,6.1,9,-5,60.30%,Wednesday,2026-07
2026-07-22,Rhyne Howard,Rebs + Asts,Under,8.5,-130,49.20%,-16.90%,LOSS,8.1,11,-5,56.50%,Wednesday,2026-07
2026-07-22,Rhyne Howard,Rebs + Asts,Under,9.5,-102,51.40%,1.80%,LOSS,8.9,10,-5,50.50%,Wednesday,2026-07
2026-07-22,Rhyne Howard,Rebs + Asts,Over,4.5,-102,57.70%,14.50%,LOSS,4.2,2,-5,50.50%,Wednesday,2026-07
2026-07-22,Rhyne Howard,Rebs + Asts,Under,11.5,-112,61.20%,17.80%,LOSS,9.7,13,-5,52.80%,Wednesday,2026-07
2026-07-22,Rhyne Howard,Rebs + Asts,Over,5.5,-158,63.10%,4.80%,WIN,6,7,3.16,61.20%,Wednesday,2026-07
2026-07-22,Rhyne Howard,Rebs + Asts,Over,11.5,-118,55.30%,2.50%,WIN,12.3,13,4.24,54.10%,Wednesday,2026-07
2026-07-22,Rhyne Howard,Rebs + Asts,Under,8.5,-148,63.70%,10.00%,LOSS,6.9,14,-5,59.70%,Wednesday,2026-07
2026-07-22,Rhyne Howard,Rebs + Asts,Over,6.5,-142,57.50%,-2.90%,LOSS,6.3,6,-5,58.70%,Wednesday,2026-07
2026-07-22,Rhyne Howard,Rebs + Asts,Over,10.5,112,49.60%,4.60%,LOSS,11.4,5,-5,47.20%,Wednesday,2026-07
2026-07-22,Rhyne Howard,Rebs + Asts,Over,8.5,-136,58.60%,2.40%,WIN,10,11,3.68,57.60%,Wednesday,2026-07
2026-07-22,Rhyne Howard,Rebs + Asts,Over,6.5,-125,59.60%,9.10%,WIN,7.2,11,4,55.60%,Wednesday,2026-07
2026-07-22,Rhyne Howard,Rebs + Asts,Under,9.5,102,51.80%,4.60%,LOSS,8.6,15,-5,49.50%,Wednesday,2026-07
2026-07-22,Rhyne Howard,Rebs + Asts,Under,11.5,-127,64.00%,18.30%,WIN,7.7,11,3.94,55.90%,Wednesday,2026-07
2026-07-22,Rhyne Howard,Rebs + Asts,Under,7.5,102,52.00%,5.00%,WIN,6.8,3,5.1,49.50%,Wednesday,2026-07
2026-07-22,Rhyne Howard,Rebs + Asts,Under,7.5,-153,60.80%,0.70%,WIN,7.3,6,3.27,60.50%,Wednesday,2026-07
2026-07-22,Rhyne Howard,Rebs + Asts,Under,8.5,-144,51.30%,-18.70%,LOSS,8.1,10,-5,59.00%,Wednesday,2026-07
2026-07-22,Rhyne Howard,Rebs + Asts,Over,10.5,-102,51.80%,2.50%,WIN,11.3,14,4.9,50.50%,Wednesday,2026-07
2026-07-22,Rhyne Howard,Rebs + Asts,Under,17.5,100,52.20%,4.40%,LOSS,16.6,25,-5,50.00%,Wednesday,2026-07
2026-07-22,Rhyne Howard,Rebs + Asts,Over,10.5,-140,55.50%,-6.70%,WIN,11.4,12,3.57,58.30%,Wednesday,2026-07
2026-07-22,Rhyne Howard,Rebs + Asts,Under,10.5,-144,56.70%,-5.70%,WIN,10.3,10,3.47,59.00%,Wednesday,2026-07
2026-07-22,Rhyne Howard,Rebs + Asts,Under,11.5,-142,64.80%,14.90%,WIN,9.1,10,3.52,58.70%,Wednesday,2026-07
2026-07-22,Rhyne Howard,Rebs + Asts,Under,6.5,-126,46.60%,-20.70%,WIN,6.3,4,3.97,55.80%,Wednesday,2026-07
2026-07-22,Rhyne Howard,Rebs + Asts,Over,5.5,-108,56.30%,9.10%,LOSS,5,3,-5,51.90%,Wednesday,2026-07
2026-07-22,Rhyne Howard,Rebs + Asts,Over,6.5,-141,57.50%,-2.50%,LOSS,6,6,-5,58.50%,Wednesday,2026-07
2026-07-22,Rhyne Howard,Rebs + Asts,Under,6.5,-120,45.60%,-19.70%,WIN,6,3,4.17,54.50%,Wednesday,2026-07
2026-07-22,Rhyne Howard,Rebs + Asts,Under,8.5,108,43.50%,-8.70%,LOSS,8.3,10,-5,48.10%,Wednesday,2026-07
2026-07-22,Rhyne Howard,Rebs + Asts,Over,8.5,-144,60.10%,2.70%,LOSS,10.1,8,-5,59.00%,Wednesday,2026-07
2026-07-22,Rhyne Howard,Rebs + Asts,Over,7.5,-106,57.00%,11.40%,LOSS,8.6,4,-5,51.50%,Wednesday,2026-07
2026-07-22,Rhyne Howard,Rebs + Asts,Under,7.5,-122,56.00%,2.30%,WIN,6.9,5,4.1,55.00%,Wednesday,2026-07
2026-07-22,Rhyne Howard,Rebs + Asts,Under,12.5,-122,60.30%,12.00%,LOSS,10.5,14,-5,55.00%,Wednesday,2026-07
2026-07-22,Rhyne Howard,Rebs + Asts,Over,10.5,-144,51.60%,-18.20%,LOSS,11,9,-5,59.00%,Wednesday,2026-07
2026-07-22,Rhyne Howard,Rebs + Asts,Over,10.5,-138,50.90%,-16.90%,LOSS,11,9,-5,58.00%,Wednesday,2026-07
2026-07-22,Rhyne Howard,Rebs + Asts,Under,9.5,-152,61.00%,1.80%,WIN,8.3,8,3.29,60.30%,Wednesday,2026-07
2026-07-22,Rhyne Howard,Rebs + Asts,Under,7.5,-127,56.70%,1.80%,WIN,5.8,5,3.94,55.90%,Wednesday,2026-07
2026-07-22,Rhyne Howard,Rebs + Asts,Under,12.5,-125,57.60%,4.50%,WIN,11.5,9,4,55.60%,Wednesday,2026-07
2026-07-22,Rhyne Howard,Rebs + Asts,Over,6.5,102,51.70%,4.30%,WIN,6.9,12,5.1,49.50%,Wednesday,2026-07
2026-07-22,Rhyne Howard,Threes,Over,0.5,-158,65.30%,10.40%,WIN,1.3,2,3.16,61.20%,Wednesday,2026-07
2026-07-22,Rhyne Howard,Threes,Over,1.5,178,39.80%,6.00%,LOSS,1.5,0,-5,36.00%,Wednesday,2026-07
2026-07-22,Rhyne Howard,Threes,Under,1.5,-186,69.10%,11.60%,LOSS,0.81,3,-5,65.00%,Wednesday,2026-07
2026-07-22,Rhyne Howard,Threes,Under,1.5,122,49.20%,7.60%,LOSS,1.3,3,-5,45.00%,Wednesday,2026-07
2026-07-22,Rhyne Howard,Threes,Over,1.5,118,53.40%,14.00%,WIN,2.1,2,5.9,45.90%,Wednesday,2026-07
2026-07-22,Rhyne Howard,Threes,Under,2.5,-144,60.70%,4.10%,LOSS,2.1,3,-5,59.00%,Wednesday,2026-07
2026-07-22,Rhyne Howard,Threes,Over,0.5,-205,57.90%,-28.30%,WIN,0.93,2,2.44,67.20%,Wednesday,2026-07
2026-07-22,Rhyne Howard,Threes,Over,2.5,136,45.80%,5.90%,LOSS,3,2,-5,42.40%,Wednesday,2026-07
2026-07-22,Rhyne Howard,Threes,Over,2.5,106,49.80%,2.50%,WIN,3.1,5,5.3,48.50%,Wednesday,2026-07
2026-07-22,Rhyne Howard,Threes,Over,0.5,-120,50.30%,-9.40%,WIN,0.68,1,4.17,54.50%,Wednesday,2026-07
2026-07-22,Rhyne Howard,Threes,Over,1.5,-144,62.00%,7.40%,LOSS,2.2,1,-5,59.00%,Wednesday,2026-07
2026-07-22,Rhyne Howard,Threes,Over,1.5,152,50.50%,17.90%,LOSS,2.3,0,-5,39.70%,Wednesday,2026-07
2026-07-22,Rhyne Howard,Threes,Under,1.5,-188,67.10%,5.20%,WIN,1,1,2.66,65.30%,Wednesday,2026-07
2026-07-22,Rhyne Howard,Threes,Under,0.5,-285,60.10%,-53.40%,WIN,0.16,0,1.75,74.00%,Wednesday,2026-07
2026-07-22,Rhyne Howard,Threes,Under,1.5,-168,55.20%,-20.10%,WIN,1.4,0,2.98,62.70%,Wednesday,2026-07
2026-07-22,Rhyne Howard,Threes,Over,1.5,118,46.50%,1.20%,LOSS,1.7,0,-5,45.90%,Wednesday,2026-07
2026-07-22,Rhyne Howard,Threes,Under,1.5,-158,68.70%,19.20%,LOSS,0.62,2,-5,61.20%,Wednesday,2026-07
2026-07-22,Rhyne Howard,Threes,Over,1.5,-162,63.70%,5.00%,LOSS,2.2,0,-5,61.80%,Wednesday,2026-07
2026-07-22,Rhyne Howard,Threes,Over,1.5,-160,52.20%,-24.20%,WIN,1.8,2,3.13,61.50%,Wednesday,2026-07
2026-07-22,Rhyne Howard,Threes,Over,1.5,-114,46.20%,-15.10%,WIN,1.5,2,4.39,53.30%,Wednesday,2026-07
2026-07-22,Rhyne Howard,Threes,Over,1.5,-198,54.00%,-37.10%,LOSS,1.6,1,-5,66.40%,Wednesday,2026-07
2026-07-22,Rhyne Howard,Threes,Over,2.5,-125,47.30%,-18.50%,WIN,2.7,3,4,55.60%,Wednesday,2026-07
2026-07-22,Rhyne Howard,Threes,Over,2.5,-158,67.10%,15.10%,WIN,3.7,3,3.16,61.20%,Wednesday,2026-07
2026-07-22,Rhyne Howard,Threes,Under,1.5,-132,60.80%,9.00%,LOSS,1.1,2,-5,56.90%,Wednesday,2026-07
2026-07-22,Rhyne Howard,Threes,Over,1.5,140,44.20%,4.30%,WIN,1.8,2,7,41.70%,Wednesday,2026-07
2026-07-22,Rhyne Howard,Threes,Under,1.5,-174,61.60%,-5.20%,LOSS,1.2,2,-5,63.50%,Wednesday,2026-07
2026-07-22,Rhyne Howard,Threes,Under,1.5,-220,58.80%,-31.80%,WIN,1.4,1,2.27,68.80%,Wednesday,2026-07
2026-07-22,Rhyne Howard,Threes,Over,1.5,-210,54.70%,-40.50%,LOSS,1.5,1,-5,67.70%,Wednesday,2026-07
2026-07-22,Rhyne Howard,Threes,Over,1.5,128,44.60%,1.30%,LOSS,1.5,1,-5,43.90%,Wednesday,2026-07
2026-07-22,Rhyne Howard,Threes,Over,1.5,140,52.50%,18.60%,LOSS,2.4,0,-5,41.70%,Wednesday,2026-07
2026-07-22,Rhyne Howard,Threes,Over,1.5,130,52.60%,16.10%,WIN,2.2,4,6.5,43.50%,Wednesday,2026-07
2026-07-22,Rhyne Howard,Threes,Under,1.5,-144,59.90%,2.20%,LOSS,1.2,3,-5,59.00%,Wednesday,2026-07
2026-07-22,Rhyne Howard,Threes,Under,2.5,-166,67.90%,14.70%,LOSS,1.7,5,-5,62.40%,Wednesday,2026-07
2026-07-22,Rhyne Howard,Threes,Under,1.5,-200,57.40%,-27.70%,WIN,1.4,0,2.5,66.70%,Wednesday,2026-07
2026-07-22,Rhyne Howard,Threes,Under,1.5,-172,55.60%,-20.80%,WIN,1.4,1,2.91,63.20%,Wednesday,2026-07
2026-07-22,Rhyne Howard,Threes,Over,1.5,-114,58.30%,10.80%,LOSS,2.2,0,-5,53.30%,Wednesday,2026-07
2026-07-22,Rhyne Howard,Threes,Under,2.5,-198,61.10%,-16.00%,LOSS,2.2,4,-5,66.40%,Wednesday,2026-07
2026-07-28,Rhyne Howard,Assists,Over,3.5,116,47.80%,2.80%,WIN,3.79,4,5.8,46.30%,Tuesday,2026-07
2026-07-28,Rhyne Howard,Assists,Under,3.5,-181,61.20%,-9.00%,WIN,3.17,1,2.76,64.40%,Tuesday,2026-07
2026-07-28,Rhyne Howard,Assists,Under,3.5,-128,57.80%,3.90%,LOSS,2.82,7,-5,56.10%,Tuesday,2026-07
2026-07-28,Rhyne Howard,Assists,Over,8.5,102,51.90%,4.80%,LOSS,9.32,7,-5,49.50%,Tuesday,2026-07
2026-07-28,Rhyne Howard,Assists,Under,6.5,-166,65.80%,9.10%,WIN,5.13,3,3.01,62.40%,Tuesday,2026-07
2026-07-28,Rhyne Howard,Assists,Over,6.5,-114,56.10%,5.90%,WIN,7.74,7,4.39,53.30%,Tuesday,2026-07
2026-07-28,Rhyne Howard,Assists,Over,3.5,-152,63.10%,7.00%,WIN,5.09,4,3.29,60.30%,Tuesday,2026-07
2026-07-28,Rhyne Howard,Assists,Over,2.5,-106,51.80%,0.60%,WIN,2.65,4,4.72,51.50%,Tuesday,2026-07
2026-07-28,Rhyne Howard,Assists,Under,6.5,-158,66.70%,14.10%,LOSS,4.66,9,-5,61.20%,Tuesday,2026-07
2026-07-28,Rhyne Howard,Assists,Under,3.5,-180,64.50%,0.60%,WIN,2.75,2,2.78,64.30%,Tuesday,2026-07
2026-07-28,Rhyne Howard,Assists,Over,6.5,-152,62.00%,4.10%,LOSS,7.84,2,-5,60.30%,Tuesday,2026-07
2026-07-28,Rhyne Howard,Assists,Under,3.5,118,49.00%,5.70%,LOSS,3.17,4,-5,45.90%,Tuesday,2026-07
2026-07-28,Rhyne Howard,Assists,Under,2.5,-116,51.70%,-4.30%,LOSS,2.37,6,-5,53.70%,Tuesday,2026-07
2026-07-28,Rhyne Howard,Assists,Under,5.5,-118,54.40%,0.70%,LOSS,5.44,7,-5,54.10%,Tuesday,2026-07
2026-07-28,Rhyne Howard,Assists,Over,2.5,118,47.60%,3.10%,WIN,2.75,4,5.9,45.90%,Tuesday,2026-07
2026-07-28,Rhyne Howard,Assists,Over,2.5,-111,53.70%,2.20%,LOSS,3.26,2,-5,52.60%,Tuesday,2026-07
2026-07-28,Rhyne Howard,Assists,Under,4.5,-125,54.90%,-1.40%,LOSS,4.29,6,-5,55.60%,Tuesday,2026-07
2026-07-28,Rhyne Howard,Assists,Over,3.5,126,45.60%,2.50%,WIN,3.68,6,6.3,44.20%,Tuesday,2026-07
2026-07-28,Rhyne Howard,Assists,Over,2.5,158,42.10%,5.40%,WIN,2.85,3,7.9,38.80%,Tuesday,2026-07
2026-07-28,Rhyne Howard,Assists,Over,2.5,-129,56.30%,-0.10%,WIN,2.94,4,3.88,56.30%,Tuesday,2026-07
2026-07-28,Rhyne Howard,Assists,Over,4.5,-158,54.00%,-18.80%,LOSS,4.96,4,-5,61.20%,Tuesday,2026-07
2026-07-28,Rhyne Howard,Assists,Under,3.5,-146,60.20%,2.10%,LOSS,2.91,9,-5,59.30%,Tuesday,2026-07
2026-07-28,Rhyne Howard,Assists,Over,6.5,-138,60.00%,4.70%,WIN,7.8,8,3.62,58.00%,Tuesday,2026-07
2026-07-28,Rhyne Howard,Assists,Under,3.5,-154,60.70%,0.20%,WIN,3.2,2,3.25,60.60%,Tuesday,2026-07
2026-07-28,Rhyne Howard,Assists,Over,2.5,-180,57.10%,-20.20%,WIN,2.93,3,2.78,64.30%,Tuesday,2026-07
2026-07-28,Rhyne Howard,Assists,Under,5.5,-172,65.10%,5.10%,LOSS,4.23,6,-5,63.20%,Tuesday,2026-07
2026-07-28,Rhyne Howard,Assists,Over,2.5,115,47.60%,2.10%,LOSS,2.59,1,-5,46.50%,Tuesday,2026-07
2026-07-28,Rhyne Howard,Assists,Over,3.5,-136,50.00%,-18.00%,WIN,3.56,4,3.68,57.60%,Tuesday,2026-07
2026-07-28,Rhyne Howard,P+R+A,Under,40.5,-120,53.60%,-2.20%,LOSS,39.7,46,-5,54.50%,Tuesday,2026-07
2026-07-28,Rhyne Howard,P+R+A,Over,26.5,-122,59.20%,9.50%,LOSS,30.46,14,-5,55.00%,Tuesday,2026-07
2026-07-28,Rhyne Howard,P+R+A,Under,21.5,-112,55.40%,5.40%,WIN,18.83,18,4.46,52.80%,Tuesday,2026-07
2026-07-28,Rhyne Howard,P+R+A,Under,34.5,-118,57.90%,8.20%,LOSS,31.43,40,-5,54.10%,Tuesday,2026-07
2026-07-28,Rhyne Howard,P+R+A,Under,17.5,-129,49.70%,-15.30%,LOSS,18.38,21,-5,56.30%,Tuesday,2026-07
2026-07-28,Rhyne Howard,P+R+A,Over,33.5,-102,52.50%,4.00%,WIN,35.07,43,4.9,50.50%,Tuesday,2026-07
2026-07-28,Rhyne Howard,P+R+A,Under,24.5,-118,60.30%,13.30%,WIN,18.59,14,4.24,54.10%,Tuesday,2026-07
2026-07-28,Rhyne Howard,P+R+A,Over,21.5,-125,49.10%,-14.50%,WIN,22.09,25,4,55.60%,Tuesday,2026-07
2026-07-28,Rhyne Howard,P+R+A,Over,22.5,-110,59.60%,15.10%,LOSS,27.03,13,-5,52.40%,Tuesday,2026-07
2026-07-28,Rhyne Howard,P+R+A,Under,24.5,-114,46.90%,-13.70%,WIN,24.16,18,4.39,53.30%,Tuesday,2026-07
2026-07-28,Rhyne Howard,P+R+A,Under,16.5,-124,48.60%,-15.00%,LOSS,12.68,17,-5,55.40%,Tuesday,2026-07
2026-07-28,Rhyne Howard,P+R+A,Under,22.5,-102,54.40%,7.80%,WIN,19.71,21,4.9,50.50%,Tuesday,2026-07
2026-07-28,Rhyne Howard,P+R+A,Over,28.5,-114,54.10%,1.80%,WIN,30.47,29,4.39,53.30%,Tuesday,2026-07
2026-07-28,Rhyne Howard,P+R+A,Under,26.5,-118,59.90%,12.60%,WIN,23,20,4.24,54.10%,Tuesday,2026-07
2026-07-28,Rhyne Howard,P+R+A,Over,23.5,-114,53.30%,0.10%,LOSS,23.63,23,-5,53.30%,Tuesday,2026-07
2026-07-28,Rhyne Howard,P+R+A,Over,25.5,-130,59.10%,5.90%,WIN,27.69,32,3.85,56.50%,Tuesday,2026-07
2026-07-28,Rhyne Howard,P+R+A,Under,26.5,-112,53.20%,0.70%,LOSS,25.49,39,-5,52.80%,Tuesday,2026-07
2026-07-28,Rhyne Howard,P+R+A,Over,28.5,-122,57.40%,5.50%,LOSS,33.78,24,-5,55.00%,Tuesday,2026-07
2026-07-28,Rhyne Howard,P+R+A,Over,21.5,-122,60.70%,12.80%,WIN,26.01,23,4.1,55.00%,Tuesday,2026-07
2026-07-28,Rhyne Howard,P+R+A,Under,22.5,-102,52.80%,4.60%,LOSS,21.34,43,-5,50.50%,Tuesday,2026-07
2026-07-28,Rhyne Howard,P+R+A,Under,30.5,-125,56.50%,2.10%,LOSS,28.98,34,-5,55.60%,Tuesday,2026-07
2026-07-28,Rhyne Howard,P+R+A,Over,29.5,-102,52.40%,3.80%,WIN,32.65,38,4.9,50.50%,Tuesday,2026-07
2026-07-28,Rhyne Howard,P+R+A,Under,20.5,-114,57.70%,9.40%,LOSS,17.94,30,-5,53.30%,Tuesday,2026-07
2026-07-28,Rhyne Howard,P+R+A,Under,27.5,-112,62.50%,20.60%,LOSS,20.87,40,-5,52.80%,Tuesday,2026-07
2026-07-28,Rhyne Howard,P+R+A,Over,26.5,-108,52.80%,1.80%,LOSS,27.13,24,-5,51.90%,Tuesday,2026-07
2026-07-28,Rhyne Howard,P+R+A,Under,23.5,-118,50.70%,-7.40%,LOSS,23.16,29,-5,54.10%,Tuesday,2026-07
2026-07-28,Rhyne Howard,Points,Over,27.5,-104,53.60%,5.30%,WIN,30.21,28,4.81,51.00%,Tuesday,2026-07
2026-07-28,Rhyne Howard,Points,Over,15.5,100,56.80%,13.60%,LOSS,20.68,11,-5,50.00%,Tuesday,2026-07
2026-07-28,Rhyne Howard,Points,Under,9.5,-104,53.30%,4.60%,LOSS,8.54,21,-5,51.00%,Tuesday,2026-07
2026-07-28,Rhyne Howard,Points,Under,11.5,-130,61.60%,11.80%,LOSS,7.25,16,-5,56.50%,Tuesday,2026-07
2026-07-28,Rhyne Howard,Points,Under,12.5,-130,55.70%,-1.90%,WIN,11.06,11,3.85,56.50%,Tuesday,2026-07
2026-07-28,Rhyne Howard,Points,Over,21.5,-122,46.60%,-18.50%,WIN,21.76,29,4.1,55.00%,Tuesday,2026-07
2026-07-28,Rhyne Howard,Points,Under,12.5,-114,53.90%,1.40%,LOSS,11.67,13,-5,53.30%,Tuesday,2026-07
2026-07-28,Rickea Jackson,Points,Over,20.5,-118,50.20%,-8.70%,WIN,23.2,32,4.24,54.10%,Tuesday,2026-07
2026-07-28,Rickea Jackson,Points,Under,10.5,-110,57.30%,10.30%,LOSS,7.32,11,-5,52.40%,Tuesday,2026-07
2026-07-28,Rickea Jackson,Points,Under,15.5,-110,57.70%,11.10%,WIN,11.17,11,4.55,52.40%,Tuesday,2026-07
2026-07-28,Rickea Jackson,Points,Under,11.5,-114,53.40%,0.30%,LOSS,10.38,17,-5,53.30%,Tuesday,2026-07
2026-07-28,Rickea Jackson,Points,Over,13.5,-115,57.80%,9.30%,LOSS,17.32,5,-5,53.50%,Tuesday,2026-07
2026-07-28,Rickea Jackson,Points,Over,14.5,-106,51.20%,-0.50%,LOSS,15.52,12,-5,51.50%,Tuesday,2026-07
2026-07-28,Rickea Jackson,Points,Under,8.5,100,53.00%,6.00%,LOSS,6.85,12,-5,50.00%,Tuesday,2026-07
2026-07-28,Rickea Jackson,Points,Under,9.5,-140,63.30%,11.90%,WIN,5.08,7,3.57,58.30%,Tuesday,2026-07
2026-07-28,Rickea Jackson,Points,Under,10.5,-106,54.10%,5.40%,LOSS,9.2,17,-5,51.50%,Tuesday,2026-07
2026-07-28,Rickea Jackson,Points,Under,14.5,-130,58.90%,5.40%,LOSS,12.58,16,-5,56.50%,Tuesday,2026-07
2026-07-28,Rickea Jackson,Points,Over,17.5,-102,53.50%,6.00%,WIN,19.57,25,4.9,50.50%,Tuesday,2026-07
2026-07-28,Rickea Jackson,Points,Under,8.5,-135,59.10%,4.00%,WIN,6.45,8,3.7,57.40%,Tuesday,2026-07
2026-07-28,Sabrina Ionescu,Points,Under,9.5,-128,53.90%,-5.10%,LOSS,9.36,11,-5,56.10%,Tuesday,2026-07
2026-07-28,Sabrina Ionescu,Points,Under,14.5,-106,55.50%,8.30%,WIN,12.3,9,4.72,51.50%,Tuesday,2026-07
2026-07-28,Sabrina Ionescu,Points,Under,7.5,-128,55.70%,-1.10%,LOSS,6.95,10,-5,56.10%,Tuesday,2026-07
2026-07-28,Sabrina Ionescu,Points,Over,18.5,-106,53.50%,4.30%,LOSS,20.55,18,-5,51.50%,Tuesday,2026-07
2026-07-28,Sabrina Ionescu,Points,Over,21.5,-113,56.10%,6.50%,WIN,25.13,28,4.42,53.10%,Tuesday,2026-07
2026-07-28,Sabrina Ionescu,Points,Over,13.5,-108,52.60%,1.40%,WIN,14.18,20,4.63,51.90%,Tuesday,2026-07
2026-07-28,Sabrina Ionescu,Points,Under,9.5,-104,52.80%,3.80%,LOSS,9.04,18,-5,51.00%,Tuesday,2026-07
2026-07-28,Sabrina Ionescu,Points,Over,11.5,-130,56.00%,-1.20%,LOSS,12.91,9,-5,56.50%,Tuesday,2026-07
2026-07-28,Sabrina Ionescu,Points,Under,10.5,-135,56.60%,-2.10%,LOSS,9.69,20,-5,57.40%,Tuesday,2026-07
2026-07-28,Sabrina Ionescu,Points,Under,20.5,-125,56.00%,1.00%,LOSS,19.64,25,-5,55.60%,Tuesday,2026-07
2026-07-28,Sabrina Ionescu,Points,Under,8.5,100,51.00%,2.00%,WIN,8.33,6,5,50.00%,Tuesday,2026-07
2026-07-28,Sabrina Ionescu,Points,Over,19.5,-110,57.90%,11.70%,LOSS,25.82,15,-5,52.40%,Tuesday,2026-07
2026-07-28,Sabrina Ionescu,Points,Over,12.5,-113,54.80%,3.70%,WIN,15.24,13,4.42,53.10%,Tuesday,2026-07
2026-07-28,Sabrina Ionescu,Points,Under,15.5,-130,56.80%,0.70%,LOSS,14.12,33,-5,56.50%,Tuesday,2026-07
2026-07-28,Sabrina Ionescu,Points,Under,17.5,-108,49.60%,-4.80%,LOSS,17.49,21,-5,51.90%,Tuesday,2026-07
2026-07-28,Sabrina Ionescu,Points,Over,17.5,-102,55.50%,10.10%,WIN,21.36,24,4.9,50.50%,Tuesday,2026-07
2026-07-28,Sabrina Ionescu,Points,Under,11.5,-118,52.30%,-4.10%,LOSS,10.67,16,-5,54.10%,Tuesday,2026-07
2026-07-28,Sabrina Ionescu,Points,Under,9.5,-130,59.40%,6.60%,WIN,7.26,4,3.85,56.50%,Tuesday,2026-07
2026-07-28,Sabrina Ionescu,Points,Under,14.5,-108,56.40%,9.40%,LOSS,11.39,24,-5,51.90%,Tuesday,2026-07
2026-07-28,Sabrina Ionescu,Points,Under,18.5,-130,64.30%,17.80%,LOSS,11.68,27,-5,56.50%,Tuesday,2026-07
2026-07-28,Sabrina Ionescu,Points,Over,14.5,-110,54.60%,4.70%,WIN,16.87,17,4.55,52.40%,Tuesday,2026-07
2026-07-28,Sabrina Ionescu,Points,Under,16.5,-125,55.90%,0.70%,LOSS,16.37,22,-5,55.60%,Tuesday,2026-07
2026-07-28,Sabrina Ionescu,Points,Over,8.5,102,50.80%,2.60%,WIN,9.48,11,5.1,49.50%,Tuesday,2026-07
2026-07-28,Sabrina Ionescu,Pts + Asts,Under,30.5,-114,53.20%,-0.20%,LOSS,29.88,32,-5,53.30%,Tuesday,2026-07
2026-07-28,Sabrina Ionescu,Pts + Asts,Over,18.5,-114,55.90%,5.50%,LOSS,22.19,12,-5,53.30%,Tuesday,2026-07
2026-07-28,Sabrina Ionescu,Pts + Asts,Under,25.5,-118,56.00%,4.00%,LOSS,24.56,36,-5,54.10%,Tuesday,2026-07
2026-07-28,Sabrina Ionescu,Pts + Asts,Under,14.5,-117,51.30%,-5.80%,LOSS,13.99,17,-5,53.90%,Tuesday,2026-07
2026-07-28,Sabrina Ionescu,Pts + Asts,Over,29.5,-106,52.70%,2.60%,WIN,30.99,39,4.72,51.50%,Tuesday,2026-07
2026-07-28,Sabrina Ionescu,Pts + Asts,Under,22.5,-130,62.70%,14.20%,WIN,15.52,14,3.85,56.50%,Tuesday,2026-07
2026-07-28,Sabrina Ionescu,Pts + Asts,Under,18.5,-125,52.60%,-6.60%,LOSS,18.43,24,-5,55.60%,Tuesday,2026-07
2026-07-28,Sabrina Ionescu,Pts + Asts,Over,17.5,-114,56.60%,7.10%,LOSS,21.65,9,-5,53.30%,Tuesday,2026-07
2026-07-28,Sabrina Ionescu,Pts + Asts,Over,16.5,-132,52.40%,-10.50%,LOSS,17.94,16,-5,56.90%,Tuesday,2026-07
2026-07-28,Sabrina Ionescu,Pts + Asts,Over,10.5,-137,59.40%,3.70%,LOSS,7.22,7,-5,57.80%,Tuesday,2026-07
2026-07-28,Sabrina Ionescu,Pts + Asts,Under,17.5,-128,58.60%,5.70%,LOSS,13.97,26,-5,56.10%,Tuesday,2026-07
2026-07-28,Sabrina Ionescu,Pts + Asts,Under,17.5,-118,56.80%,5.80%,LOSS,14.47,18,-5,54.10%,Tuesday,2026-07
2026-07-28,Sabrina Ionescu,Pts + Asts,Over,24.5,-108,49.30%,-5.40%,WIN,26.72,27,4.63,51.90%,Tuesday,2026-07
2026-07-28,Sabrina Ionescu,Pts + Asts,Under,12.5,-128,48.70%,-16.90%,WIN,9.88,12,3.91,56.10%,Tuesday,2026-07
2026-07-28,Sabrina Ionescu,Pts + Asts,Under,17.5,-107,54.80%,6.40%,WIN,14.62,15,4.67,51.70%,Tuesday,2026-07
2026-07-28,Sabrina Ionescu,Pts + Asts,Under,12.5,-136,53.80%,-9.00%,LOSS,11.39,17,-5,57.60%,Tuesday,2026-07
2026-07-28,Sabrina Ionescu,Pts + Asts,Over,20.5,-114,51.80%,-3.20%,WIN,21.82,22,4.39,53.30%,Tuesday,2026-07
2026-07-28,Sabrina Ionescu,Pts + Asts,Over,24.5,-120,56.20%,3.70%,WIN,27.01,30,4.17,54.50%,Tuesday,2026-07
2026-07-28,Sabrina Ionescu,Pts + Asts,Over,16.5,-120,47.50%,-15.50%,LOSS,16.74,15,-5,54.50%,Tuesday,2026-07
2026-07-28,Sabrina Ionescu,Pts + Asts,Under,24.5,-122,56.40%,3.20%,LOSS,23.22,31,-5,55.00%,Tuesday,2026-07
2026-07-28,Sabrina Ionescu,Pts + Asts,Over,21.5,-118,59.10%,10.70%,LOSS,27.46,18,-5,54.10%,Tuesday,2026-07
2026-07-28,Sabrina Ionescu,Pts + Asts,Over,14.5,-125,58.20%,6.00%,WIN,17.91,17,4,55.60%,Tuesday,2026-07
2026-07-28,Sabrina Ionescu,Pts + Asts,Under,20.5,-125,56.70%,2.60%,LOSS,18.79,37,-5,55.60%,Tuesday,2026-07
2026-07-28,Sabrina Ionescu,Pts + Asts,Under,21.5,-125,54.30%,-2.90%,LOSS,21,30,-5,55.60%,Tuesday,2026-07
2026-07-28,Sabrina Ionescu,Pts + Asts,Over,24.5,-106,55.60%,8.60%,WIN,28.91,32,4.72,51.50%,Tuesday,2026-07
2026-07-28,Sabrina Ionescu,Pts + Asts,Under,12.5,-114,46.50%,-14.40%,WIN,11.18,6,4.39,53.30%,Tuesday,2026-07
2026-07-28,Sabrina Ionescu,Pts + Asts,Under,17.5,-108,55.10%,6.60%,LOSS,14.37,27,-5,51.90%,Tuesday,2026-07
2026-07-28,Sabrina Ionescu,Pts + Asts,Under,23.5,-120,60.40%,12.90%,LOSS,17.22,33,-5,54.50%,Tuesday,2026-07
2026-07-28,Sabrina Ionescu,Pts + Asts,Over,16.5,-126,55.20%,-1.20%,WIN,18.42,18,3.97,55.80%,Tuesday,2026-07
2026-07-28,Sabrina Ionescu,Pts + Asts,Under,20.5,-130,53.70%,-6.60%,LOSS,19.8,26,-5,56.50%,Tuesday,2026-07
2026-07-28,Sabrina Ionescu,Pts + Rebs,Over,36.5,-125,55.70%,0.30%,WIN,37.8,42,4,55.60%,Tuesday,2026-07
2026-07-28,Sabrina Ionescu,Pts + Rebs,Over,23.5,-120,58.40%,8.50%,LOSS,27.18,13,-5,54.50%,Tuesday,2026-07
2026-07-28,Sabrina Ionescu,Pts + Rebs,Under,18.5,-114,55.30%,4.30%,LOSS,16.83,25,-5,53.30%,Tuesday,2026-07
2026-07-28,Sabrina Ionescu,Pts + Rebs,Under,14.5,-130,59.40%,6.60%,LOSS,10.33,21,-5,56.50%,Tuesday,2026-07
2026-07-28,Sabrina Ionescu,Pts + Rebs,Under,18.5,-104,53.10%,4.40%,WIN,17.12,16,4.81,51.00%,Tuesday,2026-07
2026-07-28,Sabrina Ionescu,Pts + Rebs,Under,30.5,-110,53.50%,2.30%,LOSS,29.32,33,-5,52.40%,Tuesday,2026-07
2026-07-28,Sabrina Ionescu,Pts + Rebs,Under,16.5,-132,51.00%,-13.80%,LOSS,15.47,17,-5,56.90%,Tuesday,2026-07
2026-07-28,Sabrina Ionescu,Pts + Rebs,Over,24.5,-114,55.10%,4.00%,WIN,26.4,36,4.39,53.30%,Tuesday,2026-07
2026-07-28,Sabrina Ionescu,Pts + Rebs,Under,16.5,-125,60.30%,10.70%,LOSS,11.42,17,-5,55.60%,Tuesday,2026-07
2026-07-28,Sabrina Ionescu,Pts + Rebs,Under,17.5,-106,55.50%,8.30%,WIN,13.52,11,4.72,51.50%,Tuesday,2026-07
2026-07-28,Sabrina Ionescu,Pts + Rebs,Over,15.5,100,50.50%,1.00%,WIN,16.22,18,5,50.00%,Tuesday,2026-07
2026-07-28,Sabrina Ionescu,Pts + Rebs,Over,18.5,-110,55.50%,6.40%,LOSS,22.2,9,-5,52.40%,Tuesday,2026-07
2026-07-28,Sabrina Ionescu,Pts + Rebs,Over,21.5,-125,52.00%,-8.10%,LOSS,22.18,14,-5,55.60%,Tuesday,2026-07
2026-07-28,Sabrina Ionescu,Pts + Rebs,Under,14.5,-118,57.50%,7.40%,LOSS,10.69,17,-5,54.10%,Tuesday,2026-07
2026-07-28,Sabrina Ionescu,Pts + Rebs,Under,19.5,-110,55.30%,6.10%,WIN,16.87,19,4.55,52.40%,Tuesday,2026-07
2026-07-28,Sabrina Ionescu,Pts + Rebs,Over,21.5,-106,54.70%,6.70%,WIN,24.29,27,4.72,51.50%,Tuesday,2026-07
2026-07-28,Sabrina Ionescu,Pts + Rebs,Under,23.5,-102,52.50%,4.10%,WIN,22.03,14,4.9,50.50%,Tuesday,2026-07
2026-07-28,Sabrina Ionescu,Pts + Rebs,Over,21.5,-108,50.30%,-3.50%,LOSS,21.79,19,-5,51.90%,Tuesday,2026-07
2026-07-28,Sabrina Ionescu,Pts + Rebs,Over,23.5,-124,55.80%,1.10%,WIN,25.61,30,4.03,55.40%,Tuesday,2026-07
2026-07-28,Sabrina Ionescu,Pts + Rebs,Over,22.5,-122,55.50%,1.10%,WIN,23.56,30,4.1,55.00%,Tuesday,2026-07
2026-07-28,Sabrina Ionescu,Pts + Rebs,Under,14.5,-130,56.90%,0.90%,LOSS,11.92,22,-5,56.50%,Tuesday,2026-07
2026-07-28,Sabrina Ionescu,Pts + Rebs,Over,14.5,-128,55.30%,-1.90%,WIN,14.37,30,3.91,56.10%,Tuesday,2026-07
2026-07-28,Sabrina Ionescu,Pts + Rebs,Under,24.5,-124,57.70%,5.30%,LOSS,22.25,33,-5,55.40%,Tuesday,2026-07
2026-07-28,Sabrina Ionescu,Pts + Rebs,Over,26.5,-118,57.60%,7.60%,LOSS,30.79,21,-5,54.10%,Tuesday,2026-07
2026-07-28,Sabrina Ionescu,Pts + Rebs,Over,19.5,-102,52.60%,4.20%,LOSS,22.31,19,-5,50.50%,Tuesday,2026-07
2026-07-28,Sabrina Ionescu,Pts + Rebs,Under,18.5,-121,55.40%,1.50%,LOSS,17.42,39,-5,54.80%,Tuesday,2026-07
2026-07-28,Sabrina Ionescu,Pts + Rebs,Under,26.5,-108,54.20%,4.70%,WIN,25.17,25,4.63,51.90%,Tuesday,2026-07
2026-07-28,Sabrina Ionescu,Pts + Rebs,Over,21.5,-128,62.00%,13.30%,WIN,26.87,30,3.91,56.10%,Tuesday,2026-07
2026-07-28,Sabrina Ionescu,Pts + Rebs,Under,17.5,-102,51.80%,2.60%,LOSS,15.36,22,-5,50.50%,Tuesday,2026-07
2026-07-28,Sabrina Ionescu,Pts + Rebs,Under,17.5,-113,55.50%,5.30%,LOSS,14.47,27,-5,53.10%,Tuesday,2026-07
2026-07-28,Sabrina Ionescu,Pts + Rebs,Under,22.5,-122,61.10%,13.60%,LOSS,16.74,34,-5,55.00%,Tuesday,2026-07
2026-07-28,Sabrina Ionescu,Pts + Rebs,Over,23.5,-128,53.40%,-6.20%,LOSS,24.9,23,-5,56.10%,Tuesday,2026-07
2026-07-28,Sabrina Ionescu,Pts + Rebs,Over,19.5,-114,46.00%,-15.50%,WIN,19.62,25,4.39,53.30%,Tuesday,2026-07
2026-07-28,Sabrina Ionescu,Pts + Rebs,Over,10.5,-113,55.00%,4.20%,WIN,12.01,16,4.42,53.10%,Tuesday,2026-07
2026-07-28,Sabrina Ionescu,Rebs + Asts,Over,12.5,-138,50.60%,-17.70%,WIN,12.7,18,3.62,58.00%,Tuesday,2026-07
2026-07-28,Sabrina Ionescu,Rebs + Asts,Over,11.5,-107,51.40%,-0.60%,LOSS,11.57,3,-5,51.70%,Tuesday,2026-07
2026-07-28,Sabrina Ionescu,Rebs + Asts,Under,12.5,-130,61.30%,11.10%,WIN,10.45,11,3.85,56.50%,Tuesday,2026-07
2026-07-28,Sabrina Ionescu,Rebs + Asts,Under,12.5,-136,54.30%,-7.90%,WIN,12.29,11,3.68,57.60%,Tuesday,2026-07
2026-07-28,Sabrina Ionescu,Rebs + Asts,Under,8.5,-126,57.70%,4.30%,WIN,7.35,3,3.97,55.80%,Tuesday,2026-07
2026-07-28,Sabrina Ionescu,Rebs + Asts,Over,9.5,-152,62.50%,5.40%,LOSS,11.29,8,-5,60.30%,Tuesday,2026-07
2026-07-28,Sabrina Ionescu,Rebs + Asts,Over,8.5,-122,57.10%,4.70%,LOSS,10.01,8,-5,55.00%,Tuesday,2026-07
2026-07-28,Sabrina Ionescu,Rebs + Asts,Under,9.5,108,50.90%,5.40%,WIN,9.12,6,5.4,48.10%,Tuesday,2026-07
2026-07-28,Sabrina Ionescu,Rebs + Asts,Under,6.5,-154,59.20%,-3.70%,LOSS,6.2,10,-5,60.60%,Tuesday,2026-07
2026-07-28,Sabrina Ionescu,Rebs + Asts,Under,8.5,-112,52.20%,-1.40%,WIN,7.94,5,4.46,52.80%,Tuesday,2026-07
2026-07-28,Sabrina Ionescu,Rebs + Asts,Over,10.5,-148,58.30%,-3.50%,LOSS,11.5,4,-5,59.70%,Tuesday,2026-07
2026-07-28,Sabrina Ionescu,Rebs + Asts,Under,11.5,104,50.50%,2.80%,WIN,11.15,11,5.2,49.00%,Tuesday,2026-07
2026-07-28,Sabrina Ionescu,Rebs + Asts,Over,6.5,100,51.80%,3.60%,WIN,6.67,14,5,50.00%,Tuesday,2026-07
2026-07-28,Sabrina Ionescu,Rebs + Asts,Over,9.5,104,46.70%,-4.50%,LOSS,9.77,9,-5,49.00%,Tuesday,2026-07
2026-07-28,Sabrina Ionescu,Rebs + Asts,Over,9.5,102,49.20%,-0.70%,WIN,9.91,10,5.1,49.50%,Tuesday,2026-07
2026-07-28,Sabrina Ionescu,Rebs + Asts,Under,7.5,101,46.40%,-6.70%,LOSS,7,10,-5,49.80%,Tuesday,2026-07
2026-07-28,Sabrina Ionescu,Rebs + Asts,Under,12.5,-132,59.60%,6.30%,LOSS,11.05,13,-5,56.90%,Tuesday,2026-07
2026-07-28,Sabrina Ionescu,Rebs + Asts,Under,11.5,-108,52.80%,1.70%,LOSS,11.11,14,-5,51.90%,Tuesday,2026-07
2026-07-28,Sabrina Ionescu,Rebs + Asts,Over,5.5,-120,58.00%,7.60%,WIN,5.37,6,4.17,54.50%,Tuesday,2026-07
2026-07-28,Sabrina Ionescu,Rebs + Asts,Under,9.5,-138,58.60%,1.60%,LOSS,8.41,13,-5,58.00%,Tuesday,2026-07
2026-07-28,Sabrina Ionescu,Rebs + Asts,Under,11.5,-106,52.30%,1.70%,WIN,11.14,7,4.72,51.50%,Tuesday,2026-07
2026-07-28,Sabrina Ionescu,Rebs + Asts,Under,7.5,-158,50.90%,-26.60%,WIN,7.46,7,3.16,61.20%,Tuesday,2026-07
2026-07-28,Sabrina Ionescu,Threes,Over,0.5,-158,68.10%,17.60%,WIN,1.64,1,3.16,61.20%,Tuesday,2026-07
2026-07-28,Sabrina Ionescu,Threes,Under,1.5,-245,61.20%,-33.90%,WIN,1.3,1,2.04,71.00%,Tuesday,2026-07
2026-07-28,Sabrina Ionescu,Threes,Under,1.5,-168,65.00%,6.20%,LOSS,0.94,2,-5,62.70%,Tuesday,2026-07
2026-07-28,Sabrina Ionescu,Threes,Over,1.5,-114,53.70%,0.80%,LOSS,1.78,1,-5,53.30%,Tuesday,2026-07
2026-07-28,Sabrina Ionescu,Threes,Under,2.5,-220,61.00%,-24.70%,LOSS,2.29,3,-5,68.80%,Tuesday,2026-07
2026-07-28,Sabrina Ionescu,Threes,Over,2.5,108,50.10%,3.80%,WIN,2.96,4,5.4,48.10%,Tuesday,2026-07
2026-07-28,Sabrina Ionescu,Threes,Over,0.5,-143,52.90%,-14.60%,WIN,0.7,1,3.5,58.80%,Tuesday,2026-07
2026-07-28,Sabrina Ionescu,Threes,Over,1.5,-130,58.30%,4.10%,WIN,2.07,2,3.85,56.50%,Tuesday,2026-07
2026-07-28,Saniya Rivers,Threes,Over,1.5,194,41.80%,11.80%,LOSS,1.76,1,-5,34.00%,Tuesday,2026-07
2026-07-28,Saniya Rivers,Threes,Under,1.5,-270,75.80%,10.50%,WIN,0.51,1,1.85,73.00%,Tuesday,2026-07
2026-07-28,Saniya Rivers,Threes,Under,1.5,-220,61.90%,-22.00%,LOSS,1.2,4,-5,68.80%,Tuesday,2026-07
2026-07-28,Saniya Rivers,Threes,Over,1.5,152,43.60%,6.50%,LOSS,1.66,0,-5,39.70%,Tuesday,2026-07
2026-07-28,Saniya Rivers,Threes,Over,1.5,-188,62.00%,-9.60%,WIN,2.02,2,2.66,65.30%,Tuesday,2026-07
2026-07-28,Saniya Rivers,Threes,Over,1.5,-158,61.30%,0.10%,WIN,2.06,3,3.16,61.20%,Tuesday,2026-07
2026-07-28,Saniya Rivers,Threes,Under,1.5,104,55.00%,11.80%,WIN,1.52,1,5.2,49.00%,Tuesday,2026-07
2026-07-28,Saniya Rivers,Threes,Over,2.5,-128,50.90%,-12.00%,WIN,2.71,4,3.91,56.10%,Tuesday,2026-07
2026-07-28,Saniya Rivers,Threes,Over,2.5,-158,66.10%,12.50%,WIN,3.51,4,3.16,61.20%,Tuesday,2026-07
2026-07-28,Saniya Rivers,Threes,Over,1.5,108,51.90%,7.40%,WIN,1.85,4,5.4,48.10%,Tuesday,2026-07
2026-07-28,Saniya Rivers,Threes,Over,2.5,-154,54.60%,-15.30%,WIN,3.22,3,3.25,60.60%,Tuesday,2026-07
2026-07-28,Saniya Rivers,Threes,Over,2.5,-138,61.80%,9.10%,WIN,3.23,3,3.62,58.00%,Tuesday,2026-07
2026-07-28,Saniya Rivers,Threes,Under,1.5,-186,66.20%,3.20%,WIN,1.03,1,2.69,65.00%,Tuesday,2026-07
2026-07-28,Saniya Rivers,Threes,Over,1.5,152,50.80%,18.40%,LOSS,2.3,0,-5,39.70%,Tuesday,2026-07
2026-07-28,Saniya Rivers,Threes,Under,1.5,116,52.00%,10.60%,LOSS,1.44,6,-5,46.30%,Tuesday,2026-07
2026-07-28,Saniya Rivers,Threes,Under,1.5,-144,60.00%,2.40%,LOSS,1.56,3,-5,59.00%,Tuesday,2026-07
2026-07-28,Saniya Rivers,Threes,Over,1.5,138,52.30%,17.70%,WIN,2.3,4,6.9,42.00%,Tuesday,2026-07
2026-07-28,Saniya Rivers,Threes,Under,1.5,-144,61.70%,6.50%,LOSS,1.14,4,-5,59.00%,Tuesday,2026-07
2026-07-28,Saniya Rivers,Threes,Under,2.5,-146,62.10%,6.80%,LOSS,2.04,5,-5,59.30%,Tuesday,2026-07
2026-07-28,Saniya Rivers,Threes,Under,1.5,-186,59.00%,-17.30%,LOSS,1.4,2,-5,65.00%,Tuesday,2026-07
2026-07-28,Saniya Rivers,Threes,Over,1.5,100,56.90%,13.80%,WIN,2.29,3,5,50.00%,Tuesday,2026-07
2026-07-29,Saniya Rivers,Assists,Over,2.5,102,51.10%,3.20%,LOSS,3.2,2,-5,49.50%,Wednesday,2026-07
2026-07-29,Saniya Rivers,Assists,Over,2.5,112,51.40%,8.00%,WIN,3.7,4,5.6,47.20%,Wednesday,2026-07
2026-07-29,Saniya Rivers,Assists,Over,2.5,-156,63.40%,6.40%,WIN,3.9,5,3.21,60.90%,Wednesday,2026-07
2026-07-29,Saniya Rivers,Assists,Over,4.5,-162,61.20%,-1.70%,WIN,5.54,5,3.09,61.80%,Wednesday,2026-07
2026-07-29,Saniya Rivers,Assists,Over,7.5,-154,61.00%,0.90%,WIN,8.38,8,3.25,60.60%,Wednesday,2026-07
2026-07-29,Saniya Rivers,Assists,Over,2.5,-102,50.70%,0.40%,LOSS,2.56,1,-5,50.50%,Wednesday,2026-07
2026-07-29,Saniya Rivers,Assists,Over,5.5,-154,62.60%,5.00%,WIN,7.13,6,3.25,60.60%,Wednesday,2026-07
2026-07-29,Saniya Rivers,Assists,Over,3.5,-110,53.70%,2.70%,WIN,3.99,5,4.55,52.40%,Wednesday,2026-07
2026-07-29,Saniya Rivers,Assists,Over,6.5,-110,52.20%,-0.30%,LOSS,6.98,5,-5,52.40%,Wednesday,2026-07
2026-07-29,Saniya Rivers,P+R+A,Over,25.5,-102,53.00%,5.00%,WIN,26.76,27,4.9,50.50%,Wednesday,2026-07
2026-07-29,Saniya Rivers,P+R+A,Over,30.5,-106,51.50%,0.10%,WIN,32.08,38,4.72,51.50%,Wednesday,2026-07
2026-07-29,Saniya Rivers,P+R+A,Over,19.5,-114,54.50%,2.60%,WIN,21.21,35,4.39,53.30%,Wednesday,2026-07
2026-07-29,Saniya Rivers,P+R+A,Over,17.5,-118,56.30%,4.80%,WIN,20.2,25,4.24,54.10%,Wednesday,2026-07
2026-07-29,Saniya Rivers,P+R+A,Under,16.5,-110,48.60%,-7.90%,LOSS,16.22,30,-5,52.40%,Wednesday,2026-07
2026-07-29,Saniya Rivers,P+R+A,Under,31.5,-102,55.10%,9.40%,LOSS,28.59,35,-5,50.50%,Wednesday,2026-07
2026-07-29,Saniya Rivers,P+R+A,Over,23.5,-118,54.60%,1.00%,LOSS,23.88,17,-5,54.10%,Wednesday,2026-07
2026-07-29,Saniya Rivers,P+R+A,Under,23.5,-114,56.20%,6.20%,LOSS,21.63,35,-5,53.30%,Wednesday,2026-07
2026-07-29,Sarah Ashlee Baker,P+R+A,Under,14.5,-125,45.60%,-22.40%,WIN,12.37,1,4,55.60%,Wednesday,2026-07
2026-07-29,Sarah Ashlee Baker,P+R+A,Over,30.5,-104,49.40%,-3.20%,LOSS,31.47,26,-5,51.00%,Wednesday,2026-07
2026-07-29,Sarah Ashlee Baker,P+R+A,Over,25.5,-108,55.50%,7.40%,LOSS,27.49,19,-5,51.90%,Wednesday,2026-07
2026-07-29,Sarah Ashlee Barker,P+R+A,Over,22.5,-122,53.20%,-3.90%,WIN,22.92,23,4.1,55.00%,Wednesday,2026-07
2026-07-29,Sarah Ashlee Barker,Points,Over,19.5,-104,51.80%,1.70%,WIN,20.45,25,4.81,51.00%,Wednesday,2026-07
2026-07-29,Sarah Ashlee Barker,Points,Over,15.5,-113,53.20%,0.30%,WIN,16.8,22,4.42,53.10%,Wednesday,2026-07
2026-07-29,Sarah Ashlee Barker,Points,Over,13.5,-125,54.80%,-1.70%,WIN,14.15,24,4,55.60%,Wednesday,2026-07
2026-07-29,Sarah Ashlee Barker,Points,Over,13.5,-104,52.50%,3.10%,WIN,15.5,20,4.81,51.00%,Wednesday,2026-07
2026-07-29,Sarah Ashlee Barker,Points,Over,8.5,-130,56.70%,0.50%,WIN,9.62,17,3.85,56.50%,Wednesday,2026-07
2026-07-29,Sarah Ashlee Barker,Points,Over,12.5,-102,51.50%,2.00%,WIN,13.67,13,4.9,50.50%,Wednesday,2026-07
2026-07-29,Sarah Ashlee Barker,Points,Under,14.5,-118,56.50%,5.20%,LOSS,12.83,16,-5,54.10%,Wednesday,2026-07
2026-07-29,Sarah Ashlee Barker,Points,Over,11.5,-114,56.30%,6.50%,LOSS,14.64,3,-5,53.30%,Wednesday,2026-07
2026-07-29,Sarah Ashlee Barker,Points,Under,17.5,-106,51.80%,0.70%,LOSS,17.28,27,-5,51.50%,Wednesday,2026-07
2026-07-29,Sarah Ashlee Barker,Points,Under,9.5,-135,58.90%,3.30%,WIN,8.02,4,3.7,57.40%,Wednesday,2026-07
2026-07-29,Sarah Ashlee Barker,Points,Over,9.5,-114,54.80%,3.30%,LOSS,10.78,6,-5,53.30%,Wednesday,2026-07
2026-07-29,Sarah Ashlee Barker,Points,Under,9.5,-125,59.00%,7.70%,WIN,6.84,0,4,55.60%,Wednesday,2026-07
2026-07-29,Sarah Ashlee Barker,Points,Over,19.5,-130,56.30%,-0.50%,LOSS,21.94,16,-5,56.50%,Wednesday,2026-07
2026-07-29,Sarah Ashlee Barker,Points,Over,17.5,-114,55.20%,4.10%,LOSS,19.36,9,-5,53.30%,Wednesday,2026-07
2026-07-29,Sarah Ashlee Barker,Points,Under,12.5,-120,54.70%,0.40%,LOSS,11.14,15,-5,54.50%,Wednesday,2026-07
2026-07-29,Sarah Ashlee Barker,Pts + Asts,Over,21.5,-127,56.80%,1.90%,WIN,23.35,27,3.94,55.90%,Wednesday,2026-07
2026-07-29,Sarah Ashlee Barker,Pts + Asts,Over,17.5,-117,56.60%,5.80%,WIN,19.8,26,4.27,53.90%,Wednesday,2026-07
2026-07-29,Sarah Ashlee Barker,Pts + Asts,Over,16.5,-130,54.80%,-4.00%,WIN,18.34,29,3.85,56.50%,Wednesday,2026-07
2026-07-29,Sarah Ashlee Barker,Pts + Asts,Over,14.5,-127,58.40%,5.50%,WIN,17.58,22,3.94,55.90%,Wednesday,2026-07
2026-07-29,Sarah Ashlee Barker,Pts + Asts,Over,10.5,-126,57.70%,4.50%,WIN,10.86,20,3.97,55.80%,Wednesday,2026-07
2026-07-29,Sarah Ashlee Barker,Pts + Asts,Under,19.5,-110,53.30%,2.00%,LOSS,17.91,21,-5,52.40%,Wednesday,2026-07
2026-07-29,Sarah Ashlee Barker,Pts + Asts,Over,19.5,-128,56.30%,0.30%,LOSS,21.21,11,-5,56.10%,Wednesday,2026-07
2026-07-29,Sarah Ashlee Barker,Pts + Asts,Under,20.5,-125,56.50%,2.20%,LOSS,18.91,31,-5,55.60%,Wednesday,2026-07
2026-07-29,Sarah Ashlee Barker,Pts + Asts,Over,11.5,-121,55.80%,2.30%,LOSS,9.51,1,-5,54.80%,Wednesday,2026-07
2026-07-29,Sarah Ashlee Barker,Pts + Asts,Over,26.5,-102,51.60%,2.30%,LOSS,27.67,22,-5,50.50%,Wednesday,2026-07
2026-07-29,Sarah Ashlee Barker,Pts + Asts,Over,21.5,-102,53.30%,5.70%,LOSS,24.41,14,-5,50.50%,Wednesday,2026-07
2026-07-29,Sarah Ashlee Barker,Pts + Asts,Under,19.5,-130,54.00%,-5.90%,LOSS,19.07,20,-5,56.50%,Wednesday,2026-07
2026-07-29,Sarah Ashlee Barker,Pts + Rebs,Over,22.5,-115,54.40%,1.90%,WIN,23.85,25,4.35,53.50%,Wednesday,2026-07
2026-07-29,Sarah Ashlee Barker,Pts + Rebs,Over,27.5,-114,52.70%,-1.30%,WIN,28.97,34,4.39,53.30%,Wednesday,2026-07
2026-07-29,Sarah Ashlee Barker,Pts + Rebs,Over,16.5,-119,55.40%,2.40%,WIN,17.87,30,4.2,54.30%,Wednesday,2026-07
2026-07-29,Sarah Ashlee Barker,Pts + Rebs,Over,14.5,-121,56.30%,3.50%,WIN,17.23,23,4.13,54.80%,Wednesday,2026-07
2026-07-29,Sarah Ashlee Barker,Pts + Rebs,Over,13.5,-110,58.00%,11.70%,WIN,18.73,18,4.55,52.40%,Wednesday,2026-07
2026-07-29,Sarah Ashlee Barker,Pts + Rebs,Under,14.5,-106,47.20%,-8.80%,LOSS,13.99,27,-5,51.50%,Wednesday,2026-07
2026-07-29,Sarah Ashlee Barker,Pts + Rebs,Over,16.5,-102,52.30%,3.60%,LOSS,17.81,15,-5,50.50%,Wednesday,2026-07
2026-07-29,Sarah Ashlee Barker,Pts + Rebs,Under,26.5,-108,54.70%,5.80%,LOSS,24.29,30,-5,51.90%,Wednesday,2026-07
2026-07-29,Sarah Ashlee Barker,Pts + Rebs,Over,15.5,-108,54.20%,4.70%,LOSS,17.52,9,-5,51.90%,Wednesday,2026-07
2026-07-29,Sarah Ashlee Barker,Pts + Rebs,Under,21.5,-128,50.90%,-12.00%,LOSS,21.3,31,-5,56.10%,Wednesday,2026-07
2026-07-29,Sarah Ashlee Barker,Pts + Rebs,Over,14.5,-118,55.20%,2.30%,LOSS,16.52,14,-5,54.10%,Wednesday,2026-07
2026-07-29,Sarah Ashlee Barker,Pts + Rebs,Under,11.5,-122,55.70%,1.70%,WIN,10,0,4.1,55.00%,Wednesday,2026-07
2026-07-29,Sarah Ashlee Barker,Pts + Rebs,Over,23.5,-102,49.80%,-1.40%,LOSS,25.44,20,-5,50.50%,Wednesday,2026-07
2026-07-29,Sarah Ashlee Barker,Pts + Rebs,Over,21.5,-114,55.00%,3.60%,LOSS,23.14,14,-5,53.30%,Wednesday,2026-07
2026-07-29,Sarah Ashlee Barker,Pts + Rebs,Under,15.5,-102,45.50%,-10.10%,LOSS,15.46,18,-5,50.50%,Wednesday,2026-07
2026-07-29,Sarah Ashlee Barker,Rebs + Asts,Over,14.5,-107,55.10%,7.20%,WIN,16.2,16,4.67,51.70%,Wednesday,2026-07
2026-07-29,Sarah Ashlee Barker,Rebs + Asts,Under,7.5,-134,57.80%,1.20%,LOSS,6.53,13,-5,57.30%,Wednesday,2026-07
2026-07-29,Sarah Ashlee Barker,Rebs + Asts,Under,17.5,-122,55.60%,1.50%,LOSS,16.63,19,-5,55.00%,Wednesday,2026-07
2026-07-29,Sarah Ashlee Barker,Rebs + Asts,Under,11.5,104,50.10%,2.00%,LOSS,11.26,14,-5,49.00%,Wednesday,2026-07
2026-07-29,Sarah Ashlee Barker,Rebs + Asts,Over,9.5,-146,60.90%,3.80%,WIN,10.85,10,3.42,59.30%,Wednesday,2026-07
2026-07-29,Sarah Ashlee Barker,Rebs + Asts,Under,7.5,-112,45.30%,-15.90%,LOSS,7.29,10,-5,52.80%,Wednesday,2026-07
2026-07-29,Sarah Ashlee Barker,Rebs + Asts,Over,10.5,110,49.00%,2.60%,LOSS,10.99,8,-5,47.60%,Wednesday,2026-07
2026-07-29,Sarah Ashlee Barker,Threes,Over,1.5,-166,54.30%,-21.60%,LOSS,1.74,0,-5,62.40%,Wednesday,2026-07
2026-07-29,Sarah Ashlee Barker,Threes,Over,1.5,-146,49.40%,-24.50%,LOSS,1.61,1,-5,59.30%,Wednesday,2026-07
2026-07-29,Sarah Ashlee Barker,Threes,Over,2.5,148,44.10%,6.30%,LOSS,2.59,2,-5,40.30%,Wednesday,2026-07
2026-07-29,Sarah Ashlee Barker,Threes,Over,1.5,198,43.90%,15.60%,WIN,1.88,3,9.9,33.60%,Wednesday,2026-07
2026-07-29,Sarah Ashlee Barker,Threes,Under,1.5,-205,67.50%,1.00%,LOSS,0.96,2,-5,67.20%,Wednesday,2026-07
2026-07-29,Sarah Ashlee Barker,Threes,Over,2.5,142,46.00%,7.90%,LOSS,2.95,2,-5,41.30%,Wednesday,2026-07
2026-07-29,Sarah Ashlee Barker,Threes,Under,1.5,-240,69.60%,-3.50%,WIN,0.89,0,2.08,70.60%,Wednesday,2026-07
2026-07-29,Sarah Ashlee Barker,Threes,Under,1.5,116,53.90%,14.20%,LOSS,1.15,3,-5,46.30%,Wednesday,2026-07
2026-07-29,Sarah Ashlee Barker,Threes,Over,1.5,-112,62.80%,21.10%,WIN,2.64,2,4.46,52.80%,Wednesday,2026-07
2026-07-29,Sarah Ashlee Barker,Threes,Under,1.5,-205,66.90%,-0.90%,WIN,1.12,0,2.44,67.20%,Wednesday,2026-07
2026-07-29,Sarah Ashlee Barker,Threes,Over,1.5,108,52.70%,9.00%,LOSS,2.13,1,-5,48.10%,Wednesday,2026-07
2026-07-29,Sarah Ashlee Barker,Threes,Over,2.5,-182,76.70%,34.20%,LOSS,5.13,1,-5,64.50%,Wednesday,2026-07
2026-07-29,Sarah Ashlee Barker,Threes,Over,1.5,152,48.00%,13.90%,WIN,1.94,2,7.6,39.70%,Wednesday,2026-07
2026-07-30,Sarah Ashlee Barker,Assists,Over,3.5,116,46.90%,1.10%,WIN,3.6,6,5.8,46.30%,Thursday,2026-07
2026-07-30,Sarah Ashlee Barker,Assists,Under,3.5,-148,60.90%,3.10%,WIN,2.7,1,3.38,59.70%,Thursday,2026-07
2026-07-30,Satou Sabally,Assists,Under,4.5,-138,55.60%,-5.80%,WIN,4.21,2,3.62,58.00%,Thursday,2026-07
2026-07-30,Satou Sabally,Assists,Over,6.5,-140,55.90%,-5.80%,LOSS,7.42,4,-5,58.30%,Thursday,2026-07
2026-07-30,Satou Sabally,Assists,Over,4.5,102,52.70%,6.40%,WIN,5.79,6,5.1,49.50%,Thursday,2026-07
2026-07-30,Satou Sabally,Assists,Under,4.5,-180,56.40%,-22.20%,LOSS,4.39,5,-5,64.30%,Thursday,2026-07
2026-07-30,Satou Sabally,Assists,Over,6.5,-154,57.50%,-8.00%,WIN,7.61,9,3.25,60.60%,Thursday,2026-07
2026-07-30,Satou Sabally,Assists,Under,2.5,-162,62.20%,1.00%,LOSS,2.28,5,-5,61.80%,Thursday,2026-07
2026-07-30,Satou Sabally,Assists,Over,5.5,-125,50.70%,-10.80%,WIN,5.75,6,4,55.60%,Thursday,2026-07
2026-07-30,Satou Sabally,Assists,Over,2.5,108,49.60%,3.00%,WIN,2.89,3,5.4,48.10%,Thursday,2026-07
2026-07-30,Satou Sabally,Assists,Under,4.5,-144,53.90%,-12.40%,LOSS,4.43,6,-5,59.00%,Thursday,2026-07
2026-07-30,Satou Sabally,Assists,Over,3.5,-140,56.40%,-4.60%,WIN,3.89,4,3.57,58.30%,Thursday,2026-07
2026-07-30,Satou Sabally,Assists,Over,2.5,108,49.50%,2.70%,LOSS,2.82,2,-5,48.10%,Thursday,2026-07
2026-07-30,Satou Sabally,Assists,Under,6.5,-158,66.70%,14.20%,WIN,4.56,5,3.16,61.20%,Thursday,2026-07
2026-07-30,Serah Williams,Assists,Over,2.5,-140,56.60%,-4.20%,WIN,2.96,4,3.57,58.30%,Thursday,2026-07
2026-07-30,Serah Williams,Assists,Under,7.5,-132,57.40%,1.20%,WIN,7.61,0,3.79,56.90%,Thursday,2026-07
2026-07-30,Shakira Austin,Assists,Under,2.5,-140,59.40%,2.60%,WIN,1.99,1,3.57,58.30%,Thursday,2026-07
2026-07-30,Shakira Austin,Assists,Under,3.5,-188,61.50%,-11.00%,LOSS,3.15,4,-5,65.30%,Thursday,2026-07
2026-07-30,Shakira Austin,Assists,Under,5.5,-132,61.70%,11.10%,WIN,3.82,5,3.79,56.90%,Thursday,2026-07
2026-07-30,Shakira Austin,P+R+A,Over,39.5,-106,53.30%,3.70%,WIN,41.14,49,4.72,51.50%,Thursday,2026-07
2026-07-30,Shakira Austin,P+R+A,Under,24.5,-116,62.30%,18.50%,LOSS,17.56,30,-5,53.70%,Thursday,2026-07
2026-07-30,Shakira Austin,P+R+A,Under,32.5,-112,55.50%,5.60%,LOSS,31.37,38,-5,52.80%,Thursday,2026-07
2026-07-30,Shakira Austin,P+R+A,Over,13.5,-132,60.20%,7.70%,LOSS,12.74,13,-5,56.90%,Thursday,2026-07
2026-07-30,Shakira Austin,P+R+A,Under,22.5,-122,55.40%,1.00%,LOSS,21.71,23,-5,55.00%,Thursday,2026-07
2026-07-30,Shakira Austin,P+R+A,Over,14.5,-128,57.70%,3.40%,WIN,16.84,17,3.91,56.10%,Thursday,2026-07
2026-07-30,Shakira Austin,P+R+A,Over,19.5,100,59.00%,17.90%,WIN,26.94,24,5,50.00%,Thursday,2026-07
2026-07-30,Shakira Austin,P+R+A,Over,29.5,-110,49.30%,-6.50%,WIN,30.49,40,4.55,52.40%,Thursday,2026-07
2026-07-30,Shakira Austin,P+R+A,Under,25.5,-125,61.90%,14.30%,WIN,21.29,20,4,55.60%,Thursday,2026-07
2026-07-30,Shakira Austin,P+R+A,Under,16.5,-108,48.60%,-6.80%,WIN,15.39,8,4.63,51.90%,Thursday,2026-07
2026-07-30,Shakira Austin,P+R+A,Under,24.5,-102,47.00%,-7.00%,LOSS,24.14,33,-5,50.50%,Thursday,2026-07
2026-07-30,Shakira Austin,P+R+A,Over,23.5,-125,58.20%,6.00%,LOSS,24.48,16,-5,55.60%,Thursday,2026-07
2026-07-30,Shakira Austin,P+R+A,Under,19.5,-125,51.60%,-8.80%,LOSS,18.78,23,-5,55.60%,Thursday,2026-07
2026-07-30,Shakira Austin,P+R+A,Under,18.5,-128,57.60%,3.20%,WIN,17.35,9,3.91,56.10%,Thursday,2026-07
2026-07-30,Shakira Austin,P+R+A,Under,28.5,-108,55.40%,7.20%,WIN,26.22,23,4.63,51.90%,Thursday,2026-07
2026-07-30,Shakira Austin,P+R+A,Under,16.5,-119,48.60%,-12.50%,WIN,14.68,12,4.2,54.30%,Thursday,2026-07
2026-07-30,Shakira Austin,P+R+A,Over,28.5,-122,56.70%,3.80%,LOSS,32.13,23,-5,55.00%,Thursday,2026-07
2026-07-30,Shakira Austin,P+R+A,Under,21.5,-108,54.90%,6.20%,WIN,18.56,16,4.63,51.90%,Thursday,2026-07
2026-07-30,Shakira Austin,P+R+A,Over,21.5,-114,59.20%,12.70%,LOSS,25.77,21,-5,53.30%,Thursday,2026-07
2026-07-30,Shakira Austin,P+R+A,Over,30.5,-114,52.60%,-1.50%,LOSS,32.75,19,-5,53.30%,Thursday,2026-07
2026-07-30,Shakira Austin,P+R+A,Under,20.5,-102,52.40%,3.90%,LOSS,18.04,28,-5,50.50%,Thursday,2026-07
2026-07-30,Shakira Austin,P+R+A,Over,13.5,-130,60.00%,7.90%,WIN,10.87,24,3.85,56.50%,Thursday,2026-07
2026-07-30,Shakira Austin,P+R+A,Under,28.5,-112,63.00%,21.50%,WIN,21.51,24,4.46,52.80%,Thursday,2026-07
2026-07-30,Shakira Austin,P+R+A,Under,21.5,-130,59.60%,7.10%,LOSS,18.09,22,-5,56.50%,Thursday,2026-07
2026-07-30,Shakira Austin,Points,Over,25.5,-122,58.20%,7.10%,WIN,29.75,33,4.1,55.00%,Thursday,2026-07
2026-07-30,Shakira Austin,Points,Under,13.5,100,56.00%,11.90%,LOSS,8.48,21,-5,50.00%,Thursday,2026-07
2026-07-30,Shakira Austin,Points,Under,20.5,-102,51.50%,2.00%,LOSS,20.18,26,-5,50.50%,Thursday,2026-07
2026-07-30,Shakira Austin,Points,Over,6.5,-108,50.80%,-2.40%,WIN,7.17,10,4.63,51.90%,Thursday,2026-07
2026-07-30,Shakira Austin,Points,Under,11.5,-102,51.10%,1.20%,LOSS,10.5,16,-5,50.50%,Thursday,2026-07
2026-07-30,Shakira Austin,Points,Over,7.5,-130,52.50%,-9.20%,LOSS,7.84,6,-5,56.50%,Thursday,2026-07
2026-07-30,Shakira Austin,Points,Over,11.5,-106,57.30%,12.10%,WIN,17.05,16,4.72,51.50%,Thursday,2026-07
2026-07-30,Shakira Austin,Points,Under,8.5,-102,53.50%,6.00%,LOSS,6.72,14,-5,50.50%,Thursday,2026-07
2026-07-30,Shakira Austin,Points,Over,17.5,-120,57.00%,5.40%,WIN,19.69,29,4.17,54.50%,Thursday,2026-07
2026-07-30,Shakira Austin,Points,Over,8.5,-122,53.50%,-3.30%,LOSS,9.34,6,-5,55.00%,Thursday,2026-07
2026-07-30,Shakira Austin,Points,Under,13.5,-114,56.00%,5.90%,WIN,10.7,8,4.39,53.30%,Thursday,2026-07
2026-07-30,Shakira Austin,Points,Under,7.5,-114,54.70%,3.00%,WIN,6.07,0,4.39,53.30%,Thursday,2026-07
2026-07-30,Shakira Austin,Points,Under,14.5,-128,58.00%,4.30%,LOSS,12.86,26,-5,56.10%,Thursday,2026-07
2026-07-30,Shakira Austin,Points,Over,17.5,-120,58.20%,8.10%,LOSS,20.54,13,-5,54.50%,Thursday,2026-07
2026-07-30,Shakira Austin,Points,Under,10.5,-128,56.50%,0.70%,LOSS,9.61,19,-5,56.10%,Thursday,2026-07
2026-07-30,Shakira Austin,Points,Over,12.5,-122,48.30%,-14.70%,LOSS,12.67,12,-5,55.00%,Thursday,2026-07
2026-07-30,Shakira Austin,Points,Under,10.5,-108,48.70%,-6.70%,WIN,10.41,5,4.63,51.90%,Thursday,2026-07
2026-07-30,Shakira Austin,Points,Under,21.5,-120,56.90%,5.10%,WIN,19.73,16,4.17,54.50%,Thursday,2026-07
2026-07-30,Shakira Austin,Points,Under,10.5,-125,58.00%,5.40%,WIN,8.92,7,4,55.60%,Thursday,2026-07
2026-07-30,Shakira Austin,Points,Over,19.5,100,51.60%,3.10%,LOSS,23.31,16,-5,50.00%,Thursday,2026-07
2026-07-30,Shakira Austin,Points,Under,11.5,-106,52.20%,1.40%,WIN,10.28,11,4.72,51.50%,Thursday,2026-07
2026-07-30,Shakira Austin,Points,Over,12.5,-106,52.90%,2.90%,LOSS,14.92,9,-5,51.50%,Thursday,2026-07
2026-07-30,Shakira Austin,Points,Over,18.5,-130,60.20%,8.50%,LOSS,21.91,16,-5,56.50%,Thursday,2026-07
2026-07-30,Shakira Austin,Points,Under,11.5,-106,51.70%,0.40%,LOSS,10.66,16,-5,51.50%,Thursday,2026-07
2026-07-30,Shakira Austin,Points,Under,8.5,-115,58.00%,9.80%,LOSS,5.16,19,-5,53.50%,Thursday,2026-07
2026-07-30,Shakira Austin,Points,Under,18.5,-108,58.80%,14.40%,WIN,13.09,15,4.63,51.90%,Thursday,2026-07
2026-07-30,Shakira Austin,Points,Under,17.5,-108,56.30%,9.00%,WIN,14.87,14,4.63,51.90%,Thursday,2026-07
2026-07-30,Shakira Austin,Pts + Asts,Over,29.5,-108,53.00%,2.20%,WIN,30.88,39,4.63,51.90%,Thursday,2026-07
2026-07-30,Shakira Austin,Pts + Asts,Under,24.5,-118,55.70%,3.50%,LOSS,23.38,27,-5,54.10%,Thursday,2026-07
2026-07-30,Shakira Austin,Pts + Asts,Under,10.5,-137,48.20%,-22.90%,LOSS,10.25,12,-5,57.80%,Thursday,2026-07
2026-07-30,Shakira Austin,Pts + Asts,Under,18.5,-132,54.50%,-5.70%,LOSS,19.02,20,-5,56.90%,Thursday,2026-07
2026-07-30,Shakira Austin,Pts + Asts,Over,12.5,-112,53.10%,0.60%,LOSS,12.9,12,-5,52.80%,Thursday,2026-07
2026-07-30,Shakira Austin,Pts + Asts,Over,15.5,-114,58.90%,12.10%,WIN,21.73,21,4.39,53.30%,Thursday,2026-07
2026-07-30,Shakira Austin,Pts + Asts,Under,24.5,-130,55.70%,-1.80%,LOSS,26.53,38,-5,56.50%,Thursday,2026-07
2026-07-30,Shakira Austin,Pts + Asts,Under,15.5,-102,54.30%,7.60%,WIN,13.54,13,4.9,50.50%,Thursday,2026-07
2026-07-30,Shakira Austin,Pts + Asts,Under,13.5,-120,53.80%,-1.60%,WIN,10.73,6,4.17,54.50%,Thursday,2026-07
2026-07-30,Shakira Austin,Pts + Asts,Under,16.5,-118,55.10%,2.00%,LOSS,15.56,27,-5,54.10%,Thursday,2026-07
2026-07-30,Shakira Austin,Pts + Asts,Over,20.5,-106,51.60%,0.20%,LOSS,21.77,16,-5,51.50%,Thursday,2026-07
2026-07-30,Shakira Austin,Pts + Asts,Under,17.5,-125,56.40%,1.80%,LOSS,16.63,18,-5,55.60%,Thursday,2026-07
2026-07-30,Shakira Austin,Pts + Asts,Under,25.5,-122,57.10%,4.70%,WIN,23.65,20,4.1,55.00%,Thursday,2026-07
2026-07-30,Shakira Austin,Pts + Asts,Under,11.5,-127,46.60%,-21.20%,WIN,9.68,8,3.94,55.90%,Thursday,2026-07
2026-07-30,Shakira Austin,Pts + Asts,Over,21.5,-118,56.80%,5.80%,LOSS,25.72,18,-5,54.10%,Thursday,2026-07
2026-07-30,Shakira Austin,Pts + Asts,Under,18.5,-130,60.20%,8.40%,WIN,14.85,16,3.85,56.50%,Thursday,2026-07
2026-07-30,Shakira Austin,Pts + Asts,Over,15.5,-102,52.40%,3.90%,LOSS,17.8,13,-5,50.50%,Thursday,2026-07
2026-07-30,Shakira Austin,Pts + Asts,Over,25.5,-122,57.90%,6.50%,LOSS,29.39,16,-5,55.00%,Thursday,2026-07
2026-07-30,Shakira Austin,Pts + Asts,Under,14.5,-104,52.70%,3.40%,LOSS,12.08,17,-5,51.00%,Thursday,2026-07
2026-07-30,Shakira Austin,Pts + Asts,Over,11.5,-120,55.60%,2.40%,WIN,7.94,23,4.17,54.50%,Thursday,2026-07
2026-07-30,Shakira Austin,Pts + Asts,Under,24.5,-118,61.20%,15.50%,WIN,16.97,20,4.24,54.10%,Thursday,2026-07
2026-07-30,Shakira Austin,Pts + Asts,Under,20.5,-127,59.70%,8.40%,WIN,16.62,20,3.94,55.90%,Thursday,2026-07
2026-07-30,Shakira Austin,Pts + Rebs,Over,35.5,-120,57.10%,5.50%,WIN,38.88,43,4.17,54.50%,Thursday,2026-07
2026-07-30,Shakira Austin,Pts + Rebs,Under,22.5,-120,61.30%,14.80%,LOSS,16.45,28,-5,54.50%,Thursday,2026-07
2026-07-30,Shakira Austin,Pts + Rebs,Under,29.5,-122,54.70%,-0.50%,LOSS,28.84,37,-5,55.00%,Thursday,2026-07
2026-07-30,Shakira Austin,Pts + Rebs,Under,9.5,-122,46.80%,-18.00%,LOSS,8.77,11,-5,55.00%,Thursday,2026-07
2026-07-30,Shakira Austin,Pts + Rebs,Over,15.5,-104,51.40%,0.80%,WIN,16.03,19,4.81,51.00%,Thursday,2026-07
2026-07-30,Shakira Austin,Pts + Rebs,Over,9.5,-108,54.50%,5.30%,WIN,12.25,11,4.63,51.90%,Thursday,2026-07
2026-07-30,Shakira Austin,Pts + Rebs,Over,15.5,-122,60.90%,13.20%,WIN,22.07,19,4.1,55.00%,Thursday,2026-07
2026-07-30,Shakira Austin,Pts + Rebs,Over,22.5,-102,52.10%,3.30%,WIN,24.42,31,4.9,50.50%,Thursday,2026-07
2026-07-30,Shakira Austin,Pts + Rebs,Under,22.5,-106,55.90%,9.20%,WIN,20,15,4.72,51.50%,Thursday,2026-07
2026-07-30,Shakira Austin,Pts + Rebs,Over,10.5,-128,48.60%,-17.10%,LOSS,10.69,2,-5,56.10%,Thursday,2026-07
2026-07-30,Shakira Austin,Pts + Rebs,Under,22.5,-108,52.30%,0.80%,LOSS,21.57,32,-5,51.90%,Thursday,2026-07
2026-07-30,Shakira Austin,Pts + Rebs,Over,20.5,-108,52.70%,1.60%,LOSS,22.55,13,-5,51.90%,Thursday,2026-07
2026-07-30,Shakira Austin,Pts + Rebs,Under,14.5,-116,45.70%,-17.20%,LOSS,14.4,17,-5,53.70%,Thursday,2026-07
2026-07-30,Shakira Austin,Pts + Rebs,Under,15.5,-102,47.20%,-6.70%,WIN,15.15,7,4.9,50.50%,Thursday,2026-07
2026-07-30,Shakira Austin,Pts + Rebs,Under,24.5,-106,54.10%,5.50%,WIN,22.86,19,4.72,51.50%,Thursday,2026-07
2026-07-30,Shakira Austin,Pts + Rebs,Under,15.5,-125,47.90%,-17.30%,WIN,15.43,11,4,55.60%,Thursday,2026-07
2026-07-30,Shakira Austin,Pts + Rebs,Over,26.5,-110,54.30%,4.10%,LOSS,30.09,21,-5,52.40%,Thursday,2026-07
2026-07-30,Shakira Austin,Pts + Rebs,Under,15.5,-120,53.20%,-2.90%,WIN,14.08,11,4.17,54.50%,Thursday,2026-07
2026-07-30,Skylar Diggins,Pts + Rebs,Over,18.5,-119,56.80%,5.50%,LOSS,22.07,17,-5,54.30%,Thursday,2026-07
2026-07-30,Skylar Diggins,Pts + Rebs,Over,22.5,-122,59.50%,10.00%,LOSS,26.82,19,-5,55.00%,Thursday,2026-07
2026-07-30,Skylar Diggins,Pts + Rebs,Under,19.5,-126,58.50%,6.30%,LOSS,16.14,27,-5,55.80%,Thursday,2026-07
2026-07-30,Skylar Diggins,Pts + Rebs,Under,10.5,-126,52.60%,-7.10%,LOSS,8.22,20,-5,55.80%,Thursday,2026-07
2026-07-30,Skylar Diggins,Pts + Rebs,Under,22.5,-112,58.40%,11.80%,WIN,17.17,19,4.46,52.80%,Thursday,2026-07
2026-07-30,Skylar Diggins,Pts + Rebs,Under,20.5,-119,57.80%,7.70%,WIN,17.1,16,4.2,54.30%,Thursday,2026-07
2026-07-30,Skylar Diggins,Rebs + Asts,Under,13.5,-132,58.60%,3.90%,LOSS,12.59,16,-5,56.90%,Thursday,2026-07
2026-07-30,Skylar Diggins,Rebs + Asts,Under,11.5,-114,57.10%,8.30%,LOSS,10.39,12,-5,53.30%,Thursday,2026-07
2026-07-30,Skylar Diggins,Rebs + Asts,Under,7.5,-132,57.50%,1.40%,WIN,5.92,3,3.79,56.90%,Thursday,2026-07
2026-07-30,Skylar Diggins,Rebs + Asts,Over,10.5,110,49.70%,3.90%,LOSS,11.22,7,-5,47.60%,Thursday,2026-07
2026-07-30,Skylar Diggins,Rebs + Asts,Over,6.5,-122,55.40%,1.00%,WIN,6.83,11,4.1,55.00%,Thursday,2026-07
2026-07-30,Skylar Diggins,Rebs + Asts,Over,8.5,-114,53.00%,-0.60%,LOSS,9.41,8,-5,53.30%,Thursday,2026-07
2026-07-30,Skylar Diggins,Rebs + Asts,Under,11.5,-132,52.70%,-9.70%,WIN,11.27,11,3.79,56.90%,Thursday,2026-07
2026-07-30,Skylar Diggins,Rebs + Asts,Under,11.5,-118,56.00%,4.00%,LOSS,10.74,12,-5,54.10%,Thursday,2026-07
2026-07-30,Skylar Diggins,Rebs + Asts,Over,8.5,-138,58.10%,0.30%,LOSS,8.51,8,-5,58.00%,Thursday,2026-07
2026-07-30,Skylar Diggins,Rebs + Asts,Under,10.5,-108,53.20%,2.70%,WIN,10.29,7,4.63,51.90%,Thursday,2026-07
2026-07-30,Skylar Diggins,Rebs + Asts,Over,4.5,-152,64.60%,10.80%,LOSS,5.73,3,-5,60.30%,Thursday,2026-07
2026-07-30,Skylar Diggins,Rebs + Asts,Under,7.5,-130,49.00%,-17.40%,WIN,6.88,7,3.85,56.50%,Thursday,2026-07
2026-07-30,Skylar Diggins,Rebs + Asts,Over,9.5,-114,46.00%,-15.50%,LOSS,9.57,7,-5,53.30%,Thursday,2026-07
2026-07-30,Skylar Diggins,Rebs + Asts,Under,9.5,-110,55.80%,7.20%,WIN,8.16,5,4.55,52.40%,Thursday,2026-07
2026-07-30,Skylar Diggins,Rebs + Asts,Over,9.5,110,48.10%,1.00%,WIN,9.93,12,5.5,47.60%,Thursday,2026-07
2026-07-30,Skylar Diggins,Rebs + Asts,Under,12.5,-138,59.00%,2.30%,WIN,11.55,3,3.62,58.00%,Thursday,2026-07
2026-07-30,Skylar Diggins,Rebs + Asts,Under,9.5,-140,63.80%,13.10%,LOSS,7.2,12,-5,58.30%,Thursday,2026-07
2026-07-30,Skylar Diggins,Rebs + Asts,Under,9.5,-118,55.90%,3.80%,WIN,8.36,9,4.24,54.10%,Thursday,2026-07
2026-07-30,Skylar Diggins,Threes,Over,0.5,-230,70.90%,4.00%,WIN,1.58,1,2.17,69.70%,Thursday,2026-07
2026-07-30,Skylar Diggins,Threes,Under,1.5,-270,67.90%,-18.60%,WIN,0.96,1,1.85,73.00%,Thursday,2026-07
2026-07-30,Skylar Diggins,Threes,Over,1.5,-132,58.40%,3.60%,WIN,1.95,4,3.79,56.90%,Thursday,2026-07
2026-07-30,Skylar Diggins,Threes,Over,0.5,-192,75.10%,27.10%,WIN,1.84,1,2.6,65.80%,Thursday,2026-07
2026-07-30,Skylar Diggins,Threes,Over,1.5,-188,58.20%,-20.40%,WIN,1.86,3,2.66,65.30%,Thursday,2026-07
2026-07-30,Skylar Diggins,Threes,Over,1.5,-178,59.80%,-11.90%,WIN,2.13,2,2.81,64.00%,Thursday,2026-07
2026-07-30,Skylar Diggins,Threes,Under,1.5,102,56.70%,14.30%,WIN,1.06,0,5.1,49.50%,Thursday,2026-07
2026-07-30,Skylar Diggins,Threes,Over,0.5,-225,77.70%,27.60%,LOSS,1.92,0,-5,69.20%,Thursday,2026-07
2026-07-30,Skylar Diggins,Threes,Over,2.5,-158,52.70%,-22.10%,WIN,2.73,3,3.16,61.20%,Thursday,2026-07
2026-07-30,Skylar Diggins,Threes,Under,1.5,-270,67.40%,-20.70%,WIN,1.08,1,1.85,73.00%,Thursday,2026-07
2026-07-30,Skylar Diggins,Threes,Over,1.5,-130,57.80%,2.90%,LOSS,1.9,1,-5,56.50%,Thursday,2026-07
2026-07-30,Skylar Diggins,Threes,Over,2.5,-160,54.10%,-19.30%,LOSS,3.03,2,-5,61.50%,Thursday,2026-07
2026-07-30,Skylar Diggins,Threes,Over,1.5,138,46.20%,7.20%,WIN,1.73,2,6.9,42.00%,Thursday,2026-07
2026-07-30,Skylar Diggins,Threes,Under,1.5,-200,59.30%,-22.20%,WIN,1.39,0,2.5,66.70%,Thursday,2026-07
2026-07-30,Skylar Diggins,Threes,Over,1.5,162,54.00%,25.60%,LOSS,2.68,0,-5,38.20%,Thursday,2026-07
2026-07-30,Skylar Diggins,Threes,Under,2.5,-120,61.00%,14.20%,WIN,1.83,1,4.17,54.50%,Thursday,2026-07
2026-07-30,Skylar Diggins,Threes,Under,2.5,-146,63.40%,9.90%,WIN,2.15,2,3.42,59.30%,Thursday,2026-07
2026-07-31,Skylar Diggins,Assists,Under,3.5,-174,63.60%,0.20%,LOSS,2.89,6,-5,63.50%,Friday,2026-07
2026-07-31,Skylar Diggins,Assists,Over,2.5,-114,54.00%,1.60%,LOSS,3.01,2,-5,53.30%,Friday,2026-07
2026-07-31,Skylar Diggins,Assists,Over,2.5,-102,53.60%,6.20%,LOSS,3.61,2,-5,50.50%,Friday,2026-07
2026-07-31,Skylar Diggins,Assists,Over,3.5,118,47.40%,2.80%,LOSS,3.78,2,-5,45.90%,Friday,2026-07
2026-07-31,Skylar Diggins,Assists,Under,2.5,-130,58.00%,3.30%,WIN,2,2,3.85,56.50%,Friday,2026-07
2026-07-31,Skylar Diggins,Assists,Over,8.5,-140,56.50%,-4.50%,WIN,8.95,10,3.57,58.30%,Friday,2026-07
2026-07-31,Skylar Diggins,Assists,Under,5.5,-104,53.60%,5.30%,LOSS,5.16,12,-5,51.00%,Friday,2026-07
2026-07-31,Skylar Diggins,Assists,Over,2.5,-180,55.90%,-23.50%,WIN,2.5,3,2.78,64.30%,Friday,2026-07
2026-07-31,Skylar Diggins,Assists,Over,3.5,-114,47.30%,-12.80%,LOSS,3.53,2,-5,53.30%,Friday,2026-07
2026-07-31,Skylar Diggins,Assists,Over,5.5,116,46.70%,0.80%,WIN,5.61,8,5.8,46.30%,Friday,2026-07
2026-07-31,Skylar Diggins,Assists,Under,8.5,-144,55.50%,-8.50%,LOSS,8.11,9,-5,59.00%,Friday,2026-07
2026-07-31,Skylar Diggins,Assists,Under,4.5,-138,53.50%,-10.80%,LOSS,4.49,5,-5,58.00%,Friday,2026-07
2026-07-31,Skylar Diggins,Assists,Over,5.5,-136,60.40%,6.40%,LOSS,7.26,2,-5,57.60%,Friday,2026-07
2026-07-31,Skylar Diggins,Assists,Over,3.5,-128,53.20%,-6.80%,WIN,3.76,5,3.91,56.10%,Friday,2026-07
2026-07-31,Skylar Diggins,Assists,Over,3.5,-136,49.70%,-18.60%,WIN,3.51,5,3.68,57.60%,Friday,2026-07
2026-07-31,Skylar Diggins,P+R+A,Under,29.5,-108,53.40%,3.10%,WIN,28.41,29,4.63,51.90%,Friday,2026-07
2026-07-31,Skylar Diggins,P+R+A,Over,25.5,-114,53.70%,0.80%,LOSS,26.03,21,-5,53.30%,Friday,2026-07
2026-07-31,Skylar Diggins,P+R+A,Over,30.5,-112,51.90%,-2.10%,WIN,32.25,36,4.46,52.80%,Friday,2026-07
2026-07-31,Skylar Diggins,P+R+A,Over,20.5,-125,52.80%,-6.20%,WIN,21.27,24,4,55.60%,Friday,2026-07
2026-07-31,Skylar Diggins,P+R+A,Under,19.5,-104,50.50%,-1.00%,WIN,19.33,18,4.81,51.00%,Friday,2026-07
2026-07-31,Skylar Diggins,P+R+A,Over,17.5,-125,60.60%,11.30%,LOSS,22.06,9,-5,55.60%,Friday,2026-07
2026-07-31,Skylar Diggins,P+R+A,Under,18.5,-118,56.20%,4.50%,LOSS,16.29,31,-5,54.10%,Friday,2026-07
2026-07-31,Skylar Diggins,P+R+A,Over,33.5,-130,56.60%,0.20%,WIN,35.03,46,3.85,56.50%,Friday,2026-07
2026-07-31,Skylar Diggins,P+R+A,Under,23.5,-128,63.10%,15.90%,LOSS,17.32,34,-5,56.10%,Friday,2026-07
2026-07-31,Skylar Diggins,P+R+A,Under,26.5,-128,66.00%,22.50%,LOSS,18.78,30,-5,56.10%,Friday,2026-07
2026-07-31,Skylar Diggins,P+R+A,Under,21.5,-118,55.60%,3.10%,WIN,19.8,12,4.24,54.10%,Friday,2026-07
2026-07-31,Skylar Diggins,P+R+A,Over,11.5,-130,63.30%,15.50%,LOSS,11.02,5,-5,56.50%,Friday,2026-07
2026-07-31,Skylar Diggins,P+R+A,Under,30.5,-106,52.80%,2.80%,WIN,29.77,22,4.72,51.50%,Friday,2026-07
2026-07-31,Skylar Diggins,P+R+A,Under,23.5,-108,54.90%,6.20%,WIN,21.83,23,4.63,51.90%,Friday,2026-07
2026-07-31,Skylar Diggins,P+R+A,Over,27.5,-106,51.60%,0.40%,WIN,27.71,28,4.72,51.50%,Friday,2026-07
2026-07-31,Skylar Diggins,P+R+A,Under,26.5,-122,55.20%,0.60%,LOSS,24.98,32,-5,55.00%,Friday,2026-07
2026-07-31,Skylar Diggins,P+R+A,Under,22.5,-112,56.40%,7.60%,LOSS,19.18,33,-5,52.80%,Friday,2026-07
2026-07-31,Skylar Diggins,P+R+A,Over,30.5,-104,49.60%,-2.90%,LOSS,31.51,30,-5,51.00%,Friday,2026-07
2026-07-31,Skylar Diggins,P+R+A,Over,25.5,-112,55.60%,5.90%,LOSS,27.26,16,-5,52.80%,Friday,2026-07
2026-07-31,Skylar Diggins,P+R+A,Over,27.5,-118,54.40%,0.60%,WIN,28.31,42,4.24,54.10%,Friday,2026-07
2026-07-31,Skylar Diggins,P+R+A,Under,23.5,-104,48.70%,-4.80%,LOSS,23.4,26,-5,51.00%,Friday,2026-07
2026-07-31,Skylar Diggins,Points,Over,17.5,-118,54.30%,0.50%,LOSS,18.12,14,-5,54.10%,Friday,2026-07
2026-07-31,Skylar Diggins,Points,Under,19.5,-114,54.40%,2.30%,WIN,19.05,16,4.39,53.30%,Friday,2026-07
2026-07-31,Skylar Diggins,Points,Over,15.5,-128,56.60%,1.00%,WIN,17.1,21,3.91,56.10%,Friday,2026-07
2026-07-31,Skylar Diggins,Points,Under,14.5,-104,51.10%,0.30%,LOSS,14.46,20,-5,51.00%,Friday,2026-07
2026-07-31,Skylar Diggins,Points,Over,11.5,-110,53.20%,1.70%,LOSS,12.89,8,-5,52.40%,Friday,2026-07
2026-07-31,Skylar Diggins,Points,Over,13.5,100,52.40%,4.80%,LOSS,15.86,8,-5,50.00%,Friday,2026-07
2026-07-31,Skylar Diggins,Points,Under,12.5,-125,57.40%,4.10%,LOSS,10.56,26,-5,55.60%,Friday,2026-07
2026-07-31,Skylar Diggins,Points,Over,10.5,-122,52.40%,-5.70%,WIN,10.57,14,4.1,55.00%,Friday,2026-07
2026-07-31,Skylar Diggins,Points,Over,20.5,-115,50.40%,-6.70%,WIN,23.33,26,4.35,53.50%,Friday,2026-07
2026-07-31,Skylar Diggins,Points,Under,14.5,-102,56.20%,11.60%,LOSS,10.79,20,-5,50.50%,Friday,2026-07
2026-07-31,Skylar Diggins,Points,Under,16.5,-135,63.40%,14.00%,WIN,10.63,16,3.7,57.40%,Friday,2026-07
2026-07-31,Skylar Diggins,Points,Under,8.5,-113,57.70%,9.90%,LOSS,3.87,10,-5,53.10%,Friday,2026-07
2026-07-31,Skylar Diggins,Points,Under,13.5,-120,55.40%,1.90%,WIN,12.69,9,4.17,54.50%,Friday,2026-07
2026-07-31,Skylar Diggins,Points,Under,6.5,-114,55.70%,5.20%,WIN,6.02,2,4.39,53.30%,Friday,2026-07
2026-07-31,Sonia Citron,Points,Under,7.5,-134,57.80%,1.10%,LOSS,6.12,9,-5,57.30%,Friday,2026-07
2026-07-31,Sonia Citron,Points,Under,13.5,-110,53.40%,2.20%,WIN,13.28,8,4.55,52.40%,Friday,2026-07
2026-07-31,Sonia Citron,Points,Over,11.5,-102,52.40%,3.80%,LOSS,12.5,10,-5,50.50%,Friday,2026-07
2026-07-31,Sonia Citron,Points,Over,22.5,-106,54.00%,5.20%,WIN,25.23,26,4.72,51.50%,Friday,2026-07
2026-07-31,Sonia Citron,Points,Over,14.5,-120,47.50%,-15.50%,WIN,15.12,22,4.17,54.50%,Friday,2026-07
2026-07-31,Sonia Citron,Points,Over,5.5,-122,58.70%,8.20%,LOSS,9.03,3,-5,55.00%,Friday,2026-07
2026-07-31,Sonia Citron,Points,Under,9.5,-122,58.20%,7.10%,WIN,7.23,6,4.1,55.00%,Friday,2026-07
2026-07-31,Sonia Citron,Points,Under,7.5,-106,55.20%,7.70%,LOSS,5.14,15,-5,51.50%,Friday,2026-07
2026-07-31,Sonia Citron,Points,Under,15.5,-125,58.60%,6.80%,LOSS,12.86,23,-5,55.60%,Friday,2026-07
2026-07-31,Sonia Citron,Points,Over,19.5,-125,55.20%,-0.80%,WIN,22.06,23,4,55.60%,Friday,2026-07
2026-07-31,Sonia Citron,Points,Over,17.5,-106,52.10%,1.30%,LOSS,17.97,9,-5,51.50%,Friday,2026-07
2026-07-31,Sonia Citron,Points,Over,15.5,-130,58.70%,5.00%,WIN,17.64,28,3.85,56.50%,Friday,2026-07
2026-07-31,Sonia Citron,Points,Over,16.5,-108,45.40%,-13.60%,LOSS,16.6,16,-5,51.90%,Friday,2026-07
2026-07-31,Sonia Citron,Points,Under,9.5,-135,54.90%,-5.90%,LOSS,9.29,13,-5,57.40%,Friday,2026-07
2026-07-31,Sonia Citron,Pts + Asts,Under,20.5,-102,50.80%,0.60%,WIN,20.2,20,4.9,50.50%,Friday,2026-07
2026-07-31,Sonia Citron,Pts + Asts,Under,22.5,-122,53.80%,-2.50%,WIN,22.39,18,4.1,55.00%,Friday,2026-07
2026-07-31,Sonia Citron,Pts + Asts,Over,18.5,-112,54.70%,3.90%,WIN,20.06,23,4.46,52.80%,Friday,2026-07
2026-07-31,Sonia Citron,Pts + Asts,Under,18.5,-125,55.70%,0.20%,LOSS,17.73,22,-5,55.60%,Friday,2026-07
2026-07-31,Sonia Citron,Pts + Asts,Over,15.5,-118,56.00%,4.10%,LOSS,18.96,8,-5,54.10%,Friday,2026-07
2026-07-31,Sonia Citron,Pts + Asts,Under,14.5,-104,52.70%,3.40%,LOSS,11.66,28,-5,51.00%,Friday,2026-07
2026-07-31,Sonia Citron,Pts + Asts,Over,29.5,-128,56.60%,1.10%,WIN,31.17,36,3.91,56.10%,Friday,2026-07
2026-07-31,Sonia Citron,Pts + Asts,Under,20.5,-106,57.60%,12.60%,LOSS,15.24,32,-5,51.50%,Friday,2026-07
2026-07-31,Sonia Citron,Pts + Asts,Under,17.5,-103,56.10%,10.80%,WIN,12.39,17,4.85,50.70%,Friday,2026-07
2026-07-31,Sonia Citron,Pts + Asts,Under,16.5,-114,55.10%,3.90%,WIN,14.5,12,4.39,53.30%,Friday,2026-07
2026-07-31,Sonia Citron,Pts + Asts,Under,10.5,-130,46.40%,-23.20%,WIN,9.46,4,3.85,56.50%,Friday,2026-07
2026-07-31,Sonia Citron,Pts + Asts,Under,19.5,-132,56.90%,0.00%,WIN,18.73,16,3.79,56.90%,Friday,2026-07
2026-07-31,Sonia Citron,Pts + Asts,Under,19.5,-108,49.90%,-4.30%,WIN,19.48,19,4.63,51.90%,Friday,2026-07
2026-07-31,Sonia Citron,Pts + Asts,Under,26.5,-122,56.40%,3.20%,LOSS,26.76,28,-5,55.00%,Friday,2026-07
2026-07-31,Sonia Citron,Pts + Asts,Under,19.5,-112,56.60%,8.00%,LOSS,16.41,28,-5,52.80%,Friday,2026-07
2026-07-31,Sonia Citron,Pts + Asts,Over,25.5,-128,57.00%,2.00%,LOSS,27.56,25,-5,56.10%,Friday,2026-07
2026-07-31,Sonia Citron,Pts + Asts,Over,21.5,-102,52.90%,4.90%,LOSS,23.83,14,-5,50.50%,Friday,2026-07
2026-07-31,Sonia Citron,Pts + Asts,Under,20.5,-125,52.90%,-6.00%,LOSS,19.97,21,-5,55.60%,Friday,2026-07
2026-07-31,Sonia Citron,Pts + Rebs,Under,26.5,-118,56.10%,4.30%,WIN,24.78,23,4.24,54.10%,Friday,2026-07
2026-07-31,Sonia Citron,Pts + Rebs,Over,22.5,-125,55.90%,0.80%,LOSS,23.51,19,-5,55.60%,Friday,2026-07
2026-07-31,Sonia Citron,Pts + Rebs,Over,27.5,-125,53.10%,-5.60%,WIN,29.54,34,4,55.60%,Friday,2026-07
2026-07-31,Sonia Citron,Pts + Rebs,Over,17.5,-112,53.60%,1.70%,WIN,18.13,22,4.46,52.80%,Friday,2026-07
2026-07-31,Sonia Citron,Pts + Rebs,Under,8.5,-140,47.70%,-25.50%,WIN,7.31,1,3.57,58.30%,Friday,2026-07
2026-07-31,Sonia Citron,Pts + Rebs,Under,15.5,-110,52.80%,0.80%,LOSS,13.94,29,-5,52.40%,Friday,2026-07
2026-07-31,Sonia Citron,Pts + Rebs,Over,17.5,-110,53.30%,1.90%,WIN,18.13,19,4.55,52.40%,Friday,2026-07
2026-07-31,Sonia Citron,Pts + Rebs,Over,24.5,-120,57.00%,5.50%,WIN,26.96,36,4.17,54.50%,Friday,2026-07
2026-07-31,Sonia Citron,Pts + Rebs,Under,17.5,-128,59.20%,6.90%,LOSS,13.4,22,-5,56.10%,Friday,2026-07
2026-07-31,Sonia Citron,Pts + Rebs,Under,24.5,-125,61.60%,13.60%,LOSS,18.44,29,-5,55.60%,Friday,2026-07
2026-07-31,Sonia Citron,Pts + Rebs,Under,14.5,-125,58.60%,6.90%,WIN,9.22,12,4,55.60%,Friday,2026-07
2026-07-31,Sonia Citron,Pts + Rebs,Under,18.5,-125,57.00%,3.30%,WIN,16.97,9,4,55.60%,Friday,2026-07
2026-07-31,Sonia Citron,Pts + Rebs,Over,25.5,-114,46.70%,-14.00%,LOSS,25.73,14,-5,53.30%,Friday,2026-07
2026-07-31,Sonia Citron,Pts + Rebs,Over,15.5,-104,51.50%,1.10%,LOSS,15.75,14,-5,51.00%,Friday,2026-07
2026-07-31,Sonia Citron,Pts + Rebs,Over,24.5,-120,49.20%,-11.70%,WIN,25.39,26,4.17,54.50%,Friday,2026-07
2026-07-31,Sonia Citron,Pts + Rebs,Under,24.5,-120,54.60%,0.10%,LOSS,23.83,31,-5,54.50%,Friday,2026-07
2026-07-31,Sonia Citron,Pts + Rebs,Over,9.5,-108,56.70%,9.90%,WIN,13.27,10,4.63,51.90%,Friday,2026-07
2026-07-31,Sonia Citron,Pts + Rebs,Under,12.5,-118,55.90%,3.80%,WIN,10.74,10,4.24,54.10%,Friday,2026-07
2026-07-31,Sonia Citron,Pts + Rebs,Under,13.5,-122,57.10%,4.70%,LOSS,10.01,22,-5,55.00%,Friday,2026-07
2026-07-31,Sonia Citron,Pts + Rebs,Under,17.5,-107,52.60%,1.80%,LOSS,15.43,28,-5,51.70%,Friday,2026-07
2026-07-31,Sonia Citron,Pts + Rebs,Over,24.5,-109,49.90%,-4.70%,WIN,25.44,28,4.59,52.20%,Friday,2026-07
2026-07-31,Sonia Citron,Pts + Rebs,Over,21.5,-122,57.00%,4.50%,LOSS,23.39,11,-5,55.00%,Friday,2026-07
2026-07-31,Sonia Citron,Pts + Rebs,Over,25.5,-104,45.40%,-11.40%,WIN,25.63,38,4.81,51.00%,Friday,2026-07
2026-07-31,Sonia Citron,Pts + Rebs,Over,19.5,-130,48.20%,-19.30%,WIN,19.64,21,3.85,56.50%,Friday,2026-07
2026-07-31,Sonia Citron,Rebounds,Under,8.5,-122,57.60%,5.80%,LOSS,7.49,9,-5,55.00%,Friday,2026-07
2026-07-31,Sonia Citron,Rebounds,Under,3.5,-172,58.40%,-13.10%,WIN,3.24,3,2.91,63.20%,Friday,2026-07
2026-07-31,Sonia Citron,Rebounds,Over,11.5,-138,54.30%,-8.90%,WIN,11.92,13,3.62,58.00%,Friday,2026-07
2026-07-31,Sonia Citron,Rebounds,Over,2.5,100,52.70%,5.30%,LOSS,3.27,2,-5,50.00%,Friday,2026-07
2026-07-31,Sonia Citron,Rebounds,Over,5.5,-132,58.10%,2.70%,WIN,6.36,9,3.79,56.90%,Friday,2026-07
2026-07-31,Sonia Citron,Rebounds,Under,3.5,-188,59.40%,-17.00%,WIN,3.18,1,2.66,65.30%,Friday,2026-07
2026-07-31,Sonia Citron,Rebounds,Over,3.5,104,49.50%,1.00%,LOSS,3.7,3,-5,49.00%,Friday,2026-07
2026-07-31,Sonia Citron,Rebounds,Over,6.5,104,52.20%,6.20%,LOSS,7.8,5,-5,49.00%,Friday,2026-07
2026-07-31,Sonia Citron,Rebounds,Under,3.5,122,46.60%,2.80%,LOSS,3.46,10,-5,45.00%,Friday,2026-07
2026-07-31,Sonia Citron,Rebounds,Under,2.5,-188,56.50%,-25.20%,WIN,2.18,2,2.66,65.30%,Friday,2026-07
2026-07-31,Sonia Citron,Rebounds,Under,8.5,-154,64.00%,8.40%,LOSS,6.4,13,-5,60.60%,Friday,2026-07
2026-07-31,Sonia Citron,Rebounds,Under,5.5,-158,64.20%,7.60%,WIN,4.18,2,3.16,61.20%,Friday,2026-07
2026-07-31,Sonia Citron,Rebounds,Over,4.5,-132,58.30%,3.30%,LOSS,5.32,0,-5,56.90%,Friday,2026-07
2026-07-31,Sonia Citron,Rebounds,Over,11.5,-130,56.90%,0.80%,LOSS,12.32,6,-5,56.50%,Friday,2026-07
2026-07-31,Sonia Citron,Rebounds,Under,3.5,114,49.90%,5.90%,LOSS,2.97,4,-5,46.70%,Friday,2026-07
2026-07-31,Sonia Citron,Rebounds,Under,9.5,-114,53.90%,1.30%,WIN,9.06,9,4.39,53.30%,Friday,2026-07
2026-07-31,Sonia Citron,Rebounds,Over,3.5,-102,51.80%,2.60%,WIN,4.29,7,4.9,50.50%,Friday,2026-07
2026-07-31,Sonia Citron,Rebounds,Over,2.5,-172,63.50%,0.70%,WIN,3.34,4,2.91,63.20%,Friday,2026-07
2026-07-31,Sonia Citron,Rebounds,Under,5.5,-125,59.00%,7.70%,LOSS,4.35,7,-5,55.60%,Friday,2026-07
2026-07-31,Sonia Citron,Rebounds,Under,2.5,-107,49.30%,-5.10%,LOSS,2.32,5,-5,51.70%,Friday,2026-07
2026-07-31,Sonia Citron,Rebounds,Under,4.5,-172,59.40%,-10.40%,LOSS,4.07,5,-5,63.20%,Friday,2026-07
2026-07-31,Sonia Citron,Rebounds,Under,4.5,-158,64.40%,8.00%,WIN,2.79,2,3.16,61.20%,Friday,2026-07
2026-07-31,Sonia Citron,Rebounds,Under,9.5,-152,58.40%,-4.80%,LOSS,8.86,10,-5,60.30%,Friday,2026-07
2026-07-31,Sonia Citron,Rebounds,Over,3.5,-110,52.40%,0.10%,WIN,3.81,5,4.55,52.40%,Friday,2026-07
2026-07-31,Sonia Citron,Rebs + Asts,Under,11.5,-102,53.40%,5.80%,LOSS,10.72,15,-5,50.50%,Friday,2026-07
2026-07-31,Sonia Citron,Rebs + Asts,Over,5.5,-138,60.50%,6.00%,LOSS,5.65,5,-5,58.00%,Friday,2026-07
2026-07-31,Sonia Citron,Rebs + Asts,Over,14.5,-108,53.80%,3.90%,WIN,15.53,15,4.63,51.90%,Friday,2026-07
2026-07-31,Sonia Citron,Rebs + Asts,Over,5.5,-132,59.70%,6.60%,LOSS,6.82,4,-5,56.90%,Friday,2026-07
2026-07-31,Sonia Citron,Rebs + Asts,Over,5.5,-152,62.20%,4.80%,LOSS,5.37,5,-5,60.30%,Friday,2026-07
2026-07-31,Sonia Citron,Rebs + Asts,Under,13.5,-138,60.30%,5.60%,LOSS,12.19,20,-5,58.00%,Friday,2026-07
2026-07-31,Sonia Citron,Rebs + Asts,Under,7.5,110,50.70%,6.00%,LOSS,6.87,14,-5,47.60%,Friday,2026-07
2026-07-31,Sonia Citron,Rebs + Asts,Under,9.5,104,57.00%,15.60%,LOSS,7.22,14,-5,49.00%,Friday,2026-07
2026-07-31,Sonia Citron,Rebs + Asts,Over,7.5,-136,58.10%,1.10%,LOSS,7.64,3,-5,57.60%,Friday,2026-07
2026-07-31,Sonia Citron,Rebs + Asts,Under,16.5,104,49.40%,0.80%,WIN,16.44,14,5.2,49.00%,Friday,2026-07
2026-07-31,Sonia Citron,Rebs + Asts,Under,12.5,-130,60.60%,9.50%,LOSS,10.66,13,-5,56.50%,Friday,2026-07
2026-07-31,Sonia Citron,Rebs + Asts,Under,7.5,-138,49.70%,-19.80%,LOSS,6.89,10,-5,58.00%,Friday,2026-07
2026-07-31,Sonia Citron,Rebs + Asts,Over,9.5,-146,61.20%,4.60%,LOSS,11.02,7,-5,59.30%,Friday,2026-07
2026-07-31,Sonia Citron,Rebs + Asts,Under,7.5,110,43.80%,-7.40%,WIN,7.3,7,5.5,47.60%,Friday,2026-07
2026-07-31,Sonia Citron,Rebs + Asts,Under,7.5,-128,47.70%,-19.30%,LOSS,7.27,10,-5,56.10%,Friday,2026-07
2026-07-31,Sonia Citron,Threes,Under,1.5,-270,66.80%,-22.70%,WIN,1.13,0,1.85,73.00%,Friday,2026-07
2026-07-31,Sonia Citron,Threes,Over,1.5,-154,48.50%,-30.70%,LOSS,1.58,1,-5,60.60%,Friday,2026-07
2026-07-31,Sonia Citron,Threes,Under,1.5,124,51.30%,12.00%,LOSS,1.46,3,-5,44.60%,Friday,2026-07
2026-07-31,Sonia Citron,Threes,Over,1.5,102,54.50%,9.90%,LOSS,2,1,-5,49.50%,Friday,2026-07
2026-07-31,Sonia Citron,Threes,Over,2.5,140,44.80%,5.30%,LOSS,2.56,2,-5,41.70%,Friday,2026-07
2026-07-31,Sonia Citron,Threes,Under,2.5,-162,67.00%,13.40%,LOSS,1.64,7,-5,61.80%,Friday,2026-07
2026-07-31,Sonia Citron,Threes,Over,2.5,-140,53.00%,-12.80%,LOSS,2.96,2,-5,58.30%,Friday,2026-07
2026-07-31,Sonia Citron,Threes,Under,0.5,-108,52.50%,1.10%,WIN,0.36,0,4.63,51.90%,Friday,2026-07
2026-07-31,Sonia Citron,Threes,Under,1.5,-270,75.80%,10.50%,LOSS,0.34,2,-5,73.00%,Friday,2026-07
2026-07-31,Sonia Citron,Threes,Over,1.5,128,46.40%,4.50%,LOSS,1.68,0,-5,43.90%,Friday,2026-07
2026-07-31,Sonia Citron,Threes,Under,1.5,-220,67.50%,-4.10%,WIN,1.07,0,2.27,68.80%,Friday,2026-07
2026-07-31,Sonia Citron,Threes,Over,0.5,-218,59.10%,-30.00%,LOSS,0.81,0,-5,68.60%,Friday,2026-07
2026-07-31,Sonia Citron,Threes,Over,2.5,-162,64.90%,7.90%,WIN,3.32,4,3.09,61.80%,Friday,2026-07
2026-07-31,Sonia Citron,Threes,Under,1.5,-182,61.60%,-8.30%,WIN,1.2,1,2.75,64.50%,Friday,2026-07
2026-07-31,Sonia Citron,Threes,Under,2.5,-205,74.40%,21.90%,WIN,1.36,0,2.44,67.20%,Friday,2026-07
2026-07-31,Sonia Citron,Threes,Over,1.5,102,53.50%,8.00%,WIN,2.16,2,5.1,49.50%,Friday,2026-07
2026-07-31,Sonia Citron,Threes,Over,2.5,-166,75.40%,34.60%,WIN,5.14,3,3.01,62.40%,Friday,2026-07
2026-07-31,Sonia Citron,Threes,Under,1.5,-220,61.40%,-23.60%,WIN,1.44,0,2.27,68.80%,Friday,2026-07
2026-07-31,Sonia Citron,Threes,Over,1.5,-114,54.40%,2.50%,WIN,1.82,3,4.39,53.30%,Friday,2026-07
2026-08-01,Sonia Citron,Assists,Over,3.5,-136,50.00%,-18.10%,WIN,3.55,4,3.68,57.60%,Saturday,2026-08
2026-08-01,Sonia Citron,Assists,Over,8.5,-130,58.90%,5.40%,LOSS,9.82,7,-5,56.50%,Saturday,2026-08
2026-08-01,Sonia Citron,Assists,Under,3.5,-128,57.70%,3.60%,WIN,2.89,2,3.91,56.10%,Saturday,2026-08
2026-08-01,Sonia Citron,Assists,Over,6.5,-136,59.60%,4.60%,WIN,7.75,9,3.68,57.60%,Saturday,2026-08
2026-08-01,Sonia Citron,Assists,Over,4.5,-106,54.80%,6.90%,WIN,5.93,5,4.72,51.50%,Saturday,2026-08
2026-08-01,Sonia Citron,Assists,Over,7.5,110,48.90%,2.50%,LOSS,7.79,5,-5,47.60%,Saturday,2026-08
2026-08-01,Sonia Citron,Assists,Under,2.5,-144,51.80%,-17.60%,LOSS,2.39,5,-5,59.00%,Saturday,2026-08
2026-08-01,Sonia Citron,Assists,Under,2.5,-154,61.30%,1.60%,WIN,0.96,0,3.25,60.60%,Saturday,2026-08
2026-08-01,Sonia Citron,Assists,Under,2.5,-161,53.40%,-21.60%,WIN,2.44,2,3.11,61.70%,Saturday,2026-08
2026-08-01,Sonia Citron,Assists,Under,2.5,-171,54.50%,-23.40%,LOSS,2.47,3,-5,63.10%,Saturday,2026-08
2026-08-01,Sonia Citron,Assists,Over,4.5,-125,55.50%,-0.10%,LOSS,5.09,4,-5,55.60%,Saturday,2026-08
2026-08-01,Sonia Citron,Assists,Over,2.5,-154,61.60%,2.50%,LOSS,3.6,2,-5,60.60%,Saturday,2026-08
2026-08-01,Sonia Citron,Assists,Under,5.5,-106,55.60%,8.50%,LOSS,4.42,10,-5,51.50%,Saturday,2026-08
2026-08-01,Sonia Citron,P+R+A,Under,41.5,-108,52.70%,1.60%,LOSS,40.5,52,-5,51.90%,Saturday,2026-08
2026-08-01,Sonia Citron,P+R+A,Under,31.5,-112,54.30%,3.10%,WIN,31.31,30,4.46,52.80%,Saturday,2026-08
2026-08-01,Sonia Citron,P+R+A,Under,34.5,-118,56.80%,5.90%,WIN,32.43,27,4.24,54.10%,Saturday,2026-08
2026-08-01,Sonia Citron,P+R+A,Under,22.5,-114,54.40%,2.40%,WIN,21.58,15,4.39,53.30%,Saturday,2026-08
2026-08-01,Sonia Citron,P+R+A,Over,14.5,100,56.20%,12.40%,WIN,18.7,20,5,50.00%,Saturday,2026-08
2026-08-01,Sonia Citron,P+R+A,Under,30.5,-128,57.40%,2.90%,LOSS,30.66,34,-5,56.10%,Saturday,2026-08
2026-08-01,Sonia Citron,P+R+A,Under,25.5,-130,60.30%,8.80%,LOSS,22.56,30,-5,56.50%,Saturday,2026-08
2026-08-01,Sonia Citron,P+R+A,Under,28.5,-122,58.90%,8.70%,WIN,24.73,27,4.1,55.00%,Saturday,2026-08
2026-08-01,Sonia Citron,P+R+A,Under,25.5,-114,50.00%,-6.90%,WIN,24.87,22,4.39,53.30%,Saturday,2026-08
2026-08-01,Sonia Citron,P+R+A,Over,13.5,-114,57.70%,9.50%,LOSS,11.47,10,-5,53.30%,Saturday,2026-08
2026-08-01,Sonia Citron,P+R+A,Over,17.5,-132,57.80%,2.20%,LOSS,19.98,16,-5,56.90%,Saturday,2026-08
2026-08-01,Sonia Citron,P+R+A,Over,13.5,-114,57.70%,9.50%,LOSS,12.96,8,-5,53.30%,Saturday,2026-08
2026-08-01,Sonia Citron,P+R+A,Under,30.5,-122,64.80%,22.00%,LOSS,22.36,44,-5,55.00%,Saturday,2026-08
2026-08-01,Sophie Cunningham,P+R+A,Under,20.5,-125,55.60%,0.10%,LOSS,18.5,33,-5,55.60%,Saturday,2026-08
2026-08-01,Sophie Cunningham,Points,Over,27.5,-110,54.00%,3.50%,WIN,29.59,36,4.55,52.40%,Saturday,2026-08
2026-08-01,Sophie Cunningham,Points,Over,14.5,-122,47.80%,-15.80%,WIN,14.72,17,4.1,55.00%,Saturday,2026-08
2026-08-01,Sophie Cunningham,Points,Under,22.5,-128,58.20%,4.60%,WIN,21.47,14,3.91,56.10%,Saturday,2026-08
2026-08-01,Sophie Cunningham,Points,Under,12.5,-115,54.40%,1.90%,WIN,11.97,5,4.35,53.50%,Saturday,2026-08
2026-08-01,Sophie Cunningham,Points,Over,7.5,-132,58.60%,3.80%,LOSS,9.9,7,-5,56.90%,Saturday,2026-08
2026-08-01,Sophie Cunningham,Points,Under,10.5,-120,48.90%,-12.50%,LOSS,10.39,25,-5,54.50%,Saturday,2026-08
2026-08-01,Sophie Cunningham,Points,Over,8.5,104,51.70%,5.20%,WIN,9.94,10,5.2,49.00%,Saturday,2026-08
2026-08-01,Sophie Cunningham,Points,Under,7.5,-135,59.90%,5.70%,WIN,4.68,7,3.7,57.40%,Saturday,2026-08
2026-08-01,Sophie Cunningham,Points,Over,19.5,-118,53.60%,-1.10%,LOSS,20.22,18,-5,54.10%,Saturday,2026-08
2026-08-01,Sophie Cunningham,Points,Over,8.5,-120,47.70%,-15.00%,LOSS,8.56,3,-5,54.50%,Saturday,2026-08
2026-08-01,Sophie Cunningham,Points,Under,13.5,-114,55.60%,4.90%,LOSS,11.44,16,-5,53.30%,Saturday,2026-08
2026-08-01,Sophie Cunningham,Points,Under,21.5,-106,54.50%,6.30%,LOSS,19.65,25,-5,51.50%,Saturday,2026-08
2026-08-01,Sophie Cunningham,Points,Under,14.5,-102,52.50%,4.10%,WIN,13.47,8,4.9,50.50%,Saturday,2026-08
2026-08-01,Sophie Cunningham,Points,Under,8.5,-102,53.00%,5.00%,WIN,7.29,4,4.9,50.50%,Saturday,2026-08
2026-08-01,Sophie Cunningham,Points,Under,10.5,-114,55.90%,5.60%,LOSS,9.08,17,-5,53.30%,Saturday,2026-08
2026-08-01,Sophie Cunningham,Points,Over,9.5,-128,57.30%,2.60%,WIN,11.45,11,3.91,56.10%,Saturday,2026-08
2026-08-01,Sophie Cunningham,Points,Under,6.5,-104,53.90%,6.00%,WIN,4.89,5,4.81,51.00%,Saturday,2026-08
2026-08-01,Sophie Cunningham,Points,Under,8.5,-118,58.50%,9.60%,WIN,5.94,6,4.24,54.10%,Saturday,2026-08
2026-08-01,Sophie Cunningham,Points,Under,6.5,-110,55.00%,5.50%,WIN,3.27,5,4.55,52.40%,Saturday,2026-08
2026-08-01,Sophie Cunningham,Points,Under,19.5,-102,57.30%,13.80%,LOSS,14.67,27,-5,50.50%,Saturday,2026-08
2026-08-01,Sophie Cunningham,Points,Over,16.5,100,45.90%,-8.30%,WIN,16.65,29,5,50.00%,Saturday,2026-08
2026-08-01,Sophie Cunningham,Pts + Asts,Under,30.5,-122,52.70%,-5.10%,LOSS,30.97,40,-5,55.00%,Saturday,2026-08
2026-08-01,Sophie Cunningham,Pts + Asts,Under,23.5,-104,51.80%,1.70%,LOSS,23.47,24,-5,51.00%,Saturday,2026-08
2026-08-01,Sophie Cunningham,Pts + Asts,Under,25.5,-108,54.30%,4.90%,WIN,24.54,16,4.63,51.90%,Saturday,2026-08
2026-08-01,Sophie Cunningham,Pts + Asts,Under,19.5,-118,51.70%,-5.30%,WIN,19.3,14,4.24,54.10%,Saturday,2026-08
2026-08-01,Sophie Cunningham,Pts + Asts,Over,12.5,-114,56.20%,6.20%,LOSS,15.03,12,-5,53.30%,Saturday,2026-08
2026-08-01,Sophie Cunningham,Pts + Asts,Over,8.5,-132,61.10%,9.70%,LOSS,6.08,8,-5,56.90%,Saturday,2026-08
2026-08-01,Sophie Cunningham,Pts + Asts,Over,26.5,-130,55.20%,-3.10%,LOSS,27.52,23,-5,56.50%,Saturday,2026-08
2026-08-01,Sophie Cunningham,Pts + Asts,Under,15.5,100,51.90%,3.90%,LOSS,14.2,21,-5,50.00%,Saturday,2026-08
2026-08-01,Sophie Cunningham,Pts + Asts,Under,24.5,-122,57.50%,5.60%,LOSS,21.37,25,-5,55.00%,Saturday,2026-08
2026-08-01,Sophie Cunningham,Pts + Asts,Under,17.5,-122,56.60%,3.70%,WIN,16.06,10,4.1,55.00%,Saturday,2026-08
2026-08-01,Sophie Cunningham,Pts + Asts,Under,11.5,-134,47.80%,-22.20%,WIN,9.48,7,3.73,57.30%,Saturday,2026-08
2026-08-01,Sophie Cunningham,Pts + Asts,Over,14.5,-122,53.80%,-2.50%,WIN,15.7,15,4.1,55.00%,Saturday,2026-08
2026-08-01,Sophie Cunningham,Pts + Asts,Under,11.5,-118,45.70%,-18.30%,WIN,10.47,8,4.24,54.10%,Saturday,2026-08
2026-08-01,Sophie Cunningham,Pts + Asts,Under,25.5,-106,58.30%,14.20%,LOSS,18.71,37,-5,51.50%,Saturday,2026-08
2026-08-01,Sophie Cunningham,Pts + Asts,Under,18.5,-114,53.90%,1.30%,LOSS,17.71,31,-5,53.30%,Saturday,2026-08
2026-08-01,Sophie Cunningham,Pts + Rebs,Under,37.5,-106,51.30%,-0.40%,LOSS,37.23,48,-5,51.50%,Saturday,2026-08
2026-08-01,Sophie Cunningham,Pts + Rebs,Over,22.5,-120,54.10%,-1.00%,WIN,23.04,23,4.17,54.50%,Saturday,2026-08
2026-08-01,Sophie Cunningham,Pts + Rebs,Under,30.5,-108,53.20%,2.60%,WIN,29.09,25,4.63,51.90%,Saturday,2026-08
2026-08-01,Sophie Cunningham,Pts + Rebs,Over,15.5,-114,53.20%,-0.10%,LOSS,15.82,6,-5,53.30%,Saturday,2026-08
2026-08-01,Sophie Cunningham,Pts + Rebs,Over,10.5,-112,57.50%,10.00%,WIN,13.84,15,4.46,52.80%,Saturday,2026-08
2026-08-01,Sophie Cunningham,Pts + Rebs,Under,16.5,-122,51.40%,-8.00%,LOSS,15.65,32,-5,55.00%,Saturday,2026-08
2026-08-01,Sophie Cunningham,Pts + Rebs,Under,11.5,-104,52.70%,3.50%,WIN,9.12,10,4.81,51.00%,Saturday,2026-08
2026-08-01,Sophie Cunningham,Pts + Rebs,Over,23.5,-118,51.80%,-5.10%,WIN,24.27,29,4.24,54.10%,Saturday,2026-08
2026-08-01,Sophie Cunningham,Pts + Rebs,Over,11.5,-114,53.80%,1.00%,LOSS,12.24,5,-5,53.30%,Saturday,2026-08
2026-08-01,Sophie Cunningham,Pts + Rebs,Under,22.5,-114,56.70%,7.40%,LOSS,20.22,25,-5,53.30%,Saturday,2026-08
2026-08-01,Sophie Cunningham,Pts + Rebs,Under,25.5,-106,54.50%,6.30%,LOSS,23.12,27,-5,51.50%,Saturday,2026-08
2026-08-01,Stefanie Dolson,Pts + Rebs,Under,23.5,-125,56.30%,1.60%,WIN,22.12,20,4,55.60%,Saturday,2026-08
2026-08-01,Stefanie Dolson,Pts + Rebs,Under,10.5,-111,52.60%,0.00%,WIN,9.37,7,4.5,52.60%,Saturday,2026-08
2026-08-01,Stefanie Dolson,Pts + Rebs,Under,15.5,100,47.00%,-6.00%,LOSS,15.18,23,-5,50.00%,Saturday,2026-08
2026-08-01,Stefanie Dolson,Pts + Rebs,Over,12.5,100,52.10%,4.10%,LOSS,14.35,12,-5,50.00%,Saturday,2026-08
2026-08-01,Stefanie Dolson,Pts + Rebs,Under,12.5,-114,55.20%,4.20%,WIN,11.32,8,4.39,53.30%,Saturday,2026-08
2026-08-01,Stefanie Dolson,Pts + Rebs,Under,10.5,-126,52.60%,-7.10%,WIN,9.43,6,3.97,55.80%,Saturday,2026-08
2026-08-01,Stefanie Dolson,Pts + Rebs,Over,9.5,-122,55.50%,1.20%,LOSS,4.93,7,-5,55.00%,Saturday,2026-08
2026-08-01,Stephanie Talbot,Pts + Rebs,Under,24.5,-122,61.10%,13.70%,LOSS,18.43,34,-5,55.00%,Saturday,2026-08
2026-08-01,Stephanie Talbot,Pts + Rebs,Under,18.5,-118,54.20%,0.20%,LOSS,17.76,31,-5,54.10%,Saturday,2026-08
2026-08-01,Sydney Taylor,Rebounds,Under,10.5,-122,55.60%,1.50%,LOSS,10.91,12,-5,55.00%,Saturday,2026-08
2026-08-01,Sydney Taylor,Rebounds,Under,7.5,-114,53.50%,0.60%,WIN,7.12,6,4.39,53.30%,Saturday,2026-08
2026-08-01,Sydney Taylor,Rebounds,Under,8.5,-130,58.40%,4.30%,LOSS,7.7,11,-5,56.50%,Saturday,2026-08
2026-08-01,Sydney Taylor,Rebounds,Over,2.5,-174,65.70%,6.00%,LOSS,4.02,1,-5,63.50%,Saturday,2026-08
2026-08-01,Sydney Taylor,Rebounds,Under,2.5,-146,51.80%,-18.70%,LOSS,2.39,8,-5,59.30%,Saturday,2026-08
2026-08-01,Sydney Taylor,Rebounds,Under,5.5,104,50.50%,2.80%,LOSS,5.26,7,-5,49.00%,Saturday,2026-08
2026-08-01,Sydney Taylor,Rebounds,Under,4.5,-122,57.50%,5.60%,WIN,3.7,3,4.1,55.00%,Saturday,2026-08
2026-08-01,Sydney Taylor,Rebounds,Over,3.5,-152,52.70%,-19.20%,WIN,3.55,11,3.29,60.30%,Saturday,2026-08
2026-08-01,Sydney Taylor,Rebounds,Over,2.5,-128,58.10%,4.40%,LOSS,3.37,2,-5,56.10%,Saturday,2026-08
2026-08-01,Sydney Taylor,Rebounds,Over,8.5,-130,49.30%,-16.70%,WIN,8.54,9,3.85,56.50%,Saturday,2026-08
2026-08-01,Sydney Taylor,Rebounds,Under,3.5,102,51.70%,4.20%,WIN,3.13,2,5.1,49.50%,Saturday,2026-08
2026-08-01,Sydney Taylor,Rebounds,Over,7.5,-148,52.80%,-17.10%,WIN,8.06,12,3.38,59.70%,Saturday,2026-08
2026-08-01,Sydney Taylor,Rebounds,Under,5.5,-140,60.10%,4.20%,LOSS,4.64,6,-5,58.30%,Saturday,2026-08
2026-08-01,Sydney Taylor,Rebounds,Under,3.5,-172,57.60%,-15.30%,WIN,3.29,1,2.91,63.20%,Saturday,2026-08
2026-08-01,Sydney Taylor,Rebounds,Over,5.5,-114,53.90%,1.40%,LOSS,6.13,3,-5,53.30%,Saturday,2026-08
2026-08-01,Sydney Taylor,Rebounds,Under,2.5,100,49.30%,-1.50%,WIN,2.1,2,5,50.00%,Saturday,2026-08
2026-08-01,Sydney Taylor,Rebounds,Under,4.5,-154,62.40%,4.50%,LOSS,3.61,7,-5,60.60%,Saturday,2026-08
2026-08-01,Sydney Taylor,Rebs + Asts,Under,13.5,-132,62.10%,12.00%,LOSS,12.15,16,-5,56.90%,Saturday,2026-08
2026-08-01,Sydney Taylor,Rebs + Asts,Over,16.5,-112,53.70%,1.90%,LOSS,17.2,13,-5,52.80%,Saturday,2026-08
2026-08-01,Sydney Taylor,Rebs + Asts,Under,12.5,-144,63.00%,9.70%,LOSS,10.5,13,-5,59.00%,Saturday,2026-08
2026-08-01,Sydney Taylor,Rebs + Asts,Over,9.5,-132,60.10%,7.30%,WIN,11.32,10,3.79,56.90%,Saturday,2026-08
2026-08-01,Sydney Taylor,Rebs + Asts,Over,6.5,-138,61.00%,7.20%,WIN,7.11,13,3.62,58.00%,Saturday,2026-08
2026-08-01,Sydney Taylor,Rebs + Asts,Over,5.5,-154,62.50%,4.60%,LOSS,5.72,4,-5,60.60%,Saturday,2026-08
2026-08-01,Sydney Taylor,Rebs + Asts,Under,10.5,-138,52.90%,-12.10%,LOSS,11.26,16,-5,58.00%,Saturday,2026-08
2026-08-01,Sydney Taylor,Rebs + Asts,Under,11.5,-122,54.00%,-2.20%,LOSS,11.18,14,-5,55.00%,Saturday,2026-08
2026-08-01,Sydney Taylor,Rebs + Asts,Under,6.5,-152,50.60%,-24.50%,WIN,4.51,2,3.29,60.30%,Saturday,2026-08
2026-08-01,Sydney Taylor,Rebs + Asts,Over,10.5,102,47.60%,-3.80%,WIN,10.6,14,5.1,49.50%,Saturday,2026-08
2026-08-01,Sydney Taylor,Rebs + Asts,Over,7.5,-144,61.60%,6.30%,LOSS,8.11,5,-5,59.00%,Saturday,2026-08
2026-08-01,Sydney Taylor,Rebs + Asts,Under,9.5,108,51.10%,5.80%,LOSS,8.57,17,-5,48.10%,Saturday,2026-08
2026-08-01,Sydney Taylor,Threes,Over,0.5,-225,69.30%,0.10%,WIN,1.48,1,2.22,69.20%,Saturday,2026-08
2026-08-01,Sydney Taylor,Threes,Over,0.5,-270,68.20%,-17.60%,LOSS,1.18,0,-5,73.00%,Saturday,2026-08
2026-08-01,Sydney Taylor,Threes,Over,1.5,-158,61.50%,0.50%,LOSS,2.2,0,-5,61.20%,Saturday,2026-08
2026-08-01,Sydney Taylor,Threes,Under,1.5,-188,65.90%,1.80%,LOSS,1.13,2,-5,65.30%,Saturday,2026-08
2026-08-01,Sydney Taylor,Threes,Under,2.5,-174,64.90%,3.80%,LOSS,1.96,3,-5,63.50%,Saturday,2026-08
2026-08-01,Sydney Taylor,Threes,Over,1.5,-178,64.30%,0.80%,LOSS,2.25,1,-5,64.00%,Saturday,2026-08
2026-08-01,Sydney Taylor,Threes,Under,1.5,-108,58.50%,13.60%,WIN,0.99,0,4.63,51.90%,Saturday,2026-08
2026-08-01,Sydney Taylor,Threes,Under,1.5,148,51.10%,18.10%,LOSS,1.08,2,-5,40.30%,Saturday,2026-08
2026-08-01,Sydney Taylor,Threes,Under,1.5,-220,59.80%,-28.50%,WIN,1.29,0,2.27,68.80%,Saturday,2026-08
2026-08-01,Sydney Taylor,Threes,Under,1.5,-245,62.10%,-30.90%,LOSS,1.41,2,-5,71.00%,Saturday,2026-08
2026-08-01,Sydney Taylor,Threes,Under,1.5,-132,66.20%,21.50%,WIN,0.62,1,3.79,56.90%,Saturday,2026-08
2026-08-01,Sydney Taylor,Threes,Under,2.5,-110,59.50%,14.80%,LOSS,1.85,4,-5,52.40%,Saturday,2026-08
2026-08-01,Tiffany Hayes,Threes,Under,2.5,-210,58.70%,-28.00%,LOSS,2.41,5,-5,67.70%,Saturday,2026-08
2026-08-02,Tiffany Hayes,Assists,Over,2.5,-180,59.00%,-14.70%,WIN,3.33,6,2.78,64.30%,Sunday,2026-08
2026-08-02,Tiffany Hayes,Assists,Under,3.5,-158,56.70%,-11.60%,LOSS,3.4,5,-5,61.20%,Sunday,2026-08
2026-08-02,Tyasha Harris,Assists,Over,8.5,-112,54.10%,2.80%,WIN,9.16,10,4.46,52.80%,Sunday,2026-08
2026-08-02,Tyasha Harris,Assists,Under,6.5,-106,55.40%,8.00%,LOSS,5.42,8,-5,51.50%,Sunday,2026-08
2026-08-02,Tyasha Harris,Assists,Over,3.5,-154,53.10%,-19.20%,LOSS,3.65,2,-5,60.60%,Sunday,2026-08
2026-08-02,Tyasha Harris,Assists,Over,3.5,-158,63.60%,6.10%,WIN,4.98,5,3.16,61.20%,Sunday,2026-08
2026-08-02,Tyasha Harris,Assists,Over,2.5,-174,57.00%,-17.70%,WIN,3.02,4,2.87,63.50%,Sunday,2026-08
2026-08-02,Tyasha Harris,Assists,Under,6.5,-146,60.40%,2.60%,LOSS,5.73,8,-5,59.30%,Sunday,2026-08
2026-08-02,Tyasha Harris,Assists,Over,2.5,122,47.40%,4.20%,LOSS,2.96,1,-5,45.00%,Sunday,2026-08
2026-08-02,Tyasha Harris,Assists,Over,1.5,-114,56.00%,5.80%,WIN,1.02,2,4.39,53.30%,Sunday,2026-08
2026-08-02,Tyasha Harris,Assists,Over,5.5,-136,50.10%,-17.70%,LOSS,5.62,2,-5,57.60%,Sunday,2026-08
2026-08-02,Tyasha Harris,Assists,Under,5.5,-106,53.70%,4.50%,LOSS,5.21,6,-5,51.50%,Sunday,2026-08
2026-08-02,Tyasha Harris,Assists,Over,4.5,-136,49.80%,-18.50%,LOSS,4.53,2,-5,57.60%,Sunday,2026-08
2026-08-02,Tyasha Harris,Assists,Under,3.5,-108,52.60%,1.50%,PUSH,3.44,,0,51.90%,Sunday,2026-08
2026-08-02,Valeriane Ayayi,Assists,Over,3.5,-104,52.70%,3.60%,LOSS,4.02,2,-5,51.00%,Sunday,2026-08
2026-08-02,Valeriane Ayayi,Assists,Under,7.5,-144,60.00%,2.30%,WIN,7.17,6,3.47,59.00%,Sunday,2026-08
2026-08-02,Valeriane Ayayi,Assists,Over,5.5,-158,63.20%,5.00%,LOSS,7.21,4,-5,61.20%,Sunday,2026-08
2026-08-02,Valeriane Ayayi,Assists,Over,2.5,110,49.60%,3.80%,WIN,3.14,4,5.5,47.60%,Sunday,2026-08
2026-08-02,Valeriane Ayayi,Assists,Over,5.5,-158,62.80%,4.10%,WIN,6.95,6,3.16,61.20%,Sunday,2026-08
2026-08-02,Valeriane Ayayi,P+R+A,Over,28.5,-106,52.60%,2.40%,WIN,29.89,30,4.72,51.50%,Sunday,2026-08
2026-08-02,Valeriane Ayayi,P+R+A,Under,17.5,-125,55.70%,0.40%,LOSS,16.59,21,-5,55.60%,Sunday,2026-08
2026-08-02,Valeriane Ayayi,P+R+A,Under,21.5,-106,52.10%,1.40%,LOSS,21.48,25,-5,51.50%,Sunday,2026-08
2026-08-02,Valeriane Ayayi,P+R+A,Over,17.5,-106,56.20%,9.80%,LOSS,21.14,15,-5,51.50%,Sunday,2026-08
2026-08-02,Valeriane Ayayi,P+R+A,Under,19.5,-112,50.80%,-4.20%,LOSS,19.16,36,-5,52.80%,Sunday,2026-08
2026-08-02,Valeriane Ayayi,P+R+A,Under,23.5,-114,58.50%,11.20%,PUSH,19.65,,0,53.30%,Sunday,2026-08
2026-08-02,Valeriane Ayayi,P+R+A,Over,34.5,-106,53.30%,3.80%,LOSS,36.16,30,-5,51.50%,Sunday,2026-08
2026-08-02,Valeriane Ayayi,P+R+A,Under,25.5,-108,60.60%,18.00%,LOSS,20.11,30,-5,51.90%,Sunday,2026-08
2026-08-02,Valeriane Ayayi,P+R+A,Over,14.5,-102,53.80%,6.60%,LOSS,15.11,2,-5,50.50%,Sunday,2026-08
2026-08-02,Valeriane Ayayi,P+R+A,Over,20.5,-128,63.40%,16.70%,WIN,27.15,36,3.91,56.10%,Sunday,2026-08
2026-08-02,Valeriane Ayayi,P+R+A,Under,26.5,-108,49.90%,-4.20%,LOSS,26.29,37,-5,51.90%,Sunday,2026-08
2026-08-02,Veronica Burton,P+R+A,Under,17.5,-102,52.20%,3.50%,WIN,14,12,4.9,50.50%,Sunday,2026-08
2026-08-02,Veronica Burton,P+R+A,Over,18.5,-112,52.20%,-1.40%,WIN,19.26,20,4.46,52.80%,Sunday,2026-08
2026-08-02,Veronica Burton,P+R+A,Over,19.5,-128,60.80%,10.50%,LOSS,24.21,18,-5,56.10%,Sunday,2026-08
2026-08-02,Veronica Burton,P+R+A,Over,18.5,-108,51.90%,0.00%,WIN,19.15,29,4.63,51.90%,Sunday,2026-08
2026-08-02,Veronica Burton,P+R+A,Under,31.5,-108,53.90%,4.00%,WIN,31.17,26,4.63,51.90%,Sunday,2026-08
2026-08-02,Veronica Burton,P+R+A,Over,21.5,-110,57.40%,10.50%,LOSS,24.94,14,-5,52.40%,Sunday,2026-08
2026-08-02,Veronica Burton,P+R+A,Over,15.5,-128,56.60%,1.00%,LOSS,17.88,4,-5,56.10%,Sunday,2026-08
2026-08-02,Veronica Burton,P+R+A,Over,26.5,-122,58.30%,7.50%,WIN,29.74,41,4.1,55.00%,Sunday,2026-08
2026-08-02,Veronica Burton,P+R+A,Under,19.5,-120,50.70%,-8.50%,WIN,19.25,10,4.17,54.50%,Sunday,2026-08
2026-08-02,Veronica Burton,P+R+A,Under,26.5,-114,53.30%,0.00%,PUSH,25.64,,0,53.30%,Sunday,2026-08
2026-08-02,Veronica Burton,P+R+A,Over,29.5,-108,52.90%,2.10%,WIN,31.88,33,4.63,51.90%,Sunday,2026-08
2026-08-02,Veronica Burton,P+R+A,Over,21.5,-110,58.40%,12.60%,WIN,25.61,22,4.55,52.40%,Sunday,2026-08
2026-08-02,Veronica Burton,P+R+A,Over,29.5,-130,51.40%,-11.90%,WIN,31.05,34,3.85,56.50%,Sunday,2026-08
2026-08-02,Veronica Burton,P+R+A,Over,30.5,-112,51.80%,-2.20%,WIN,32.19,38,4.46,52.80%,Sunday,2026-08
2026-08-02,Veronica Burton,P+R+A,Over,31.5,-112,45.90%,-14.80%,LOSS,31.92,13,-5,52.80%,Sunday,2026-08
2026-08-02,Veronica Burton,P+R+A,Under,20.5,-114,53.60%,0.80%,WIN,19.08,18,4.39,53.30%,Sunday,2026-08
2026-08-02,Veronica Burton,P+R+A,Over,22.5,-102,54.20%,7.40%,WIN,24.19,25,4.9,50.50%,Sunday,2026-08
2026-08-02,Veronica Burton,Points,Over,16.5,-110,53.10%,1.60%,LOSS,17.32,15,-5,52.40%,Sunday,2026-08
2026-08-02,Veronica Burton,Points,Under,10.5,-104,53.10%,4.40%,LOSS,9.38,12,-5,51.00%,Sunday,2026-08
2026-08-02,Veronica Burton,Points,Under,15.5,-122,55.80%,1.90%,WIN,14.63,15,4.1,55.00%,Sunday,2026-08
2026-08-02,Veronica Burton,Points,Over,13.5,-104,52.80%,3.60%,LOSS,15.65,12,-5,51.00%,Sunday,2026-08
2026-08-02,Veronica Burton,Points,Under,13.5,-118,55.10%,2.00%,LOSS,12.57,24,-5,54.10%,Sunday,2026-08
2026-08-02,Veronica Burton,Points,Under,14.5,100,55.10%,10.20%,PUSH,11.75,,0,50.00%,Sunday,2026-08
2026-08-02,Veronica Burton,Points,Over,20.5,-130,59.20%,6.10%,LOSS,24.54,19,-5,56.50%,Sunday,2026-08
2026-08-02,Veronica Burton,Points,Under,10.5,100,53.70%,7.40%,WIN,8.82,7,5,50.00%,Sunday,2026-08
2026-08-02,Veronica Burton,Points,Under,16.5,-114,60.30%,15.10%,LOSS,11.93,21,-5,53.30%,Sunday,2026-08
2026-08-02,Veronica Burton,Points,Over,8.5,-118,56.40%,4.90%,LOSS,10.37,7,-5,54.10%,Sunday,2026-08
2026-08-02,Veronica Burton,Points,Over,7.5,-113,53.60%,1.20%,LOSS,8.67,0,-5,53.10%,Sunday,2026-08
2026-08-02,Veronica Burton,Points,Over,12.5,-114,59.90%,14.10%,WIN,18.16,27,4.39,53.30%,Sunday,2026-08
2026-08-02,Veronica Burton,Points,Over,15.5,-135,54.10%,-7.90%,WIN,16.82,23,3.7,57.40%,Sunday,2026-08
2026-08-02,Veronica Burton,Points,Under,9.5,-132,58.30%,3.30%,LOSS,8.1,22,-5,56.90%,Sunday,2026-08
2026-08-02,Veronica Burton,Points,Under,9.5,-118,60.00%,12.90%,WIN,5.71,7,4.24,54.10%,Sunday,2026-08
2026-08-02,Veronica Burton,Points,Over,9.5,-114,54.20%,1.90%,WIN,10.12,12,4.39,53.30%,Sunday,2026-08
2026-08-02,Veronica Burton,Points,Under,8.5,-132,60.70%,8.80%,WIN,5.74,3,3.79,56.90%,Sunday,2026-08
2026-08-02,Veronica Burton,Points,Over,14.5,-110,53.60%,2.70%,WIN,16.48,15,4.55,52.40%,Sunday,2026-08
2026-08-02,Veronica Burton,Points,Over,11.5,-110,51.80%,-1.20%,LOSS,11.87,4,-5,52.40%,Sunday,2026-08
2026-08-02,Veronica Burton,Points,Over,12.5,-113,54.20%,2.50%,WIN,14.98,24,4.42,53.10%,Sunday,2026-08
2026-08-02,Veronica Burton,Points,Over,13.5,-130,54.80%,-3.90%,WIN,14.16,15,3.85,56.50%,Sunday,2026-08
2026-08-02,Veronica Burton,Points,Under,6.5,-120,56.70%,4.80%,LOSS,5.98,11,-5,54.50%,Sunday,2026-08
2026-08-02,Veronica Burton,Points,Over,16.5,-115,58.90%,11.50%,LOSS,21.05,10,-5,53.50%,Sunday,2026-08
2026-08-02,Veronica Burton,Points,Over,8.5,-130,58.60%,4.70%,LOSS,10.8,3,-5,56.50%,Sunday,2026-08
2026-08-02,Veronica Burton,Points,Over,22.5,-110,56.80%,9.30%,WIN,27.5,37,4.55,52.40%,Sunday,2026-08
2026-08-02,Veronica Burton,Points,Over,12.5,102,49.90%,0.80%,LOSS,13.39,7,-5,49.50%,Sunday,2026-08
2026-08-02,Veronica Burton,Points,Under,19.5,-120,55.70%,2.50%,PUSH,18.7,,0,54.50%,Sunday,2026-08
2026-08-02,Veronica Burton,Points,Under,9.5,-132,62.20%,12.30%,WIN,5.29,9,3.79,56.90%,Sunday,2026-08
2026-08-02,Veronica Burton,Points,Over,19.5,-115,54.00%,1.10%,LOSS,22.45,18,-5,53.50%,Sunday,2026-08
2026-08-02,Veronica Burton,Points,Over,12.5,-102,52.90%,4.80%,WIN,14.13,13,4.9,50.50%,Sunday,2026-08
2026-08-02,Veronica Burton,Points,Over,17.5,-108,54.10%,4.50%,WIN,19.34,22,4.63,51.90%,Sunday,2026-08
2026-08-02,Veronica Burton,Points,Over,10.5,-108,52.30%,0.80%,WIN,10.75,19,4.63,51.90%,Sunday,2026-08
2026-08-02,Veronica Burton,Points,Over,18.5,-110,54.70%,4.80%,WIN,21.14,28,4.55,52.40%,Sunday,2026-08
2026-08-02,Veronica Burton,Points,Under,12.5,-102,55.20%,9.50%,WIN,9.44,8,4.9,50.50%,Sunday,2026-08
2026-08-02,Veronica Burton,Points,Under,21.5,-130,57.10%,1.30%,WIN,22.59,6,3.85,56.50%,Sunday,2026-08
2026-08-02,Veronica Burton,Points,Under,15.5,-118,57.50%,7.30%,WIN,12.69,12,4.24,54.10%,Sunday,2026-08
2026-08-02,Veronica Burton,Points,Under,9.5,-132,56.40%,-1.10%,WIN,9.19,3,3.79,56.90%,Sunday,2026-08
2026-08-02,Veronica Burton,Points,Under,12.5,-122,55.60%,1.40%,LOSS,11.91,17,-5,55.00%,Sunday,2026-08
2026-08-02,Veronica Burton,Pts + Asts,Under,13.5,-102,51.20%,1.40%,LOSS,12.68,18,-5,50.50%,Sunday,2026-08
2026-08-02,Veronica Burton,Pts + Asts,Under,18.5,-110,52.60%,0.60%,LOSS,18.24,20,-5,52.40%,Sunday,2026-08
2026-08-02,Veronica Burton,Pts + Asts,Over,29.5,-130,57.40%,1.90%,LOSS,31.6,29,-5,56.50%,Sunday,2026-08
2026-08-02,Veronica Burton,Pts + Asts,Under,23.5,-118,61.00%,15.00%,LOSS,16.55,29,-5,54.10%,Sunday,2026-08
2026-08-02,Veronica Burton,Pts + Asts,Over,11.5,-118,55.30%,2.60%,LOSS,12.31,2,-5,54.10%,Sunday,2026-08
2026-08-02,Veronica Burton,Pts + Asts,Over,16.5,-118,59.70%,12.20%,WIN,22.45,32,4.24,54.10%,Sunday,2026-08
2026-08-02,Veronica Burton,Pts + Asts,Under,19.5,-120,54.30%,-0.50%,LOSS,19.04,27,-5,54.50%,Sunday,2026-08
2026-08-02,Veronica Burton,Pts + Asts,Over,16.5,100,46.70%,-6.50%,WIN,16.7,20,5,50.00%,Sunday,2026-08
2026-08-02,Veronica Burton,Pts + Asts,Over,16.5,-125,57.90%,5.20%,LOSS,19.66,16,-5,55.60%,Sunday,2026-08
2026-08-02,Veronica Burton,Pts + Asts,Over,14.5,-106,51.00%,-1.00%,WIN,14.93,26,4.72,51.50%,Sunday,2026-08
2026-08-02,Veronica Burton,Pts + Asts,Over,19.5,-130,54.50%,-4.70%,LOSS,20.16,17,-5,56.50%,Sunday,2026-08
2026-08-02,Veronica Burton,Pts + Asts,Under,12.5,-118,46.90%,-15.80%,LOSS,10.35,17,-5,54.10%,Sunday,2026-08
2026-08-02,Veronica Burton,Pts + Asts,Over,16.5,-132,49.90%,-16.30%,LOSS,17.2,9,-5,56.90%,Sunday,2026-08
2026-08-02,Veronica Burton,Pts + Asts,Under,23.5,-128,56.50%,0.90%,PUSH,22.43,,0,56.10%,Sunday,2026-08
2026-08-02,Veronica Burton,Pts + Asts,Over,20.5,-130,58.10%,3.70%,WIN,23.36,24,3.85,56.50%,Sunday,2026-08
2026-08-02,Veronica Burton,Pts + Asts,Over,25.5,-125,57.20%,3.80%,WIN,28.22,34,4,55.60%,Sunday,2026-08
2026-08-02,Veronica Burton,Pts + Asts,Over,27.5,-104,51.10%,0.20%,LOSS,27.76,10,-5,51.00%,Sunday,2026-08
2026-08-02,Veronica Burton,Pts + Asts,Under,17.5,-102,53.60%,6.30%,WIN,15.08,16,4.9,50.50%,Sunday,2026-08
2026-08-02,Veronica Burton,Pts + Asts,Over,18.5,-114,53.30%,0.10%,WIN,19.13,23,4.39,53.30%,Sunday,2026-08
2026-08-02,Veronica Burton,Pts + Rebs,Over,25.5,-106,46.40%,-10.40%,LOSS,25.71,23,-5,51.50%,Sunday,2026-08
2026-08-02,Veronica Burton,Pts + Rebs,Under,14.5,-136,57.70%,0.10%,LOSS,11.99,15,-5,57.60%,Sunday,2026-08
2026-08-02,Veronica Burton,Pts + Rebs,Under,18.5,-118,49.50%,-10.00%,LOSS,18.42,20,-5,54.10%,Sunday,2026-08
2026-08-02,Veronica Burton,Pts + Rebs,Under,17.5,-130,55.50%,-2.30%,LOSS,16.56,35,-5,56.50%,Sunday,2026-08
2026-08-02,Veronica Burton,Pts + Rebs,Under,20.5,-112,56.70%,8.20%,PUSH,17.08,,0,52.80%,Sunday,2026-08
2026-08-02,Veronica Burton,Pts + Rebs,Over,25.5,-106,53.70%,4.70%,LOSS,27.29,20,-5,51.50%,Sunday,2026-08
2026-08-02,Veronica Burton,Pts + Rebs,Under,16.5,-108,55.10%,6.60%,WIN,12.94,12,4.63,51.90%,Sunday,2026-08
2026-08-02,Veronica Burton,Pts + Rebs,Over,16.5,-125,60.60%,11.30%,WIN,22.72,31,4,55.60%,Sunday,2026-08
2026-08-02,Veronica Burton,Pts + Rebs,Under,23.5,-114,53.50%,0.40%,LOSS,22.84,33,-5,53.30%,Sunday,2026-08
2026-08-02,Veronica Burton,Pts + Rebs,Under,15.5,-132,60.40%,8.00%,WIN,11.42,10,3.79,56.90%,Sunday,2026-08
2026-08-02,Veronica Burton,Pts + Rebs,Over,11.5,-132,59.50%,6.00%,WIN,14.18,12,3.79,56.90%,Sunday,2026-08
2026-08-02,Veronica Burton,Pts + Rebs,Under,11.5,-132,57.20%,0.80%,WIN,7.69,3,3.79,56.90%,Sunday,2026-08
2026-08-02,Veronica Burton,Pts + Rebs,Over,17.5,-112,54.40%,3.40%,LOSS,20.19,17,-5,52.80%,Sunday,2026-08
2026-08-02,Veronica Burton,Pts + Rebs,Under,17.5,-112,53.50%,1.30%,WIN,16.52,6,4.46,52.80%,Sunday,2026-08
2026-08-02,Veronica Burton,Pts + Rebs,Over,16.5,-114,55.80%,5.50%,WIN,18.46,27,4.39,53.30%,Sunday,2026-08
2026-08-02,Veronica Burton,Pts + Rebs,Over,25.5,-125,56.20%,1.50%,LOSS,26.72,24,-5,55.60%,Sunday,2026-08
2026-08-02,Veronica Burton,Pts + Rebs,Over,14.5,-106,53.00%,3.30%,LOSS,16.38,4,-5,51.50%,Sunday,2026-08
2026-08-02,Veronica Burton,Pts + Rebs,Under,22.5,-112,51.20%,-3.40%,PUSH,22.12,,0,52.80%,Sunday,2026-08
2026-08-02,Veronica Burton,Pts + Rebs,Under,15.5,-132,60.40%,8.00%,WIN,11.16,12,3.79,56.90%,Sunday,2026-08
2026-08-02,Veronica Burton,Pts + Rebs,Over,26.5,-125,56.70%,2.60%,LOSS,29.8,26,-5,55.60%,Sunday,2026-08
2026-08-02,Veronica Burton,Pts + Rebs,Over,18.5,-112,55.50%,5.60%,LOSS,21.81,17,-5,52.80%,Sunday,2026-08
2026-08-02,Veronica Burton,Pts + Rebs,Over,26.5,-117,54.10%,0.40%,WIN,27.27,32,4.27,53.90%,Sunday,2026-08
2026-08-02,Veronica Burton,Pts + Rebs,Over,14.5,-123,55.80%,1.40%,WIN,14.97,27,4.07,55.20%,Sunday,2026-08
2026-08-02,Veronica Burton,Pts + Rebs,Over,22.5,-125,58.30%,6.20%,WIN,26,32,4,55.60%,Sunday,2026-08
2026-08-02,Veronica Burton,Pts + Rebs,Under,20.5,-117,59.90%,13.00%,WIN,14.96,19,4.27,53.90%,Sunday,2026-08
2026-08-02,Veronica Burton,Pts + Rebs,Over,25.5,-106,51.80%,0.80%,LOSS,26.22,9,-5,51.50%,Sunday,2026-08
2026-08-02,Veronica Burton,Pts + Rebs,Under,17.5,-102,52.10%,3.20%,WIN,15.23,14,4.9,50.50%,Sunday,2026-08
2026-08-02,Veronica Burton,Pts + Rebs,Over,15.5,-130,54.20%,-5.50%,WIN,16.79,19,3.85,56.50%,Sunday,2026-08
2026-08-02,Veronica Burton,Rebounds,Under,8.5,-118,56.20%,4.50%,WIN,7.84,8,4.24,54.10%,Sunday,2026-08
2026-08-02,Veronica Burton,Rebounds,Under,3.5,-172,61.70%,-4.30%,WIN,3.07,3,2.91,63.20%,Sunday,2026-08
2026-08-02,Veronica Burton,Rebounds,Over,2.5,-174,57.90%,-15.50%,WIN,2.94,5,2.87,63.50%,Sunday,2026-08
2026-08-02,Veronica Burton,Rebounds,Over,3.5,-114,53.30%,0.10%,WIN,3.85,11,4.39,53.30%,Sunday,2026-08
2026-08-02,Veronica Burton,Rebounds,Under,5.5,-136,58.10%,1.10%,PUSH,5.05,,0,57.60%,Sunday,2026-08
2026-08-02,Veronica Burton,Rebounds,Under,4.5,-180,62.30%,-5.40%,WIN,3.91,1,2.78,64.30%,Sunday,2026-08
2026-08-02,Veronica Burton,Rebounds,Under,5.5,-118,57.20%,6.60%,WIN,4.53,5,4.24,54.10%,Sunday,2026-08
2026-08-02,Veronica Burton,Rebounds,Over,4.5,122,49.20%,7.60%,LOSS,5.42,4,-5,45.00%,Sunday,2026-08
2026-08-02,Veronica Burton,Rebounds,Under,7.5,-152,63.10%,6.90%,LOSS,6.19,10,-5,60.30%,Sunday,2026-08
2026-08-02,Veronica Burton,Rebounds,Under,5.5,-125,58.50%,6.60%,WIN,4.47,3,4,55.60%,Sunday,2026-08
2026-08-02,Veronica Burton,Rebounds,Under,2.5,-154,52.80%,-19.90%,WIN,2.5,0,3.25,60.60%,Sunday,2026-08
2026-08-02,Veronica Burton,Rebounds,Over,2.5,-154,63.00%,6.10%,LOSS,3.95,2,-5,60.60%,Sunday,2026-08
2026-08-02,Veronica Burton,Rebounds,Under,5.5,108,51.30%,6.20%,WIN,4.8,2,5.4,48.10%,Sunday,2026-08
2026-08-02,Veronica Burton,Rebounds,Over,3.5,-158,57.00%,-10.90%,LOSS,4.28,3,-5,61.20%,Sunday,2026-08
2026-08-02,Veronica Burton,Rebounds,Over,11.5,-136,58.10%,1.20%,LOSS,12.52,9,-5,57.60%,Sunday,2026-08
2026-08-02,Veronica Burton,Rebounds,Over,4.5,-152,52.60%,-19.60%,LOSS,4.69,1,-5,60.30%,Sunday,2026-08
2026-08-02,Veronica Burton,Rebounds,Under,3.5,-138,59.00%,2.50%,PUSH,2.84,,0,58.00%,Sunday,2026-08
2026-08-02,Veronica Burton,Rebounds,Under,5.5,102,52.30%,5.60%,WIN,4.83,3,5.1,49.50%,Sunday,2026-08
2026-08-02,Veronica Burton,Rebounds,Under,7.5,-160,61.40%,-0.30%,LOSS,6.7,8,-5,61.50%,Sunday,2026-08
2026-08-02,Veronica Burton,Rebounds,Over,6.5,118,49.20%,6.10%,LOSS,7.52,4,-5,45.90%,Sunday,2026-08
2026-08-02,Veronica Burton,Rebounds,Under,8.5,-104,52.20%,2.60%,LOSS,8.23,10,-5,51.00%,Sunday,2026-08
2026-08-02,Veronica Burton,Rebounds,Under,4.5,-125,58.30%,6.20%,LOSS,3.62,8,-5,55.60%,Sunday,2026-08
2026-08-02,Veronica Burton,Rebounds,Over,4.5,108,49.20%,2.20%,LOSS,4.92,4,-5,48.10%,Sunday,2026-08
2026-08-02,Veronica Burton,Rebounds,Under,7.5,-102,56.50%,12.20%,LOSS,5.51,11,-5,50.50%,Sunday,2026-08
2026-08-02,Veronica Burton,Rebounds,Under,4.5,-172,59.00%,-11.50%,WIN,4.37,3,2.91,63.20%,Sunday,2026-08
2026-08-02,Veronica Burton,Rebounds,Over,2.5,-108,53.00%,2.30%,LOSS,2.87,2,-5,51.90%,Sunday,2026-08
2026-08-02,Veronica Burton,Rebounds,Over,3.5,100,51.30%,2.70%,LOSS,4.04,2,-5,50.00%,Sunday,2026-08
2026-08-02,Veronica Burton,Rebs + Asts,Under,6.5,-138,48.90%,-21.60%,LOSS,6.28,9,-5,58.00%,Sunday,2026-08
2026-08-02,Veronica Burton,Rebs + Asts,Over,6.5,103,51.30%,3.90%,WIN,6.56,10,5.15,49.30%,Sunday,2026-08
2026-08-02,Veronica Burton,Rebs + Asts,Over,12.5,-130,49.40%,-16.30%,LOSS,12.68,11,-5,56.50%,Sunday,2026-08
2026-08-02,Veronica Burton,Rebs + Asts,Over,8.5,110,53.00%,10.20%,WIN,10.27,9,5.5,47.60%,Sunday,2026-08
2026-08-02,Veronica Burton,Rebs + Asts,Under,10.5,-130,60.70%,9.60%,LOSS,9.41,14,-5,56.50%,Sunday,2026-08
2026-08-02,Veronica Burton,Rebs + Asts,Under,8.5,-112,55.40%,5.50%,WIN,7.4,8,4.46,52.80%,Sunday,2026-08
2026-08-02,Veronica Burton,Rebs + Asts,Over,5.5,110,53.00%,10.20%,LOSS,6.18,3,-5,47.60%,Sunday,2026-08
2026-08-02,Veronica Burton,Rebs + Asts,Over,5.5,-118,57.70%,7.80%,LOSS,5.48,5,-5,54.10%,Sunday,2026-08
2026-08-02,Veronica Burton,Rebs + Asts,Under,17.5,-108,53.10%,2.40%,WIN,16.79,11,4.63,51.90%,Sunday,2026-08
2026-08-02,Veronica Burton,Rebs + Asts,Under,7.5,-152,59.20%,-2.90%,PUSH,6.56,,0,60.30%,Sunday,2026-08
2026-08-02,Veronica Burton,Rebs + Asts,Under,12.5,-122,56.60%,3.70%,WIN,11.59,12,4.1,55.00%,Sunday,2026-08
2026-08-02,Veronica Burton,Rebs + Asts,Under,11.5,-112,54.40%,3.20%,WIN,10.85,10,4.46,52.80%,Sunday,2026-08
2026-08-02,Veronica Burton,Rebs + Asts,Over,10.5,106,49.50%,1.90%,LOSS,10.93,7,-5,48.50%,Sunday,2026-08
2026-08-02,Veronica Burton,Rebs + Asts,Over,4.5,-158,65.30%,10.50%,WIN,5.57,6,3.16,61.20%,Sunday,2026-08
2026-08-02,Veronica Burton,Rebs + Asts,Over,9.5,-112,56.20%,7.20%,LOSS,10.91,8,-5,52.80%,Sunday,2026-08
2026-08-02,Veronica Burton,Threes,Under,1.5,-166,57.70%,-12.60%,LOSS,1.34,4,-5,62.40%,Sunday,2026-08
2026-08-02,Veronica Burton,Threes,Over,1.5,-138,54.10%,-9.40%,LOSS,1.77,1,-5,58.00%,Sunday,2026-08
2026-08-02,Veronica Burton,Threes,Over,2.5,140,44.00%,4.00%,WIN,2.5,4,7,41.70%,Sunday,2026-08
2026-08-02,Veronica Burton,Threes,Over,2.5,-102,50.80%,0.60%,WIN,2.75,7,4.9,50.50%,Sunday,2026-08
2026-08-02,Veronica Burton,Threes,Over,2.5,-130,53.20%,-7.70%,LOSS,2.99,2,-5,56.50%,Sunday,2026-08
2026-08-02,Veronica Burton,Threes,Over,1.5,138,49.50%,12.90%,LOSS,1.95,1,-5,42.00%,Sunday,2026-08
2026-08-02,Veronica Burton,Threes,Under,1.5,-200,72.00%,16.10%,WIN,0.45,1,2.5,66.70%,Sunday,2026-08
2026-08-02,Veronica Burton,Threes,Over,1.5,148,48.60%,13.90%,WIN,1.96,2,7.4,40.30%,Sunday,2026-08
2026-08-02,Veronica Burton,Threes,Under,1.5,-186,71.10%,17.20%,WIN,0.61,1,2.69,65.00%,Sunday,2026-08
2026-08-02,Veronica Burton,Threes,Over,1.5,-114,56.50%,6.90%,WIN,2.06,3,4.39,53.30%,Sunday,2026-08
2026-08-02,Veronica Burton,Threes,Over,2.5,148,46.10%,9.60%,WIN,3.22,4,7.4,40.30%,Sunday,2026-08
2026-08-02,Veronica Burton,Threes,Over,2.5,-146,53.90%,-13.50%,LOSS,3.1,2,-5,59.30%,Sunday,2026-08
2026-08-02,Veronica Burton,Threes,Over,1.5,-130,63.60%,16.40%,LOSS,2.48,1,-5,56.50%,Sunday,2026-08
2026-08-02,Veronica Burton,Threes,Over,2.5,-166,67.00%,12.10%,WIN,3.53,6,3.01,62.40%,Sunday,2026-08
2026-08-02,Veronica Burton,Threes,Over,2.5,-148,52.90%,-16.80%,PUSH,2.94,,0,59.70%,Sunday,2026-08
2026-08-02,Veronica Burton,Threes,Over,1.5,138,49.80%,13.40%,WIN,1.98,3,6.9,42.00%,Sunday,2026-08
2026-08-02,Veronica Burton,Threes,Over,1.5,-108,53.90%,4.10%,WIN,1.83,3,4.63,51.90%,Sunday,2026-08
2026-08-02,Veronica Burton,Threes,Over,1.5,138,52.60%,18.30%,WIN,2.32,3,6.9,42.00%,Sunday,2026-08
2026-08-02,Veronica Burton,Threes,Over,1.5,100,55.90%,11.80%,LOSS,2.26,0,-5,50.00%,Sunday,2026-08
2026-08-02,Veronica Burton,Threes,Under,1.5,-122,57.30%,5.30%,LOSS,1.21,2,-5,55.00%,Sunday,2026-08
2026-08-02,Veronica Burton,Threes,Over,1.5,-132,49.90%,-16.40%,LOSS,1.67,1,-5,56.90%,Sunday,2026-08
2026-08-02,Zia Cooke,Threes,Over,1.5,138,46.10%,7.10%,WIN,1.73,3,6.9,42.00%,Sunday,2026-08